Name,Sex,Event,Equipment,Age,AgeClass,BirthYearClass,Division,BodyweightKg,WeightClassKg,Squat1Kg,Squat2Kg,Squat3Kg,Squat4Kg,Best3SquatKg,Bench1Kg,Bench2Kg,Bench3Kg,Bench4Kg,Best3BenchKg,Deadlift1Kg,Deadlift2Kg,Deadlift3Kg,Deadlift4Kg,Best3DeadliftKg,TotalKg,Place,Dots,Wilks,Glossbrenner,Goodlift,Tested,Country,State,Federation,ParentFederation,Date,MeetCountry,MeetState,MeetTown,MeetName,Sanctioned
Stanislav Fedoseev,M,SBD,Raw,17.5,18-19,14-18,Sub-Juniors,46.85,48,,,,,80.0,,,,,57.5,,,,,110.0,247.5,2,263.04,272.3,269.6,46.36,Yes,,,FPR,IPF,2015-11-21,Russia,IRK,Irkutsk,Irkutsk Oblast Juniors & Sub-Juniors Powerlifting Championships,Yes
Anastasiya Sled,F,SBD,Raw,29.0,24-34,24-39,Open,56.88,57,,,,,125.0,,,,,90.0,,,,,150.0,365.0,1,418.76,424.24,375.15,85.75,Yes,Russia,,FPR,IPF,2014-12-03,Russia,MOW,Moscow,Central District & Moscow Powerlifting Championships,Yes
Ilse Cretskens,F,SBD,Raw,44.0,40-44,40-49,Masters 1,121.3,84+,90.0,100.0,110.0,,110.0,55.0,60.0,-65.0,,60.0,120.0,-130.0,130.0,,130.0,300.0,1,239.99,239.44,202.76,51.33,Yes,Belgium,,KBGV,IPF,2025-04-26,Belgium,,Izegem,Belgisch Kampioenschap - Championnats de Belgique - Powerlifting - Classic - Sub-Junior & Master,Yes
Louis Zamora,M,SBD,Single-ply,,,,Class 2,75.0,75,,,,,185.0,,,,,137.5,,,,,227.5,550.0,1,394.58,391.91,378.68,67.57,,,,USPF,IPF,1990-02-03,USA,TX,San Antonio,Alamo Classic,Yes
Zach Dichard,M,SBD,Raw,22.5,20-23,19-23,MR-Jr,82.6,83,185.0,197.5,202.5,,202.5,105.0,112.5,-117.5,,112.5,200.0,212.5,-217.5,,212.5,527.5,1,357.08,353.12,339.75,73.2,Yes,USA,VT,USAPL,IPF,2019-04-13,USA,NY,,Spring Break Throwdown II,Yes
Václav Petrmichl,M,SBD,Raw,25.5,24-34,24-39,Open,82.5,83,,,,,185.0,,,,,120.0,,,,,247.5,552.5,3,374.26,370.12,356.13,76.71,Yes,Czechia,,CSST,IPF,2015-01-17,Czechia,,Frýdlant,Mistrovství ČR v Klasickém Silovém Trojboji Mužů a Žen,Yes
Stina Seppänen,F,SBD,Raw,22.5,20-23,19-23,Under 23,69.62,72,110.0,115.0,-120.0,,115.0,72.5,-77.5,77.5,,77.5,125.0,135.0,142.5,,142.5,335.0,1,339.81,334.53,294.92,69.06,Yes,Finland,,SVNL,IPF,2016-04-17,Finland,,Helsinki,Kansallinen klassinen voimanosto,Yes
Beatriz Cano Torres,F,B,Raw,56.5,55-59,50-59,M2,46.75,47,,,,,,50.0,55.0,-57.5,,55.0,,,,,,55.0,1,72.37,74.25,66.22,58.65,Yes,Spain,,AEP,IPF,2018-01-20,Spain,,Esplugues de Llobregat,Open de Powerlifting de Cataluña,Yes
Jonathan Peebles,M,SBD,Raw,26.5,24-34,24-39,MR-O,83.0,83,,,,,265.0,,,,,182.5,,,,,280.0,727.5,1,491.13,485.61,467.12,100.71,Yes,,,USAPL,IPF,2015-03-21,USA,NC,,Battle on the Border IX,Yes
Maksim Shashkin,M,SBD,Single-ply,24.5,24-34,24-39,Open,74.9,75,,,,,272.5,,,,,160.0,,,,,260.0,692.5,2,497.24,493.91,477.26,85.15,Yes,,,FPR,IPF,2008-01-18,Russia,MOW,Moscow,Moscow City Powerlifting Championships,Yes
D. Phillips,M,SBD,Single-ply,,5-12,,Junior,60.0,60,,,,,102.06,,,,,99.79,,,,,165.56,367.41,1,310.11,313.35,305.99,52.8,,,,USPF,IPF,1980-03-22,USA,CA,Soquel,California State Juniors,Yes
Trygg Mostad,M,SBD,Raw,,,19-23,Juniors 19-23,81.8,83,157.5,165.0,-170.0,,165.0,97.5,107.5,-112.5,,107.5,185.0,200.0,205.0,,205.0,477.5,10,325.03,321.53,309.49,66.59,Yes,,,NSF,IPF,2024-04-11,Norway,,Laksevåg,Odin SK NM styrkeløft utstyrsfritt ungdom-junior,Yes
Alec Sime,M,SBD,Raw,25.5,24-34,24-39,MR-O,113.4,120,210.0,220.0,-232.5,,220.0,-145.0,145.0,155.0,,155.0,250.0,267.5,-277.5,,267.5,642.5,3,376.29,374.75,358.54,76.58,Yes,USA,WI,USAPL,IPF,2017-06-10,USA,WI,,Badger Open,Yes
Sarah Petchell,F,SBD,Raw,37.0,35-39,24-39,Open,71.75,72,137.5,142.5,-145.0,,142.5,77.5,80.0,82.5,,82.5,160.0,170.0,175.0,,175.0,400.0,1,399.0,391.32,344.73,81.14,Yes,Australia,,PA,IPF,2016-03-05,Australia,QLD,Townsville,North Queensland Open,Yes
Ilya Sherstnev,M,SBD,Single-ply,15.0,13-15,14-18,Sub-Juniors,111.75,120,,,,,320.0,,,,,215.0,,,,,250.0,785.0,1,462.21,459.79,439.67,78.08,Yes,Russia,,FPR,IPF,2019-01-29,Russia,MOW,Moscow,Russian Powerlifting Championships,Yes
Alberto Vega Rodríguez,M,SBD,Raw,37.5,35-39,24-39,Open,80.55,83,165.0,175.0,180.0,,180.0,100.0,110.0,115.0,,115.0,195.0,207.5,217.5,,217.5,512.5,29,351.97,348.38,335.58,72.03,Yes,,,AEP,IPF,2023-06-30,Spain,,Malaga,I Copa Andaluza Project Energy,Yes
Terry Butler,M,SBD,Single-ply,30.0,24-34,24-39,M-O,80.65,82.5,,,,,299.37,,,,,192.78,,,,,247.21,739.36,1,507.41,502.21,483.72,86.84,Yes,USA,NY,USAPL,IPF,2008-11-22,USA,MA,Abington,States Open Championships,Yes
Konstantin Speshilov,M,B,Single-ply,24.5,24-34,24-39,Open,56.36,59,,,,,,-132.5,137.5,140.0,,140.0,,,,,,140.0,6,124.6,126.66,124.13,73.19,Yes,Russia,,FPR,IPF,2019-02-20,Russia,SVE,Yekaterinburg,Russian Bench Press Championships,Yes
Mislav Mihelić,M,SBD,Raw,25.5,24-34,24-39,Open,57.8,59,75.0,85.0,95.0,,95.0,45.0,-55.0,-55.0,,45.0,125.0,135.0,147.5,,147.5,287.5,1,250.37,253.87,248.44,48.1,Yes,,,HPLS,IPF,2016-06-25,Croatia,,Đurđevac,Ultimate kup u Powerliftingu i Bench pressu,Yes
D. Lanzoni,M,SBD,Single-ply,,,,Open,75.0,75,,,,,160.0,,,,,107.5,,,,,142.5,410.0,4,294.14,292.15,282.29,50.37,,,,USPF,IPF,1981-04-11,USA,KS,Ft. Leavenworth,Region VIII,Yes
Matt Kiley,M,SBD,Raw,36.5,35-39,24-39,Open,92.42,93,165.0,187.5,195.0,,195.0,122.5,132.5,140.0,,140.0,190.0,212.5,-227.5,,212.5,547.5,5,349.4,344.96,330.25,71.84,Yes,USA,,NAPF,IPF,2016-08-15,US Virgin Islands,,St Croix,North American Powerlifting Championships,Yes
Aleksandr Savelkin,M,B,Single-ply,15.5,16-17,14-18,Open,75.9,82.5,,,,,,100.0,-105.0,110.0,,110.0,,,,,,110.0,4,78.32,77.74,75.08,41.93,Yes,,,FPR,IPF,2004-06-05,Russia,BRY,Bryansk,Bryansk Bench Press Championships,Yes
John Hansel,M,SBD,Single-ply,,,,Open,110.0,110,,,,,170.0,,,,,137.5,,,,,215.0,522.5,5,309.46,307.49,293.88,52.32,,,,USPF,IPF,1980-08-23,USA,VA,Newport News,Atlantic Coast Open & Novice,Yes
Roman Varnavskiy,M,B,Single-ply,18.5,18-19,19-23,Open,72.3,75,,,,,,-155.0,-155.0,-155.0,,,,,,,,,DQ,,,,,Yes,,,FPR,IPF,2008-05-14,Russia,VLA,Vladimir,Russian Students Bench Press Championships,Yes
Fred Cline,M,SBD,Single-ply,,,,Open,90.0,90,,,,,226.8,,,,,147.42,,,,,231.33,605.55,3,391.55,386.58,370.5,66.82,,,,USPF,IPF,1983-01-22,USA,PA,Huntingdon,Huntingdon Open,Yes
D. Harper,M,SBD,Single-ply,,20-23,19-23,Teen,90.0,90,,,,,147.5,,,,,97.5,,,,,170.0,415.0,3,268.34,264.93,253.91,45.79,,,,USPF,IPF,1991-03-24,USA,WV,Morgantown,West Virginia Championships,Yes
Clive Henry,M,SBD,Single-ply,40.5,40-44,40-49,M1,124.15,125,370.0,400.0,,,400.0,250.0,-260.0,260.0,,260.0,300.0,320.0,-340.0,,320.0,980.0,1,556.62,559.23,535.45,93.51,Yes,England,WM,BAWLA,IPF,2007-03-31,UK,,Birmingham,British Masters Championships,Yes
Mykolay Arsenyuk,M,SBD,Single-ply,21.5,20-23,19-23,Juniors,101.6,105,,,,,310.0,,,,,227.5,,,,,305.0,842.5,1,515.06,509.56,486.59,87.44,Yes,Ukraine,,UkrainePF,IPF,2015-01-03,Ukraine,,Kramatorsk,Donetsk Powerlifting Championships,Yes
Joel Hudson,M,SBD,Raw,39.0,35-39,24-39,Open,85.8,93,180.0,192.5,-200.0,,192.5,100.0,107.5,-112.5,,107.5,190.0,202.5,210.0,,210.0,510.0,1,338.07,333.99,320.78,69.43,Yes,,,APU,IPF,2018-03-03,Australia,NSW,Cardiff,Bristow Open,Yes
Lavish Lather,M,SBD,Raw,17.5,18-19,14-18,Sub-Juniors,106.7,120,,,,,180.0,,,,,110.0,,,,,190.0,480.0,3,287.64,285.25,272.44,58.82,Yes,,,PI,IPF,2024-06-06,India,,Sri Ganganagar,National Sub Junior & Junior Classic Powerlifting Championship,Yes
Jacqui Cowley,F,SBD,Single-ply,,,,Open,75.0,75,,,,,,,,,,,,,,,,,DQ,,,,,Yes,,,NZPF,IPF,1999-05-29,New Zealand,CAN,Christchurch,South Island Powerlifting Championships,Yes
Simon Bråthe Johansen,M,SBD,Single-ply,20.5,20-23,19-23,Juniors 19-23,73.31,74,240.0,-252.5,-252.5,,240.0,132.5,137.5,-142.5,,137.5,220.0,-240.0,240.0,,240.0,617.5,1,449.6,447.16,432.48,76.99,Yes,Norway,,NSF,IPF,2015-11-19,Norway,,Lurahallen,NM Styrkeløft Ungdom / Junior / Veteran,Yes
Sergey Lizogubenko,M,B,Raw,53.5,50-54,50-59,Masters 2,71.1,74,,,,,,90.0,-95.0,100.0,,100.0,,,,,,100.0,1,74.32,74.06,71.72,54.48,Yes,,,FPR,IPF,2018-09-30,Russia,NVS,Koltsovo,Koltsovo Sub-Juniors & Masters Bench Press Championships,Yes
Karen Toral Vega,F,SBD,Raw,39.0,35-39,40-49,Open,74.8,76,145.0,155.0,-162.5,,155.0,82.5,-87.5,-87.5,,82.5,150.0,160.0,167.5,,167.5,405.0,2,395.02,385.65,339.28,80.46,Yes,,,FEMEPO,IPF,2024-03-15,Mexico,,,Campeonato Nacional Open,Yes
Elena Petrunina,F,SBD,Single-ply,22.5,20-23,19-23,Juniors,55.4,56,170.0,177.5,182.5,,182.5,92.5,97.5,-100.0,,97.5,165.0,172.5,-180.0,,172.5,452.5,2,528.27,536.93,475.05,88.33,Yes,Russia,,IPF,IPF,1999-10-05,Czechia,,Nymburk,World Juniors Powerlifting Championships,Yes
Roman Mitrokhin,M,SBD,Raw,42.0,40-44,40-49,Open,79.2,83,,,,,195.0,,,,,155.0,,,,,235.0,585.0,2,405.8,401.94,387.45,82.93,Yes,Russia,,FPR,IPF,2019-04-19,Russia,TUL,Tula,Tula Oblast Classic Powerlifting Championships,Yes
Tomasz Jarosiewicz,M,SBD,Single-ply,20.5,20-23,19-23,Juniors,67.1,67.5,220.0,-230.0,-230.0,,220.0,132.5,140.0,-150.0,,140.0,230.0,-240.0,240.0,,240.0,600.0,7,464.45,464.82,451.32,79.43,Yes,Poland,,IPF,IPF,2003-09-09,Poland,,Koscian,World Juniors Powerlifting Championships,Yes
Ethan Moody Humphrey,M,SBD,Raw,21.0,20-23,19-23,Junior,87.6,93,170.0,-180.0,180.0,,180.0,102.5,107.5,115.0,,115.0,165.0,-172.5,-172.5,,165.0,460.0,6,301.59,297.84,285.79,61.98,Yes,,,APU,IPF,2023-11-18,Australia,QLD,,QLD State Classic Powerlifting and Bench Press Championships,Yes
Andrey Shevnin,M,B,Single-ply,14.5,13-15,14-18,Juniors,64.7,66,,,,,,80.0,87.5,92.5,,92.5,,,,,,92.5,4,73.56,73.84,71.82,40.98,Yes,Russia,,FPR,IPF,2015-01-23,Russia,YAN,Noyabrsk,Yamal-Nenets Autonomous Okrug Bench Press Championships,Yes
Nicole Latham,F,SBD,Raw,21.0,20-23,19-23,FR-O,74.7,76,105.0,112.5,-120.0,,112.5,60.0,-65.0,-65.0,,60.0,125.0,140.0,152.5,,152.5,325.0,7,317.21,309.74,272.5,64.61,Yes,England,,EPA,IPF,2022-11-05,UK,,York,YNE November Open,Yes
Pavel Novokshonov,M,B,Single-ply,20.5,20-23,19-23,Open,80.15,83,,,,,,-165.0,-165.0,165.0,,165.0,,,,,,165.0,3,113.65,112.51,108.4,60.25,Yes,,,FPR,IPF,2014-05-09,Russia,NIZ,Nizhny Novgorod,Russian Universities Bench Press Championships,Yes
Elke Erbs,F,SBD,Single-ply,32.0,24-34,24-39,Open,67.15,72,185.0,200.0,,,200.0,90.0,95.0,-100.0,,95.0,170.0,182.5,190.0,,190.0,485.0,2,502.22,496.85,438.33,84.56,Yes,Germany,,BVDK,IPF,2017-04-08,Germany,,Potsdam- Barth- Randersacker- Darmstadt,3. Runde Bundesliga Kraftdreikampf,Yes
Greg Estepp,M,SBD,Single-ply,,,,Below Class II,100.0,100,,,,,205.0,,,,,135.0,,,,,272.5,612.5,4,377.0,372.76,356.03,64.05,,,,USPF,IPF,1984-05-26,USA,WV,Parkersburg,Parkersburg Open,Yes
Aleksandr Klochikhin,M,SBD,Single-ply,38.0,35-39,24-39,Open,82.65,83,,,,,-265.0,,,,,,,,,,,,DQ,,,,,Yes,Russia,,FPR,IPF,2015-11-25,Russia,MOW,Moscow,Moscow City Powerlifting Championships,Yes
Roaa Alrehaili,F,SBD,Raw,32.0,24-34,24-39,Open,69.0,69,110.0,117.5,125.0,,125.0,65.0,70.0,-72.5,,70.0,115.0,127.5,-132.5,,127.5,322.5,2,328.79,324.06,285.75,66.81,Yes,,,SSSC,IPF,2022-10-13,Saudi Arabia,,Riyadh,The Kingdom Classic Powerlifting Championships,Yes
Jørgen Andreas Hansen,M,B,Single-ply,16.5,16-17,14-18,Teen 14-18,88.6,90,,,,,,,,,,90.0,,,,,,90.0,1,58.66,57.92,55.55,30.66,Yes,Norway,,NSF,IPF,2003-08-06,Norway,,,Benkstevne,Yes
Evgeniy Ponomarev,M,SBD,Single-ply,17.5,18-19,14-18,Sub-Juniors,79.75,82.5,,,,,215.0,,,,,120.0,,,,,215.0,550.0,7,379.95,376.23,362.56,65.04,Yes,,,FPR,IPF,2007-05-01,Russia,NVS,Novosibirsk,Siberian Sub-Juniors Powerlifting Championships,Yes
Uwe Hering,M,SBD,Single-ply,56.5,55-59,50-59,Open,94.9,105,170.0,180.0,,,180.0,150.0,160.0,-170.0,,160.0,200.0,210.0,225.0,,225.0,565.0,4,356.05,351.61,336.28,60.64,Yes,Germany,,BVDK,IPF,2020-02-01,Germany,SN,Bad Lausick,1. Runde Sachsenliga KDK,Yes
Phan Dương Hùng,M,SBD,Raw,32.0,24-34,24-39,MR-O,73.35,74,190.0,207.5,-217.5,,207.5,120.0,-127.5,-127.5,,120.0,235.0,247.5,255.0,,255.0,582.5,2,423.96,421.65,407.8,85.91,Yes,Vietnam,,VPF,IPF,2023-08-19,Vietnam,,Da Nang,Da Nang Qualifier,Yes
B. Naveen Kumar #1,M,SBD,Raw,29.5,24-34,24-39,Open,85.0,93,,,,,222.5,,,,,137.5,,,,,240.0,600.0,8,399.75,395.0,379.55,82.07,Yes,,,PI,IPF,2022-04-09,India,,Alappuzha,National Classic Powerlifting Championship,Yes
Sherry Berdigan,F,SBD,Raw,21.5,20-23,19-23,Juniors,55.94,57,130.0,-135.0,-135.0,,130.0,75.0,80.0,82.5,,82.5,162.5,172.5,-177.0,,172.5,385.0,1,446.58,453.37,401.04,91.61,Yes,Canada,AB,CPU,IPF,2020-03-03,Canada,MB,Winnipeg,Nationals,Yes
Vickey Goss,F,D,Single-ply,,,,Women,75.0,75,,,,,,,,,,,,,,,154.22,154.22,1,150.21,146.61,128.96,,,,,USPF,IPF,1984-07-07,USA,MI,Lansing,Can-Am Open Deadlift,Yes
Steffen Golczyk,M,S,Single-ply,54.5,50-54,50-59,Masters 2,142.5,120+,185.0,195.0,210.0,,210.0,,,,,,,,,,,210.0,1,114.52,117.04,111.1,,Yes,,,DSF,IPF,2023-11-05,Denmark,,Roskilde,DM Masters Squat Udstyr,Yes
Damilare Williams,M,SBD,Raw,21.0,20-23,19-23,MR-O,91.15,93,180.0,190.0,200.0,,200.0,117.5,125.0,130.0,,130.0,215.0,230.0,240.0,,240.0,570.0,41,366.23,361.57,346.34,75.31,Yes,UK,,BP,IPF,2022-04-02,England,,Northampton,British University Championships,Yes
Lars Jensen,M,B,Single-ply,24.5,24-34,24-39,Open,82.5,82.5,,,,,,,,,,120.0,,,,,,120.0,7,81.29,80.39,77.35,42.9,Yes,,,DSF,IPF,1997-09-27,Denmark,,Thisted,JM Bænkpres,Yes
Pavel Zimin,M,B,Single-ply,19.5,20-23,19-23,Open,82.25,82.5,,,,,,130.0,137.5,142.5,,142.5,,,,,,142.5,6,96.69,95.64,92.03,51.05,Yes,,,FPR,IPF,2008-11-28,Russia,BRY,Dobrun,Bryansk Oblast Powerlifting Cup & Bench Press Championships,Yes
Maksim Buldenko,M,B,Single-ply,14.5,13-15,14-18,Open,60.0,60,,,,,,105.0,115.0,-122.5,,115.0,,,,,,115.0,3,97.06,98.08,95.78,55.51,Yes,Russia,,FPR,IPF,2004-06-05,Russia,BRY,Bryansk,Bryansk Bench Press Championships,Yes
Hsing-I Ching Toquia,M,SBD,Raw,,,,Open,83.93,93,185.0,195.0,205.0,,205.0,120.0,125.0,-130.0,,125.0,220.0,230.0,240.0,,240.0,570.0,2,382.42,377.99,363.42,78.46,Yes,Canada,AB,CPU,IPF,2019-08-04,Canada,AB,Edmonton,Bay Noppers Memorial,Yes
Kelechi Asagwara,M,SBD,Raw,,,,Open,103.9,105,140.0,152.5,175.0,,175.0,135.0,142.5,147.5,,147.5,210.0,235.0,260.0,,260.0,582.5,3,352.81,349.38,333.61,72.27,Yes,Canada,AB,CPU,IPF,2023-08-10,Canada,MB,Brandon,Western Canadian Championship,Yes
Frank van Leeuwen,M,SBD,Raw,32.5,24-34,24-39,Open,103.8,105,235.0,242.5,250.0,,250.0,140.0,147.5,150.0,,150.0,265.0,280.0,-290.0,,280.0,680.0,7,412.03,408.0,389.58,84.41,Yes,Netherlands,,KNKF-SP,IPF,2023-09-09,Netherlands,,Nijmegen,SBD Cup,Yes
Daniel Fletcher,M,SBD,Raw,,18-19,,M-C-Open,107.7,120,165.0,175.0,-180.0,,175.0,100.0,112.5,115.0,,115.0,195.0,205.0,-212.5,,205.0,495.0,4,295.55,293.26,280.13,60.4,Yes,England,SE,EPA,IPF,2013-06-09,England,,Dover,Kent Surrey & Sussex Powerlifting Championships,Yes
D. Ellefson,M,B,Raw,,,,Open,110.0,110,,,,,,,,,,183.71,,,,,,183.71,3,108.81,108.11,103.33,80.53,,,,USPF,IPF,1982-12-18,USA,ND,Fargo,Midwestern Bench Press,Yes
Samuel Friedrich,M,SBD,Raw,17.5,18-19,14-18,MR-T2,82.0,83,205.0,-220.0,-220.0,,205.0,127.5,130.0,-135.0,,130.0,232.5,242.5,250.0,,250.0,585.0,2,397.65,393.33,378.57,81.48,Yes,USA,MI,USAPL,IPF,2021-05-27,USA,CO,,High School and Teen National Championship,Yes
Uroš Sodec,M,SBD,Raw,,,,Open,111.4,120,250.0,270.0,-280.0,,270.0,190.0,200.0,205.0,,205.0,260.0,280.0,-300.0,,280.0,755.0,1,445.06,442.63,423.21,90.72,Yes,Slovenia,,HPLS,IPF,2013-12-14,Croatia,,Vrbovec,Powerfinale,Yes
P. Alderman,F,D,Single-ply,,,,Open,52.0,52,,,,,,,,,,,,,,,81.65,81.65,5,99.52,101.79,90.23,,,,,USPF,IPF,1985-07-20,USA,MI,Lansing,Can-Am Open Deadlift,Yes
Sergiy Sitak,M,SBD,Single-ply,14.5,13-15,14-18,Open,48.2,49,70.0,80.0,-85.0,,80.0,47.5,52.5,-55.0,,52.5,110.0,115.0,-120.0,,115.0,247.5,1,255.43,263.67,260.73,42.66,Yes,Ukraine,,UkrainePF,IPF,2014-12-21,Ukraine,,Kyev,Kyev Powerlifting Cup,Yes
Theo Legrand,M,SBD,Raw,18.5,18-19,19-23,Juniors,79.8,83,212.5,222.5,-230.0,,222.5,122.5,127.5,-130.0,,127.5,255.0,272.5,-290.0,,272.5,622.5,1,429.88,425.65,410.17,87.91,Yes,,,FFForce,IPF,2024-01-27,France,,Lestrem,Grand Prix Régional Lestremois,Yes
Aina Pedersen Oen,F,SBD,Raw,,,,Open,73.6,76,112.5,117.5,-120.0,,117.5,62.5,65.0,67.5,,67.5,137.5,145.0,-150.0,,145.0,330.0,1,324.66,317.49,279.47,66.08,Yes,,,NSF,IPF,2022-12-03,Norway,,Karmøy,Klubbstevne,Yes
Geoff Preston,M,SBD,Single-ply,,20-23,,M-Jr,82.5,82.5,,,,,260.82,,,,,170.1,,,,,247.21,678.12,1,459.35,454.28,437.1,78.58,Yes,USA,,USAPL,IPF,2000-04-15,USA,WA,Bothell,Washington State,Yes
Irina Lugovaya,F,SBD,Single-ply,25.5,24-34,24-39,Open,89.5,90,230.0,240.0,247.5,,247.5,145.0,155.0,-160.0,,155.0,225.0,235.0,240.0,,240.0,642.5,1,574.22,556.46,483.93,98.66,Yes,Russia,,FPR,IPF,2000-03-01,Russia,KO,Syktyvkar,Russian Powerlifting Championships,Yes
Ray Horak,M,B,Raw,65.5,65-69,60-69,MR-M3b,106.7,110,,,,,,,,,,107.5,,,,,,107.5,1,64.42,63.88,61.01,47.78,Yes,USA,,USAPL,IPF,2012-08-18,USA,WA,Seattle,Alki Beach Classic,Yes
Nanda Talambanua,M,SBD,Single-ply,27.5,24-34,24-39,Open,59.8,60,-250.0,-250.0,250.0,,250.0,115.0,125.0,-132.5,,125.0,240.0,255.0,-262.5,,255.0,630.0,1,533.21,538.95,526.39,90.77,Yes,Indonesia,,IPF,IPF,1993-11-27,Sweden,,Jönköping,World Powerlifting Championships,Yes
Tristan Martel,M,SBD,Raw,21.5,20-23,19-23,Juniors,64.9,66,,,,,185.0,,,,,151.0,,,,,235.0,571.0,1,453.05,454.64,442.14,89.81,Yes,Canada,NS,CPU,IPF,2017-05-27,Canada,NS,,NS and NB Provincials Combined,Yes
Leif Joensuu,M,SBD,Single-ply,41.5,40-44,40-49,Open,81.7,83,,,,,262.5,,,,,177.5,,,,,255.0,695.0,2,473.41,468.33,450.83,81.0,Yes,Sweden,,SSF,IPF,2012-02-25,Sweden,,,SM SL,Yes
Randy Cox,M,B,Single-ply,,,,Open,100.0,100,,,,,,,,,,210.92,,,,,,210.92,1,129.82,128.36,122.6,67.06,,,,USPF,IPF,1985-05-11,USA,IA,Dubuque,Midwest Open Bench,Yes
Angela Lam,F,SBD,Single-ply,,,,Open,56.0,56,,,,,115.0,,,,,50.0,,,,,125.0,290.0,3,336.14,341.22,301.82,56.22,Yes,Canada,,CPU,IPF,1983-11-13,Canada,ON,Toronto,Women's Ontario Championships,Yes
Frederik S Haslund,M,B,Single-ply,24.5,24-34,24-39,Open,88.1,93,,,,,,125.0,135.0,-145.0,,135.0,,,,,,135.0,6,88.25,87.14,83.6,46.16,Yes,,,DSF,IPF,2017-02-03,Denmark,,Albertslund,ER Open Udstyr Bænkpres,Yes
Nancy Heinze,F,SBD,Raw,36.5,35-39,24-39,Open,82.2,84,150.0,157.5,162.5,,162.5,65.0,70.0,-72.5,,70.0,160.0,167.5,-175.0,,167.5,400.0,8,371.91,360.67,315.78,76.2,Yes,,,BVDK,IPF,2023-04-14,Germany,BW,Grötzingen,DM Aktive Classic,Yes
Helmut Körtge,M,B,Single-ply,31.5,24-34,24-39,Open,82.4,82.5,,,,,,,,,,195.0,,,,,,195.0,4,132.18,130.73,125.79,69.77,Yes,Germany,,BVDK,IPF,1999-10-30,Germany,,Darmstadt,Deutsche Meisterschaften im Bankdrücken,Yes
Toni Hollis,F,SBD,Single-ply,40.5,40-44,40-49,Masters 1,56.0,67.5,140.0,150.0,155.5,,155.5,80.0,85.0,87.5,,87.5,140.0,150.0,-157.5,,150.0,393.0,1,455.53,462.41,409.02,76.18,Yes,UK,,EPF,IPF,1995-07-06,Spain,,Valencia,European Masters Powerlifting Championships,Yes
Walter Böhm,M,SBD,Single-ply,,,,Aktive,90.0,90,,,,,205.0,,,,,155.0,,,,,222.5,582.5,2,376.64,371.86,356.4,64.28,Yes,,,BVDG,IPF,1996-07-01,Germany,BY,,Bayerische Meisterschaften im Kraftdreikampf,Yes
Jon Kaiser,M,D,Single-ply,,,,Teen,110.0,110,,,,,,,,,,,,,,,297.1,297.1,1,175.96,174.84,167.1,,,,,USPF,IPF,1991-01-19,USA,TX,Cleburne,Texas Deadlift Classic,Yes
Jannis Gallert,M,B,Single-ply,16.0,16-17,14-18,Youth,98.3,105,,,,,,130.0,140.0,145.0,,145.0,,,,,,145.0,1,89.92,88.87,84.9,46.51,Yes,,,BVDK,IPF,2018-11-02,Germany,,Klötze,Deutsche Meisterschaften im Bankdrücken equipped,Yes
Mikael Gardell,M,SBD,Single-ply,,,,Juniors,92.1,93,,,,,215.0,,,,,155.0,,,,,275.0,645.0,2,412.32,407.08,389.76,70.31,Yes,,,SSF,IPF,2014-05-09,Sweden,,,SM KL SL U/J/V,Yes
Laura Molina,F,D,Raw,22.5,20-23,19-23,Juniors,68.8,69,,,,,,,,,,,130.0,140.0,150.0,,150.0,150.0,12,153.18,151.03,133.18,,Yes,,,FEMEPO,IPF,2024-05-02,Mexico,,,XV Nacional Jr y Sub-Jr,Yes
Elin Johannessen,F,SBD,Single-ply,16.5,16-17,14-18,Teen 14-18,69.7,72,80.0,-85.0,-90.0,,80.0,50.0,-57.5,-57.5,,50.0,100.0,112.5,120.0,,120.0,250.0,1,253.42,249.45,219.91,42.75,Yes,,,NSF,IPF,2011-12-10,Norway,,Sandehallen,Åpent stevne,Yes
Jeff Phillips #1,M,D,Raw,50.5,50-54,50-59,MR-O,71.1,74,,,,,,,,,,,215.0,231.0,237.5,,237.5,237.5,1,176.5,175.89,170.34,,Yes,USA,,USAPL,IPF,2016-01-17,USA,TX,Frisco,Winter Games of Texas,Yes
Shivam Saha,M,SBD,Raw,17.0,16-17,14-18,Sub-Juniors,93.2,105,,,,,120.0,,,,,60.0,,,,,155.0,335.0,12,212.92,210.23,201.2,43.78,Yes,,,PI,IPF,2025-05-20,India,,Kolhapur,National Sub Junior & Junior Classic Powerlifting Championship,Yes
Michel Bertrand,M,B,Single-ply,57.0,55-59,50-59,Masters 2,72.4,74,,,,,,,,,,92.5,,,,,,92.5,1,67.91,67.59,65.41,36.72,Yes,Belgium,,LFPH,IPF,2015-02-01,Belgium,,Florennes,1er Tour Interclub Bench,Yes
David Bertier,M,SBD,Single-ply,,,40-49,M-M1b,90.0,90,,,,,169.64,,,,,127.46,,,,,242.22,539.32,1,348.72,344.3,329.98,59.51,Yes,USA,,USAPL,IPF,2004-01-10,USA,CA,Concord,NorCal Winter Classic,Yes
R. Malvasi,M,SBD,Single-ply,,,,Open,67.5,67.5,,,,,137.5,,,,,82.5,,,,,152.5,372.5,5,287.1,287.2,278.79,49.11,,,,USPF,IPF,1981-08-22,USA,CA,San Francisco,Northern California Jr Championships,Yes
Tim Nadeau,M,SBD,Raw,42.5,40-44,40-49,Masters 1,135.1,120+,,,,,195.0,,,,,125.0,,,,,242.5,562.5,1,311.41,316.07,301.16,62.2,Yes,Canada,AB,CPU,IPF,2014-08-24,Canada,AB,Edmonton,Bay Noppers Memorial,Yes
Štěpán Hoza,M,SBD,Single-ply,31.5,24-34,24-39,Open,71.2,75,,,,,190.0,,,,,120.0,,,,,210.0,520.0,4,386.07,384.71,372.55,66.1,Yes,,,CSST,IPF,2006-01-01,Czechia,,Svitavy,Extraliga v Silovém Trojboji I,Yes
Adriana Cuta,F,SBD,Single-ply,22.5,20-23,19-23,Juniors,54.8,56,150.0,160.0,167.5,,167.5,80.0,87.5,92.5,,92.5,175.0,185.0,190.0,,190.0,450.0,1,529.19,538.54,476.59,88.47,Yes,Venezuela,,IPF,IPF,2009-09-07,Brazil,,Ribeirao Preto-SP,World Sub-Juniors & Juniors Powerlifting Championships,Yes
R. Preston #3,M,SBD,Single-ply,,,,Open,67.5,67.5,,,,,127.01,,,,,77.11,,,,,154.22,358.34,9,276.19,276.29,268.19,47.24,,,,USPF,IPF,1980-10-18,USA,NE,Scottsbluff,Rattlesnake Open,Yes
Šarūnas Tolvaiša,M,SBD,Raw,27.5,24-34,24-39,Open,64.9,66,190.0,197.5,202.5,,202.5,130.0,135.0,-140.0,,135.0,-235.0,242.5,-250.0,,242.5,580.0,5,460.19,461.81,449.11,91.22,Yes,Lithuania,,EPF,IPF,2018-11-24,Lithuania,,Kaunas,European Classic Powerlifting Championships,Yes
Kavwa Sichone,M,SBD,Raw,,,,Open,69.2,74,100.0,130.0,150.0,,150.0,125.0,140.0,-145.0,,140.0,130.0,160.0,180.0,,180.0,470.0,1,355.89,355.34,344.54,71.46,Yes,New Zealand,,NZPF,IPF,2015-06-20,New Zealand,WKO,Hamilton,WBOP Powerlifting Novice Comp,Yes
Sarean Harmoni Gaynor-Metzinger,F,SBD,Raw,27.5,24-34,24-39,FR-O,51.35,,145.0,155.0,-162.5,,155.0,87.5,92.5,95.0,,95.0,170.0,177.5,-182.5,,177.5,427.5,1,525.67,538.13,477.24,109.13,Yes,USA,NC,AMP,IPF,2024-07-27,USA,NC,Durham,SBD Raleigh,Yes
Lorenzo Sala,M,SBD,Raw,25.5,24-34,24-39,Open,79.63,83,190.0,-200.0,-200.0,,190.0,145.0,152.5,-160.0,,152.5,215.0,230.0,-240.0,,230.0,572.5,6,395.85,391.99,377.78,80.94,Yes,,,FIPL,IPF,2015-06-19,Italy,,Taneto di Gattatico,12° Coppa Bertoletti di Panca e 5° Trofeo di Powerlifting Raw,Yes
Evgeniy Akinin,M,SBD,Single-ply,26.5,24-34,24-39,Open,102.5,110,,,,,305.0,,,,,175.0,,,,,280.0,760.0,2,462.91,458.13,437.45,78.55,Yes,Russia,,FPR,IPF,2007-11-23,Russia,IRK,Irkutsk,Irkutsk Obast Powerlifting Cup,Yes
Phil Richard,M,B,Raw,39.0,35-39,24-39,M-C-Open,71.4,75,,,,,,,,,,155.0,,,,,,155.0,1,114.86,114.43,110.8,84.25,Yes,,,BP,IPF,2010-06-20,England,,Milton Keynes,British Unequipped Bench Press Championships,Yes
Kurt Docherty,M,SBD,Raw,34.0,24-34,24-39,Open,116.58,120,-230.0,230.0,242.5,,242.5,160.0,167.5,172.5,,172.5,300.0,321.0,330.0,,330.0,745.0,2,432.08,431.34,413.08,87.71,Yes,New Zealand,,NZPF,IPF,2025-03-15,New Zealand,WGN,Paraparaumu,WCPA Regionals,Yes
Viktor Shabanov,M,SBD,Single-ply,28.5,24-34,24-39,Open,135.75,125+,,,,,387.5,,,,,315.0,,,,,297.5,1000.0,1,552.84,561.47,534.79,92.53,Yes,Russia,,FPR,IPF,2005-01-21,Russia,KYA,Nazarovo,Siberian Powerlifting Championships,Yes
Mark Arrowsmith,M,SBD,Raw,27.0,24-34,24-39,Open,102.5,105,175.0,185.0,195.0,,195.0,122.5,-132.5,132.5,,132.5,225.0,240.0,-250.0,,240.0,567.5,12,345.66,342.09,326.65,70.86,Yes,,,NZPF,IPF,2022-08-01,New Zealand,MWT,Palmerston North,New Zealand Championships,Yes
Sergey Usov,M,SBD,Single-ply,18.5,18-19,19-23,Open,107.0,120,,,,,360.0,,,,,255.0,,,,,335.0,950.0,1,568.66,564.03,538.72,96.28,Yes,Russia,,FPR,IPF,2012-02-10,Russia,KEM,Leninsk-Kuznetskiy,Siberian Juniors & Students Powerlifting Championships,Yes
Henri Hakonen,M,SBD,Single-ply,17.5,18-19,14-18,Sub-Juniors,102.66,105,240.0,257.5,265.0,,265.0,165.0,172.5,-175.0,,172.5,235.0,245.0,-247.5,,245.0,682.5,4,415.43,411.17,392.61,70.49,Yes,Finland,,EPF,IPF,2013-04-09,Czechia,,Prague,European Sub-Juniors & Juniors Powerlifting Championships,Yes
Tatyana Serezhenko,F,SBD,Single-ply,20.5,20-23,19-23,Juniors,57.96,63,,,,,80.0,,,,,32.5,,,,,100.0,212.5,1,240.83,243.38,215.15,40.31,Yes,Russia,,FPR,IPF,2015-03-20,Russia,MOW,Moscow,Moscow City Juniors Sub-Juniors & Masters Powerlifting Championships,Yes
Blake Hanson,M,SBD,Single-ply,,,,Open,90.0,90,,,,,226.8,,,,,140.61,,,,,247.21,614.62,3,397.41,392.37,376.05,67.82,Yes,USA,,USAPL,IPF,1998-04-25,USA,MN,Kasson,Zumbro Valley Open,Yes
Stephen Pacete Dumdum,M,SBD,Raw,,,,MR-Jr,73.6,74,152.5,157.5,167.5,,167.5,90.0,95.0,-100.0,,95.0,175.0,185.0,-200.0,,185.0,447.5,5,324.98,323.14,312.48,65.88,Yes,England,NW,EPA,IPF,2024-11-30,England,NW,Warrington,North West Championships and Bench,Yes
Salvatore Pisasale,M,B,Single-ply,32.5,24-34,24-39,Open,65.0,66,,,,,,180.5,-187.5,-187.5,,180.5,,,,,,180.5,1,143.05,143.53,139.58,79.58,Yes,Italy,,FIPL,IPF,2013-06-14,Italy,,Senigallia,Trofeo Bertoletti di Powerlifting Raw e di Panca Geared,Yes
Lyudmila Gaiduchenko,F,SBD,Single-ply,26.5,24-34,24-39,Open,87.35,90,192.5,,,,192.5,135.0,,,,135.0,222.5,,,,222.5,550.0,1,496.96,481.43,419.59,85.21,Yes,Ukraine,,UkrainePF,IPF,1993-05-23,Ukraine,,Berdyansk,Azov Sea Cup,Yes
Sara Lagascio,F,B,Raw,24.5,24-34,24-39,Senior,75.37,76,,,,,,80.0,-85.0,-90.0,,80.0,,,,,,80.0,7,77.72,75.82,66.68,61.62,Yes,,,FIPL,IPF,2025-07-11,Italy,,Lodi Vecchio,11° Gara Coppa Bertoletti di Panca Classic,Yes
Álvaro Fernández Arcas,M,SBD,Raw,28.0,24-34,24-39,Open,64.91,66,185.0,190.0,-195.0,,190.0,120.0,125.0,130.0,,130.0,185.0,200.0,-210.0,,200.0,520.0,G,412.54,413.98,402.59,81.78,Yes,Spain,,FFForce,IPF,2018-04-28,France,,Escaudain,Championnats de France Force Athlétique Elite,Yes
Aleksi Vääräniemi,M,SBD,Raw,28.5,24-34,24-39,Open,92.92,93,200.0,207.5,212.5,,212.5,170.0,-175.0,,,170.0,230.0,240.0,245.0,,245.0,627.5,12,399.41,394.35,377.45,82.12,Yes,Finland,,SVNL,IPF,2023-11-17,Finland,,Oulu,Klassisen voimanoston SM-kisat,Yes
Adam Šťastný,M,SBD,Single-ply,19.5,20-23,19-23,Open,93.8,100,,,,,190.0,,,,,130.0,,,,,230.0,550.0,2,348.51,344.12,329.25,59.38,Yes,,,CSST,IPF,1993-06-26,Czechia,,Krnov,Mistrovství ČR v Silovém Trojboji - Juniorů,Yes
Tom Osipowich,M,SBD,Single-ply,,,,Open,75.0,75,,,,,190.0,,,,,105.0,,,,,192.5,487.5,9,349.74,347.37,335.65,59.9,,,,USPF,IPF,1983-05-07,USA,CA,Sacramento,California State Novice,Yes
Denis Varukhin,M,SBD,Single-ply,22.5,20-23,19-23,Juniors,75.0,75,290.0,305.0,315.0,,315.0,180.0,190.0,197.5,,197.5,250.0,265.0,-277.5,,265.0,777.5,3,557.8,554.02,535.31,95.52,Yes,Russia,,IPF,IPF,2009-09-07,Brazil,,Ribeirao Preto-SP,World Sub-Juniors & Juniors Powerlifting Championships,Yes
Hans Zerhoch,M,SBD,Single-ply,37.5,35-39,24-39,Aktive,131.0,,310.0,-325.0,-325.0,,310.0,170.0,175.0,177.5,,177.5,310.0,320.0,-325.0,,320.0,807.5,4,451.11,456.1,435.49,75.6,Yes,Germany,,BVDG,IPF,1988-06-11,West Germany,,Eschenlohe,Deutsche Mannschaftsmeisterschaft im Kraftdreikampf,Yes
Steve Hanik,M,SBD,Single-ply,,,,Open,100.0,100,,,,,174.63,,,,,117.93,,,,,226.8,519.36,14,319.67,316.08,301.89,54.31,,,,USPF,IPF,1983-03-12,USA,PA,Washington,Keystone Open Below Class II,Yes
Sergey Kornev,M,SBD,Raw,16.5,16-17,14-18,Sub-Juniors,77.0,83,,,,,155.0,,,,,100.0,,,,,150.0,405.0,1,285.79,283.45,273.57,58.25,Yes,Russia,,FPR,IPF,2016-09-22,Russia,PER,Perm,Perm Krai Sub-Juniors & Juniors Classic Powerlifting Championships,Yes
James Petritz,M,SBD,Raw,16.5,16-17,14-18,MR-T2,91.96,93,195.0,202.5,-207.5,,202.5,105.0,110.0,115.0,,115.0,182.5,190.0,195.0,,195.0,512.5,1,327.86,323.69,309.94,67.42,Yes,USA,CT,USAPL,IPF,2018-08-18,USA,CT,,Northeast Regionals,Yes
José Sánchez Báez,M,SBD,Raw,23.0,20-23,24-39,Open,112.7,120,275.0,290.0,-305.0,,290.0,170.0,180.0,185.0,,185.0,280.0,295.0,305.0,,305.0,780.0,3,457.84,455.75,435.93,93.23,Yes,,,FEMEPO,IPF,2024-03-15,Mexico,,,Campeonato Nacional Open,Yes
Jakub Kucharski,M,SBD,Raw,,18-19,14-18,Teen 14-18,53.9,59,65.0,72.5,80.0,,80.0,42.5,50.0,55.0,,55.0,90.0,100.0,110.0,,110.0,245.0,2,226.94,231.69,227.68,42.56,Yes,,,NSF,IPF,2020-12-19,Norway,,Askim,Klubbstevne,Yes
Tyler McPhail,M,SBD,Single-ply,,,24-39,Open,88.1,90,,,,,237.5,,,,,150.0,,,,,257.5,645.0,1,421.63,416.35,399.41,72.01,Yes,Canada,ON,CPU,IPF,1999-12-05,Canada,ON,Guelph,Guelph Invitational Powerlifting Championships,Yes
Emma Oostlander,F,SBD,Raw,36.0,35-39,24-39,Open,75.2,76,82.5,87.5,92.5,,92.5,57.5,60.0,62.5,,62.5,105.0,112.5,120.0,,120.0,275.0,7,267.47,260.99,229.56,54.49,Yes,Netherlands,,VGPF,IPF,2023-05-27,Belgium,,Leuven,Interclub 2,Yes
Nikita Reshetov,M,SBD,Single-ply,36.5,35-39,24-39,Open,111.5,120,,,,,272.5,,,,,245.0,,,,,235.0,752.5,17,443.44,441.04,421.71,74.91,Yes,Russia,,FPR,IPF,2015-05-24,Russia,LEN,St. Petersburg,White Nights,Yes
Ingunn Elise Haakonsen,F,SBD,Single-ply,19.5,20-23,19-23,Open,67.3,67.5,175.0,-185.0,-185.0,,175.0,87.5,92.5,-97.5,,92.5,175.0,-180.0,-180.0,,175.0,442.5,2,457.62,452.59,399.27,77.06,Yes,Norway,,EPF,IPF,1996-06-10,Czechia,,Praha,European Juniors Powerlifting Championships,Yes
Faithful Alabi,M,SBD,Raw,19.5,20-23,19-23,MR-T3,118.6,120,227.5,242.5,255.0,,255.0,157.5,162.5,167.5,,167.5,287.5,-307.5,-307.5,,287.5,710.0,4,409.37,409.33,392.18,82.96,Yes,USA,TX,USAPL,IPF,2015-10-15,USA,PA,Scranton,Raw Nationals,Yes
Nicolay Klass,M,SBD,Single-ply,30.0,24-34,24-39,Open,72.6,74,190.0,-205.0,,,190.0,155.0,-165.0,,,155.0,190.0,210.0,,,210.0,555.0,1,406.7,404.74,391.62,69.64,Yes,,,BVDK,IPF,2017-09-30,Germany,,Preetz,NDM Kraftdreikampf,Yes
Ari-Jukka Mäkitalo,M,SBD,Single-ply,,,,Under 23,67.5,67.5,,,,,190.0,,,,,147.5,,,,,207.5,545.0,2,420.06,420.2,407.89,71.85,Yes,Finland,,SVNL,IPF,1981-12-12,Finland,,Hyvinkää,Nuorten 23 v. voimanoston SM-kisat,Yes
Mark Richards,M,SBD,Single-ply,,,,Open,90.0,90,,,,,213.19,,,,,140.61,,,,,233.6,587.4,1,379.81,374.99,359.39,64.82,,,,USPF,IPF,1982-11-06,USA,IN,New Albany,Junior Indiana State,Yes
Diell Zejnullahu,M,SBD,Raw,16.5,16-17,14-18,M-C-Open,102.2,105,145.0,155.0,165.0,,165.0,107.5,115.0,-122.5,,115.0,190.0,210.0,-230.0,,210.0,490.0,6,298.82,295.7,282.36,61.27,Yes,England,GL,EPA,IPF,2016-11-19,England,,London,London Divisional,Yes
Roman Belgibaev,M,B,Single-ply,,18-19,,Youth A,68.9,75,,,,,,65.0,70.0,-75.0,,70.0,,,,,,70.0,3,53.17,53.1,51.5,29.09,Yes,,,BVDK,IPF,2005-05-21,Germany,NRW,Witten,Bezirksmeisterschaft Bankdrücken Westfalen,Yes
Benjamin Glahn,M,SBD,Single-ply,35.0,35-39,24-39,Open,95.75,105,192.5,202.5,210.0,,210.0,135.0,140.0,145.0,,145.0,210.0,220.0,235.0,,235.0,590.0,10,370.27,365.71,349.66,63.03,Yes,Germany,,BVDK,IPF,2025-04-12,Germany,,,3. Runde Bundesliga KDK,Yes
Li Ka Chuen,M,SBD,Raw,24.0,24-34,24-39,Open,71.84,74,170.0,175.0,180.0,,180.0,110.0,-115.0,,,110.0,200.0,210.0,220.0,,220.0,510.0,4,376.36,374.81,362.82,76.04,Yes,,,HKWPA,IPF,2020-06-25,Hong Kong,,,Powerlifting Championships,Yes
Anders Nilsson,M,B,Single-ply,,,,Open,,125+,,,,,,,,,,250.0,,,,,,250.0,3,,,,,Yes,,,SSF,IPF,2000-06-03,Sweden,,,Bänk SM Seniorer år,Yes
Emil Hallberg,M,B,Raw,,,,Open,80.02,83,,,,,,,,,,132.5,,,,,,132.5,2,91.35,90.44,87.14,67.82,Yes,,,SSF,IPF,2016-04-01,Sweden,,,Götalandsmästerskapen -Klassisk bänkpress,Yes
Frank Ragucci,M,B,Raw,,,,HS Junior,,100+,,,,,,,,,,108.86,,,,,,108.86,1,,,,,,,,USPF,IPF,1984-12-16,USA,CT,Hamden,US High School Bench Press,Yes
Ynjindulam Badamgarav,F,SBD,Raw,24.5,24-34,24-39,Open,55.2,57,,,,,85.0,,,,,50.0,,,,,85.0,220.0,5,257.46,261.79,231.64,52.89,Yes,Mongolia,,AsianPF,IPF,2018-12-04,Mongolia,,Ulaanbaatar,Asian Classic Powerlifting Championships,Yes
Kevin Johns,M,SBD,Single-ply,,,,Open,90.0,90,,,,,174.63,,,,,156.49,,,,,215.46,546.58,4,353.42,348.93,334.42,60.31,,,,USPF,IPF,1981-06-01,USA,FL,Jacksonville,Florida Police Olympics,Yes
Nick DiGioia,M,SBD,Single-ply,,,,Open,82.5,82.5,,,,,183.7,,,,,124.74,,,,,226.8,535.24,8,362.57,358.56,345.01,62.03,,,,USPF,IPF,1984-12-16,USA,IL,Chicago,Illinois Class III Meet,Yes
A. Hirshenson,M,SBD,Single-ply,,,,Class II,82.5,82.5,,,,,158.76,,,,,124.74,,,,,226.8,510.29,12,345.67,341.85,328.92,59.14,,,,USPF,IPF,1981-10-17,USA,FL,Miami,Southern States PL Championships,Yes
Vladislav Sheruntaev,M,SBD,Raw,17.5,18-19,14-18,Sub-Juniors,73.62,74,190.0,202.5,210.0,,210.0,130.0,137.5,142.5,,142.5,215.0,227.5,237.5,,237.5,590.0,1,428.39,425.95,411.9,86.85,Yes,Russia,,IPF,IPF,2015-06-05,Finland,,Salo,World Classic Powerlifting Championships,Yes
Vladimir Bondarenko #1,M,SBD,Single-ply,28.5,24-34,24-39,Open,158.3,125+,400.0,420.0,435.0,,435.0,260.0,270.0,280.0,,280.0,350.0,365.0,377.5,,377.5,1092.5,1,579.17,599.86,563.65,96.78,Yes,Russia,,IPF,IPF,2007-10-14,Austria,,Soelden,World Powerlifting Championships,Yes
R. Maly,M,SBD,Single-ply,,,,High School,52.0,52,,,,,104.33,,,,,79.38,,,,,136.08,319.78,2,306.28,313.79,309.03,51.59,,,,USPF,IPF,1980-03-22,USA,NE,Doniphan,Nebraska State Teenage,Yes
Allan Fernandes,M,SBD,Raw,18.5,18-19,19-23,Juniors,71.9,74,175.0,190.0,200.0,,200.0,117.5,125.0,-130.0,,125.0,220.0,-240.0,,,220.0,545.0,2,401.96,400.28,387.47,81.22,Yes,,,FFForce,IPF,2024-01-07,France,,Villepinte,USCOV Meet,Yes
Laura Bungard,F,SBD,Raw,,,40-49,Masters 1,62.3,63,,,,,87.5,,,,,45.0,,,,,125.0,257.5,1,278.84,278.9,246.31,56.75,Yes,,,NZPF,IPF,2017-11-18,New Zealand,OTA,Dunedin,Southern Powerlifting Club and Novice Competition,Yes
Clint Nieuwendijk,M,SBD,Raw,,,,Open,86.25,93,130.0,132.5,140.0,,140.0,85.0,90.0,-95.0,,90.0,160.0,175.0,185.0,,185.0,415.0,19,274.33,270.98,260.21,56.35,Yes,Netherlands,,KNKF-SP,IPF,2018-09-22,Netherlands,GE,Nijmegen,SBD Cup,Yes
Mattia Sansosti,M,B,Raw,32.0,24-34,24-39,Senior,62.71,66,,,,,,125.0,-130.0,132.5,,132.5,,,,,,132.5,3,107.94,108.64,105.84,77.29,Yes,Italy,,FIPL,IPF,2024-04-26,Italy,,S.Zenone al Lambro,10° Gara Nazionale Coppa Bertoletti di Panca Classic,Yes
Kelly Mahsem,F,SBD,Single-ply,17.5,18-19,14-18,F-HS,81.6,82.5,152.5,-160.0,160.0,,160.0,52.5,55.0,-57.5,,55.0,142.5,145.0,-152.5,,145.0,360.0,11,335.91,325.87,285.44,57.28,Yes,USA,WI,USAPL,IPF,2017-03-11,USA,WI,,Wisconsin State High School Championships,Yes
Jiří Horník,M,SBD,Single-ply,28.5,24-34,24-39,Open,88.55,90,270.0,290.0,-300.0,,290.0,200.0,210.0,215.0,,215.0,300.0,312.5,-325.0,,312.5,817.5,4,532.99,526.29,504.76,91.01,Yes,Czechia,,EPF,IPF,2007-05-08,Poland,,Koscian,European Powerlifting Championships,Yes
Mojmír Derka,M,SBD,Single-ply,26.5,24-34,24-39,Open,75.8,82.5,,,,,50.0,,,,,145.0,,,,,150.0,345.0,4,245.85,244.04,235.69,42.1,Yes,,,CSST,IPF,2002-11-16,Czechia,,Mělník,Liga Družstev Čech,Yes
Matthew Klecha,M,SBD,Raw,19.5,20-23,19-23,MR-Jr,102.0,105,190.0,202.5,210.0,,210.0,112.5,117.5,-122.5,,117.5,230.0,245.0,-252.5,,245.0,572.5,1,349.42,345.74,330.15,71.65,Yes,USA,WI,USAPL,IPF,2020-12-12,USA,WI,,Liftmas Open,Yes
Nikki van der Welle,F,SBD,Raw,25.5,24-34,24-39,Open,66.8,69,-125.0,130.0,-135.0,,130.0,57.5,60.0,-65.0,,60.0,165.0,-172.5,-175.0,,165.0,355.0,10,368.72,365.05,322.08,74.92,Yes,Netherlands,,KNKF-SP,IPF,2023-02-25,Netherlands,,Tilburg,Open NK Powerliften,Yes
Nate Davis #1,M,SBD,Raw,24.0,24-34,24-39,MR-O,97.1,100,,,,,277.5,,,,,155.0,,,,,275.0,707.5,1,441.18,435.86,416.56,90.64,Yes,USA,,USAPL,IPF,2014-05-03,USA,MS,,Mississippi State Championship,Yes
Sam Purcell,M,SBD,Single-ply,16.5,16-17,14-18,M-TJ,74.0,74,145.0,157.5,167.5,,167.5,75.0,80.0,85.0,,85.0,150.0,172.5,185.0,,185.0,437.5,1,316.6,314.7,304.25,54.22,Yes,USA,WI,USAPL,IPF,2019-02-23,USA,WI,,Wisconsin High School National Qualifier,Yes
Enrique Sánchez Quintero,M,SBD,Raw,27.5,24-34,24-39,SNR,86.67,93,200.0,210.0,220.0,,220.0,150.0,160.0,-170.0,,160.0,205.0,215.0,230.0,,230.0,610.0,1,402.19,397.25,381.37,82.63,Yes,,,AEP,IPF,2019-07-27,Spain,,Linares,Open de Andalucia de Powerlifting y Press Banca Raw,Yes
Carlo Maggi,M,D,Raw,25.5,24-34,24-39,Open,81.36,83,,,,,,,,,,,230.0,245.0,260.0,,260.0,260.0,8,177.53,175.65,169.12,,Yes,Italy,,FIPL,IPF,2020-02-14,Italy,,San Zenone al Lambro,20° Campionato Italiano di Stacco Gear e 1° Campionato Italiano Senior di Stacco Classic,Yes
Ronny Göbel,M,SBD,Raw,46.5,45-49,40-49,Masters 1,104.2,105,140.0,155.0,165.0,,165.0,150.0,160.0,162.5,,162.5,200.0,220.0,-230.0,,220.0,547.5,1,331.22,328.05,313.24,67.84,Yes,Germany,,BVDK,IPF,2023-03-11,Germany,BB,Lauchhammer,Landesmeisterschaft Berlin-Brandenburg,Yes
Petri Jyrälä,M,SBD,Single-ply,,,,Open,90.0,90,,,,,180.0,,,,,140.0,,,,,225.0,545.0,2,352.4,347.92,333.45,60.14,Yes,,,SVNL,IPF,1999-02-13,Finland,,Ylitornio,Nuorten 20 v. voimanoston SM-kisat,Yes
Þorbergur Guðmundsson,M,SBD,Single-ply,25.5,24-34,24-39,Open,150.08,120+,-352.5,-352.5,352.5,,352.5,-235.0,235.0,-242.5,,235.0,280.0,300.0,-312.5,,300.0,887.5,1,477.19,491.01,464.24,79.72,Yes,Iceland,,EPF,IPF,2019-09-06,Italy,,San Zenone al Lambro,Western European Championships,Yes
Maaike Brinkhof,F,SBD,Raw,37.5,35-39,24-39,Open,74.05,76,122.5,130.0,-135.0,,130.0,75.0,-77.5,-77.5,,75.0,170.0,180.0,185.0,,185.0,390.0,5,382.43,373.75,328.92,77.86,Yes,Netherlands,,KNKF-SP,IPF,2024-03-30,Netherlands,,Nijmegen,SBD Paascup,Yes
Mariya Yatsuk,F,D,Single-ply,22.5,20-23,19-23,Open,55.5,57,,,,,,,,,,,92.5,100.0,105.0,,105.0,105.0,2,122.43,124.42,110.07,,Yes,Russia,,FPR,IPF,2020-02-23,Russia,TUL,Tula,Tula Oblast Deadlift Cup,Yes
Oksana Vlasenko,F,B,Single-ply,44.5,40-44,40-49,Masters 1,61.4,63,,,,,,55.0,57.5,-60.0,,57.5,,,,,,57.5,1,62.83,62.98,55.63,35.27,Yes,,,FPR,IPF,2019-03-15,Russia,PNZ,Kuznetsk,Siberian Masters Bench Press Championships,Yes
Darren Ralstin,M,SBD,Single-ply,,18-19,,High School,67.5,67.5,,,,,177.5,,,,,117.5,,,,,205.0,500.0,4,385.37,385.51,374.21,65.92,,,,USPF,IPF,1983-04-29,USA,OK,Norman,National High School Championship,Yes
Leif Sydengen,M,SBD,Single-ply,42.5,40-44,40-49,Masters 40-49,96.9,100,235.0,245.0,260.5,,260.5,180.0,187.5,-190.0,,187.5,220.0,235.0,245.0,,245.0,693.0,1,432.55,427.31,408.41,73.6,Yes,Norway,,NSF,IPF,1998-04-25,Norway,,Halden,KM,Yes
Evgeniy Ivanov #1,M,B,Raw,35.5,35-39,24-39,Open,157.65,120+,,,,,,220.0,-227.5,-227.5,,220.0,,,,,,220.0,1,116.76,120.87,113.63,83.48,Yes,,,FPR,IPF,2018-11-13,Russia,VLA,Suzdal,Russian Classic Bench Press Championships,Yes
Carlos Andrés Villoria,M,SBD,Raw,33.5,24-34,24-39,SNR,62.62,66,140.0,150.0,160.0,,160.0,80.0,85.0,92.5,,92.5,180.0,197.5,-212.5,,197.5,450.0,1,367.01,369.43,359.92,72.13,Yes,,,AEP,IPF,2019-02-02,Spain,,Salamanca,III Campeonato Regional del Noroeste de Powerlifting,Yes
H. Watson,M,SBD,Single-ply,,,,Novice,100.0,100,,,,,249.48,,,,,183.71,,,,,272.16,705.34,2,434.15,429.26,409.99,73.76,,,,USPF,IPF,1992-03-01,USA,GA,Forsyth,Georgia State,Yes
Judith Meerding,F,SBD,Single-ply,33.5,24-34,24-39,Open,62.72,63,155.0,162.5,170.0,,170.0,85.0,90.0,95.0,,95.0,155.0,-165.0,-165.0,,155.0,420.0,4,452.95,452.59,399.67,76.02,Yes,Netherlands,,EPF,IPF,2015-09-11,Spain,,La Manga,Western European Powerlifting Championships,Yes
Max Hayburn,M,SBD,Raw,,,,MR-Jr,112.7,120,210.0,-220.0,-225.0,,210.0,135.0,145.0,-150.0,,145.0,265.0,-285.0,-300.0,,265.0,620.0,1,363.93,362.26,346.51,74.11,Yes,Wales,,WelshPA,IPF,2023-01-28,Wales,,Cardiff,Winter Cup,Yes
Ivan Petruk,M,SBD,Single-ply,25.5,24-34,24-39,Open,63.85,66,180.0,200.0,-215.0,,200.0,110.0,120.0,-125.0,,120.0,180.0,195.0,-202.5,,195.0,515.0,6,413.73,415.75,404.65,70.65,Yes,,,UkrainePF,IPF,2011-12-07,Ukraine,,Kolomyia,Ukrainian Powerlifting Cup,Yes
Daniel Gromstad Martinussen,M,B,Raw,,,,Open,104.59,105,,,,,,157.5,-170.0,-172.5,,157.5,,,,,,157.5,9,95.14,94.24,89.99,70.65,Yes,,,NSF,IPF,2016-12-03,Norway,,Bergen,NM benkpress utstyrsfritt,Yes
Gary Brooks,M,SBD,Single-ply,,,,Collegiate,75.0,75,,,,,205.0,,,,,137.5,,,,,205.0,547.5,1,392.79,390.13,376.96,67.27,,USA,,USPF,IPF,1984-02-12,USA,OH,Ravenna,Ohio State Championships,Yes
M. Singh,M,SBD,Single-ply,,20-23,,U23,80.9,82.5,,,,,190.0,,,,,95.0,,,,,215.0,500.0,2,342.52,338.97,326.45,58.62,Yes,England,WM,BAWLA,IPF,1999-08-01,England,,Birmingham,British Junior and Under 23 Championships,Yes
Ivan Falaleev,M,SBD,Single-ply,15.5,16-17,14-18,Sub-Juniors,56.0,56,,,,,120.0,,,,,55.0,,,,,130.0,305.0,3,272.99,277.66,272.23,46.28,Yes,Russia,,FPR,IPF,2004-11-13,Russia,LEN,St. Petersburg,St. Petersburg Juniors & Sub-Juniors Powerlifting Championships,Yes
Brent Davis,M,SBD,Single-ply,,,40-49,Masters 1,74.8,75,,,,,205.0,,,,,120.0,,,,,237.5,562.5,2,404.24,401.56,388.05,69.23,Yes,Canada,BC,CPU,IPF,2000-02-26,Canada,SK,Moose Jaw,Nationals,Yes
Najef Zondringa,M,SBD,Raw,31.5,24-34,24-39,Open,64.5,66,122.5,135.0,140.0,,140.0,90.0,100.0,-105.0,,100.0,170.0,187.5,200.0,,200.0,440.0,2,350.75,352.17,342.58,69.43,Yes,Netherlands,,KNKF-SP,IPF,2021-09-12,Netherlands,,Geldrop,TOPFIT Cup Powerliften Classic,Yes
Robert Cseh,M,B,Raw,84.0,80-84,70-999,MR-M5a,78.77,83,,,,,,82.5,85.0,87.5,,87.5,,,,,,87.5,1,60.89,60.33,58.17,45.15,Yes,USA,FL,USAPL,IPF,2019-12-14,USA,FL,,27th Annual Florida Senior Games Championships,Yes
Yves Dubois,M,B,Raw,60.5,60-64,60-69,Masters 3,88.9,93,,,,,,,,,,143.0,,,,,,143.0,1,93.04,91.87,88.1,69.38,Yes,Canada,QC,CPU,IPF,2014-01-25,Canada,QC,Drummondville,Quebec Classic Provincials,Yes
Marcin Kuklis,M,SBD,Single-ply,27.5,24-34,24-39,Seniorzy,97.0,100,210.0,220.0,,,220.0,145.0,147.5,,,147.5,220.0,240.0,-250.0,,240.0,607.5,5,379.0,374.42,357.85,64.48,Yes,Poland,,PZKFiTS,IPF,2010-02-27,Poland,,Warsaw,Polish Powerlifting Championships,Yes
Klas Helén,M,B,Raw,79.5,75-79,70-999,Open,91.2,93,,,,,,80.0,85.0,87.5,,87.5,,,,,,87.5,1,56.2,55.49,53.15,41.91,Yes,Finland,,SVNL,IPF,2022-09-10,Finland,,Mariehamn,Åländska mästerskapen i bänkpress,Yes
Andrew Lulham,M,SBD,Single-ply,23.5,24-34,24-39,Open,82.5,82.5,,,,,220.0,,,,,137.5,,,,,242.5,600.0,5,406.44,401.94,386.75,69.53,Yes,Australia,,PA,IPF,1998-01-01,Australia,NSW,Sydney,Australian Powerlifting Championships,Yes
Marcel Kühn,M,SBD,Raw,43.5,40-44,40-49,Open,96.8,,167.5,180.0,190.0,,190.0,110.0,115.0,120.0,,120.0,167.5,180.0,190.0,,190.0,500.0,34,312.23,308.44,294.81,64.15,Yes,,,OEVK,IPF,2023-07-08,Austria,,Dornbirn,Länderpokal KDK Classic,Yes
Chris Brigham,F,SBD,Single-ply,50.0,50-54,50-59,Masters 50-54,52.0,52,,,,,70.0,,,,,,,,,,,,DQ,,,,,Yes,USA,,USAPL,IPF,1999-04-10,USA,CA,Napa,California State,Yes
Zau Lahtaw,M,SBD,Raw,20.5,20-23,19-23,MR-O,92.4,93,207.5,220.0,227.5,,227.5,130.0,137.5,145.0,,145.0,225.0,245.0,-260.0,,245.0,617.5,3,394.12,389.11,372.51,81.04,Yes,USA,VA,USAPL,IPF,2019-06-08,USA,VA,,4th Annual Battle at the Beach,Yes
B. Harrison,M,SBD,Single-ply,,,,Open,82.5,82.5,,,,,235.0,,,,,135.0,,,,,275.0,645.0,1,436.92,432.09,415.76,74.75,Yes,Canada,BC,CPU,IPF,1999-10-30,Canada,BC,Coquitlam,Fall Classic,Yes
David Vaughan,M,SBD,Single-ply,,,40-49,Masters 1,90.0,90,,,,,225.0,,,,,155.0,,,,,255.0,635.0,1,410.59,405.38,388.52,70.07,Yes,,,OceaniaPF,IPF,2000-07-30,Australia,NSW,Sydney,Australian & Oceania Championships,Yes
Václav Kolářík,M,SBD,Single-ply,22.5,20-23,19-23,Open,106.5,110,,,,,270.0,,,,,195.0,,,,,,,DQ,,,,,Yes,,,CSST,IPF,2004-04-08,Czechia,,Mladá Boleslav,Mistrovství ČR Juniorů v Silovém Trojboji,Yes
D. Kostich,M,SBD,Single-ply,,,,Open,110.0,110,,,,,226.8,,,,,147.42,,,,,249.48,623.69,1,369.39,367.04,350.8,62.45,,,,USPF,IPF,1980-04-05,USA,MN,Wilmar,Wilmar Class III Meet,Yes
Sofie Östberg,F,SBD,Single-ply,,,,Open,61.0,63,,,,,100.0,,,,,62.5,,,,,155.0,317.5,5,348.33,349.49,308.72,58.4,Yes,,,SSF,IPF,2017-04-01,Sweden,,,Svealandsmästerskapen,Yes
Travis Corbett,M,SBD,Raw,27.0,24-34,24-39,MR-O,91.55,93,202.5,-215.0,-215.0,,202.5,102.5,-130.0,-132.5,,102.5,217.5,232.5,-235.0,,232.5,537.5,2,344.61,340.22,325.83,70.86,Yes,USA,OH,USAPL,IPF,2021-09-04,USA,OH,,Ohio Summer Showdown,Yes
Aleksandr Zimin,M,SBD,Single-ply,36.5,35-39,24-39,Open,106.4,110,270.0,280.0,-290.0,,280.0,160.0,170.0,-175.0,,170.0,280.0,290.0,305.0,,305.0,755.0,8,452.94,449.1,428.91,76.71,Yes,Russia,,FPR,IPF,1992-10-09,Russia,STA,Stavropol,Russian Powerlifting Cup,Yes
Jonhatan Friedmann,M,SBD,Raw,29.5,24-34,24-39,Seniors,75.8,83,110.0,130.0,140.0,,140.0,90.0,100.0,110.0,,110.0,160.0,180.0,-200.0,,180.0,430.0,13,306.42,304.16,293.76,62.35,Yes,,,FFForce,IPF,2021-12-11,France,,Le Crès,Grand Prix des départements d'Occitanie,Yes
Sergey Odegov,M,SBD,Single-ply,36.5,35-39,24-39,Open,124.65,120+,,,,,315.0,,,,,250.0,,,,,340.0,905.0,1,513.37,516.0,493.92,86.23,Yes,Russia,,FPR,IPF,2013-11-02,Russia,PER,Krasnokamsk,Perm Krai Powerlifting Championships,Yes
Abe Walton,M,SBD,Raw,29.0,24-34,24-39,Open,98.84,105,217.5,230.0,242.5,,242.5,180.0,-187.5,-187.5,,180.0,252.5,267.5,277.5,,277.5,700.0,1,433.06,428.03,408.91,88.92,Yes,Australia,,APU,IPF,2020-08-22,Australia,QLD,,QLD State Championships,Yes
Aleksandr Kokorkin,M,SBD,Raw,21.5,20-23,19-23,Juniors,65.5,66,,,,,140.0,,,,,105.0,,,,,160.0,405.0,2,319.13,320.01,311.07,63.39,Yes,,,FPR,IPF,2018-11-27,Russia,TUL,Tula,Central Federal District Juniors & Sub-Juniors Powerlifting Championships,Yes
John Paretta,M,SBD,Single-ply,,24-34,24-39,Open,100.0,100,,,,,249.48,,,,,167.83,,,,,229.06,646.37,5,397.85,393.37,375.72,67.59,,USA,,USPF,IPF,1983-02-19,USA,NY,Gloversville,William Chase Memorial,Yes
Artem Krbashyan,M,SBD,Raw,17.5,18-19,14-18,Sub-Juniors,57.95,59,,,,,125.0,,,,,90.0,,,,,150.0,365.0,2,317.16,321.52,314.59,60.98,Yes,,,FPR,IPF,2019-04-04,Russia,KDA,Tbilisskaya,South and North Caucasus Juniors & Sub-Juniors Championships,Yes
Shivam Kumar Prajapathi,M,SBD,Single-ply,,,,Sub-Juniors,74.5,83,,,,,210.0,,,,,105.0,,,,,195.0,510.0,3,367.46,365.11,352.88,62.93,Yes,,,PI,IPF,2017-08-14,India,,Allephey,South Indian Powerlifting Championships,Yes
Sylvie Mingot,F,B,Raw,50.0,50-54,50-59,Masters,55.45,,,,,,,87.5,-92.5,92.5,,92.5,,,,,,92.5,1,107.92,109.68,97.04,83.96,Yes,France,,FFForce,IPF,2020-02-01,France,,Avallon,Eliminatoires Jean Villenave BFC,Yes
Andrew Coiley,M,SBD,Raw,18.5,18-19,19-23,MR-V,70.65,74,155.0,165.0,175.0,,175.0,82.5,90.0,-92.5,,90.0,157.5,165.0,172.5,,172.5,437.5,9,326.54,325.56,315.38,65.8,Yes,USA,WI,USAPL,IPF,2021-05-27,USA,CO,,High School and Teen National Championship,Yes
Abdelkader Aissa,M,SBD,Single-ply,39.5,35-39,40-49,Open,67.16,67.5,-210.0,-210.0,210.0,,210.0,145.0,150.0,-152.5,,150.0,-285.0,285.0,-295.0,,285.0,645.0,8,498.95,499.32,484.8,85.34,Yes,Algeria,,IPF,IPF,2009-11-02,India,,New Delhi,World Powerlifting Championships,Yes
Minna Lindblom,F,B,Raw,,,,Open,69.2,72,,,,,,,,,,87.5,,,,,,87.5,6,89.06,87.75,77.37,69.68,Yes,,,SSF,IPF,2019-06-30,Sweden,,,SM Klassisk Bänkpress,Yes
Thomas Boiar,M,SBD,Single-ply,40.0,40-44,40-49,Masters 1,81.0,83,200.0,210.0,220.0,,220.0,-125.0,125.0,-135.0,,125.0,220.0,230.0,242.5,,242.5,587.5,1,402.18,397.99,383.26,68.83,Yes,,,BVDK,IPF,2023-10-21,Germany,NRW,Gütersloh,Landesmeisterschaft NRW Jugend/Junioren/Altersklassen,Yes
Konrad Dahl,M,SBD,Raw,27.5,24-34,24-39,MR-O,116.7,120,,,,,,,,,,,,,,,,,DD,,,,,Yes,USA,CA,USAPL,IPF,2016-08-13,USA,CA,Laguna Niguel,Juggernaut Summer Showdown,Yes
Mariya Bykova,F,SBD,Single-ply,17.5,18-19,14-18,Open,77.5,82.5,,,,,100.0,,,,,50.0,,,,,,,DQ,,,,,Yes,,,FPR,IPF,2007-04-27,Russia,BRY,Dobrun,Bryansk Powerlifting Championships,Yes
Aleksandr Ponedelin,M,SBD,Single-ply,55.0,55-59,50-59,Masters 2,67.35,67.5,,,,,220.0,,,,,95.0,,,,,230.5,545.0,2,420.73,420.95,408.66,71.96,Yes,Russia,,FPR,IPF,2006-04-14,Russia,LEN,St. Petersburg,Russian Masters Powerlifting Championships,Yes
Andrew Pritchard,M,SBD,Single-ply,,,,Open,96.7,100,,,,,177.5,,,,,120.0,,,,,225.0,522.5,3,326.43,322.47,308.22,55.55,Yes,,,BAWLA,IPF,1990-02-17,England,,Warwick,British Students Championships,Yes
Jodi Basha,F,SBD,Single-ply,,20-23,19-23,Juniors,60.0,60,,,,,112.5,,,,,82.5,,,,,137.5,332.5,1,368.59,370.7,327.53,61.76,Yes,Canada,NL,CPU,IPF,2006-06-11,Canada,NL,St. John's,Newfoundland Provincial Champ.,Yes
Bill McKisic,M,SBD,Single-ply,,,,Open,125.0,125,,,,,255.0,,,,,160.0,,,,,272.5,687.5,2,389.64,391.77,374.91,65.44,,,,USPF,IPF,1982-05-22,USA,WV,Parkersburg,Parkersburg Open,Yes
Lorenzo Roncaglia,M,B,Raw,19.5,20-23,19-23,Junior,99.68,105,,,,,,180.0,-195.5,-197.5,,180.0,,,,,,180.0,7,110.95,109.69,104.77,82.59,Yes,,,FIPL,IPF,2023-01-23,Italy,,S.Zenone al Lambro,7 gara nazionale open di panca classic M F,Yes
Shannon Moran,F,SBD,Single-ply,,20-23,,F-Jr,90.0,90,,,,,140.16,,,,,77.56,,,,,167.38,385.1,1,343.32,332.75,289.23,59.01,Yes,USA,,USAPL,IPF,2004-05-22,USA,IN,Fort Wayne,State Championships,Yes
Nikita Fedorov,M,SBD,Raw,14.5,13-15,14-18,Sub-Juniors,61.8,66,,,,,90.0,,,,,50.0,,,,,110.0,250.0,13,206.03,207.63,202.42,40.36,Yes,Russia,,FPR,IPF,2017-12-22,Russia,KLU,Kaluga,Kaluga Oblast Sub-Juniors Classic Powerlifting Championships,Yes
Ann Leverett,F,SBD,Single-ply,42.0,40-44,40-49,Open,43.8,44,115.0,-122.5,-125.0,,115.0,67.5,77.5,83.0,,83.0,142.5,-155.0,157.5,,157.5,355.0,4,490.67,501.38,449.94,82.2,Yes,USA,,IPF,IPF,1996-06-25,Canada,ON,Kitchener,Women's World Powerlifting Championships,Yes
Katharina Unger,F,D,Raw,26.0,24-34,24-39,Open,62.95,63,,,,,,,,,,,127.5,-137.5,-140.0,,127.5,127.5,3,137.19,137.01,120.99,,Yes,,,BVDK,IPF,2024-06-29,Germany,BY,Landshut,Internationales Turnier Bavaria-Cup im Kreuzheben,Yes
Charlotte Peyraud,F,SBD,Raw,27.0,24-34,24-39,Open,58.7,63,95.0,102.5,105.0,,105.0,87.5,92.5,95.0,,95.0,140.0,147.5,152.5,,152.5,352.5,5,396.24,399.75,353.3,80.92,Yes,France,,FFForce,IPF,2021-07-16,France,,Port-la-Nouvelle,Championnats de France Jeunes et Élite de Force Athlétique,Yes
Jacob Cabral,M,SBD,Single-ply,15.5,16-17,14-18,M-JV,79.1,83,172.5,200.0,-215.0,,200.0,90.0,102.5,-105.0,,102.5,145.0,172.5,182.5,,182.5,485.0,1,336.68,333.5,321.5,57.64,Yes,USA,MA,USAPL,IPF,2016-03-13,USA,MA,,6th Annual Ryan Moore New England Open High School Championship,Yes
Tiina Kiviranta,F,SBD,Raw,53.5,50-54,50-59,Over 50,97.43,84+,130.0,140.0,145.5,,145.5,70.0,75.0,-77.5,,75.0,140.0,150.0,-155.0,,150.0,370.5,2,319.44,310.95,267.98,66.56,Yes,Finland,,SVNL,IPF,2020-11-14,Finland,,Ylöjärvi,Masters - klassisen voimanoston SM-kilpailu,Yes
Damien Douib,M,SBD,Raw,25.0,24-34,24-39,Open,97.63,,205.0,215.0,220.0,,220.0,137.5,145.0,147.5,,147.5,225.0,240.0,247.5,,247.5,615.0,43,382.56,378.0,361.21,78.59,Yes,,,FFForce,IPF,2023-07-01,France,,Saint-Germain-en-Laye,Silent Worker Meet,Yes
Josef Mička,M,SBD,Single-ply,43.5,40-44,40-49,Open,98.0,100,,,,,235.0,,,,,172.5,,,,,277.5,685.0,1,425.39,420.35,401.64,72.34,Yes,,,CSST,IPF,1993-02-13,Czechia,,Č.Budějovice,Mistrovství Jižních Čech v Silovém Trojboji,Yes
Poppy Ferguson,F,SBD,Raw,26.0,24-34,24-39,Open,56.75,57,,,,,130.0,,,,,80.5,,,,,140.0,350.5,3,402.72,408.12,360.91,82.49,Yes,New Zealand,,ORPF,IPF,2019-03-12,Australia,QLD,Gold Coast,Asian Pacific Championship,Yes
Daniele Ghignoli,M,SBD,Single-ply,,,40-49,Masters 1,80.0,82.5,230.0,240.0,-247.5,,240.0,120.0,-130.0,-130.0,,120.0,240.0,255.0,265.0,,265.0,625.0,2,430.97,426.69,411.13,73.77,Yes,Italy,,FIPL,IPF,2002-12-06,Italy,,Vizzolo,Coppa Italia A Squadre,Yes
Samvel Gabuzyan,M,SBD,Raw,22.5,20-23,19-23,Open,56.42,59,,,,,132.5,,,,,105.0,,,,,140.0,377.5,1,335.68,341.16,334.34,63.98,Yes,,,FPR,IPF,2018-12-20,Russia,MOW,Moscow,Moscow City Classic Powerlifting Cup,Yes
Bidika Purna Chandra,M,SBD,Single-ply,48.5,45-49,40-49,Masters 1,55.2,56,130.0,140.0,150.0,,150.0,50.0,65.0,-70.0,,65.0,140.0,150.0,160.0,,160.0,375.0,1,339.96,346.25,339.77,57.56,Yes,India,,IPF,IPF,2006-10-02,USA,TX,Killeen,World Masters Powerlifting Championships,Yes
Tom Kelly,M,SBD,Single-ply,,,,Open,100.0,100,,,,,283.5,,,,,192.78,,,,,290.3,766.57,1,471.84,466.53,445.58,80.16,,,,USPF,IPF,1982-03-13,USA,PA,Mechanicsburg,Mr Cumberland Valley,Yes
Tor Granvang,M,B,Single-ply,38.0,35-39,24-39,Open,87.5,90,,,,,,,,,,162.5,,,,,,162.5,1,106.6,105.28,101.03,55.8,Yes,Norway,,NSF,IPF,2001-06-16,Norway,,Brumunddal,KM Benk og 3-løft,Yes
Jack Thompson,M,SBD,Raw,,,,M-C-U23,100.95,105,227.5,235.0,247.5,,247.5,117.5,122.5,-125.0,,122.5,265.0,280.0,285.0,,285.0,655.0,2,401.53,397.14,379.26,82.38,Yes,England,YNE,EPA,IPF,2018-06-09,England,,Leeds,Yorkshire North East Juniors & Masters Powerlifting Championships,Yes
Nicolas Palmiotti,M,SBD,Single-ply,21.5,20-23,19-23,Junior,114.91,120,-225.0,230.0,-235.0,,230.0,137.5,145.0,150.0,,150.0,215.0,-227.5,227.5,,227.5,607.5,2,354.12,353.06,337.95,59.73,Yes,,,FIPL,IPF,2022-06-05,Italy,,S.Zenone al Lambro,39 gara nazionale open di powerlifting attrezzata maschile e femminile,Yes
Abigail Simmons,F,SBD,Raw,26.5,24-34,24-39,FR-O,68.5,72,125.0,132.5,137.5,,137.5,70.0,75.0,-80.0,,75.0,150.0,160.0,167.5,,167.5,380.0,8,389.01,383.8,338.47,79.05,Yes,England,SW,EPA,IPF,2019-05-25,England,,Moulton,Women's All England Powerlifting Championships,Yes
Riina Hartikainen,F,B,Single-ply,22.0,20-23,19-23,Juniors,50.45,52,,,,,,70.0,72.5,80.0,,80.0,,,,,,80.0,1,99.6,102.07,90.6,56.86,Yes,Finland,,IPF,IPF,2024-05-22,USA,TX,Austin,World Bench Press Championships,Yes
Vasilii Motovilnik,M,B,Single-ply,60.5,60-64,60-69,Masters 3,73.1,74,,,,,,-180.0,-185.0,-185.0,,,,,,,,,DQ,,,,,Yes,Russia,,FPR,IPF,2018-02-01,Russia,SVE,Rezh,Russian Masters Bench Press Championships,Yes
Monica Serventi,F,SBD,Raw,47.5,45-49,40-49,Master I,72.88,76,130.0,137.5,145.0,,145.0,75.0,80.0,85.0,,85.0,150.0,157.5,165.0,,165.0,395.0,6,390.67,382.46,336.76,79.49,Yes,,,FIPL,IPF,2022-08-07,Italy,,S.Zenone al Lambro,6 Gara Nazionale Open di Powerlifting Classic Femminile Finali,Yes
Sophie Boyce,F,SBD,Raw,26.0,24-34,24-39,Open,82.45,84,137.5,145.0,150.0,,150.0,82.5,-87.5,-87.5,,82.5,150.0,160.0,165.0,,165.0,397.5,1,369.04,357.85,313.25,75.63,Yes,New Zealand,,NZPF,IPF,2022-11-19,New Zealand,CAN,Christchurch,Canterbury Raw Cup,Yes
Maicol Boero,M,B,Raw,21.5,20-23,19-23,Junior,81.94,83,,,,,,130.0,135.0,-137.5,,135.0,,,,,,135.0,3,91.8,90.81,87.4,68.26,Yes,,,FIPL,IPF,2018-11-16,Italy,,San Zenone al Lambro,XIX Campionato Italiano di Panca equipped e IV Campionato Italiano di Panca Classic,Yes
Jake Harris,M,SBD,Raw,19.0,18-19,19-23,MR-O,82.2,83,140.0,152.5,162.5,,162.5,-107.5,112.5,-117.5,,112.5,175.0,192.5,202.5,,202.5,477.5,6,324.12,320.58,308.51,66.42,Yes,,,EPA,IPF,2022-04-23,England,SW,Bournemouth,180 Barbell Open,Yes
Tim Newman,M,SBD,Single-ply,,,,Teen,52.0,52,,,,,115.0,,,,,65.0,,,,,120.0,300.0,2,287.34,294.38,289.91,48.4,,USA,,USPF,IPF,1984-06-02,USA,AZ,Scottsdale,Arizona State Teenage Meet,Yes
Petrohilos,M,SBD,Single-ply,,,,Open,82.5,82.5,,,,,210.92,,,,,124.74,,,,,233.6,569.26,5,385.61,381.35,366.93,65.97,,,,USPF,IPF,1983-11-20,USA,OH,Columbus,Ohio State University Meet,Yes
Ruslan Blakhtin,M,B,Raw,20.5,20-23,19-23,Open,68.5,74,,,,,,80.0,85.0,-90.0,,85.0,,,,,,85.0,4,64.83,64.78,62.84,47.25,Yes,,,FPR,IPF,2011-08-06,Russia,KYA,Krasnoyarsk,Russian Railways Bench Press Tournament,Yes
Jc Beaty,M,BD,Raw,80.0,80-84,70-999,MR-M5,64.52,66,,,,,,82.5,-85.0,-90.0,,82.5,132.5,140.0,145.0,,145.0,227.5,1,181.31,182.04,177.08,,Yes,USA,FL,AMP,IPF,2024-12-07,USA,FL,Lutz,33rd Annual Florida Senior Games Championship,Yes
Michelle Russell,F,SBD,Raw,51.5,50-54,50-59,Masters 2,69.3,76,80.0,87.5,-90.0,,87.5,52.5,-57.5,-57.5,,52.5,105.0,107.5,110.0,,110.0,250.0,2,254.25,250.45,220.82,51.67,Yes,Australia,NSW,APU,IPF,2021-11-21,Australia,,,Collate National Championships,Yes
Kaylie Ball,F,SBD,Raw,14.5,13-15,14-18,FR-O,54.2,57,72.5,75.0,77.5,,77.5,40.0,42.5,-45.0,,42.5,85.0,87.5,90.0,,90.0,210.0,2,248.8,253.49,224.4,51.23,Yes,USA,AK,USAPL,IPF,2016-02-27,USA,AK,,Kenai Classic,Yes
Richard Kuriger,M,SBD,Raw,70.0,70-74,70-999,MR-M4a,90.8,100,62.5,70.0,75.0,,75.0,42.5,45.0,-47.5,,45.0,105.0,115.0,120.0,,120.0,240.0,1,154.5,152.53,146.13,31.77,Yes,USA,,USAPL,IPF,2012-11-03,USA,TX,Austin,Longhorn Open,Yes
Jaswinder Kour,F,SBD,Raw,27.0,24-34,24-39,Open,65.24,69,,,,,157.5,,,,,82.5,,,,,172.5,412.5,2,434.43,431.58,380.92,88.29,Yes,,,PI,IPF,2025-02-19,India,,Phagwara,National Senior Classic Powerlifting Championship,Yes
Nikolay Orlov,M,SBD,Single-ply,16.5,16-17,14-18,Sub-Juniors,65.0,67.5,,,,,210.0,,,,,125.0,,,,,192.5,527.5,7,418.05,419.47,407.9,71.43,Yes,Russia,,FPR,IPF,2007-07-11,Russia,KHM,Khanty-Mansiysk,Russian Sub-Juniors Powerlifting Championships,Yes
Igor Mezentsev,M,SBD,Single-ply,19.5,20-23,19-23,Open,103.85,105,,,,,320.0,,,,,210.0,,,,,285.0,815.0,12,493.73,488.92,466.85,83.72,Yes,,,FPR,IPF,2011-05-16,Russia,LEN,St. Petersburg,White Nights,Yes
René Perl,M,B,Single-ply,49.0,45-49,40-49,Masters 1,112.2,120,,,,,,-195.0,-195.0,-195.0,,,,,,,,,DQ,,,,,Yes,Germany,,BVDK,IPF,2022-10-30,Germany,,Greifswald,DM BD Equipped,Yes
J. Albiston,M,SBD,Single-ply,,,,Class II,125.0,125,,,,,220.0,,,,,152.5,,,,,245.0,617.5,3,349.97,351.88,336.74,58.78,,,,USPF,IPF,1985-12-14,USA,TX,Arlington,Annual Texas Powerlift Classic,Yes
Denielle Wauthier,F,BD,Raw,29.5,24-34,24-39,FR-O,69.7,76,,,,,,77.5,82.5,-85.0,,82.5,170.0,-177.5,-177.5,,170.0,252.5,1,255.96,251.94,222.11,,Yes,USA,PA,USAPL,IPF,2021-07-10,USA,WV,,Viking Summer Raid,Yes
A. Ogiwarae,M,SBD,Single-ply,,,,Open,67.5,67.5,,,,,200.0,,,,,125.0,,,,,200.0,525.0,2,404.64,404.78,392.92,69.22,Yes,,,JPA,IPF,1992-04-19,Japan,,Tokyo,Tokyo Powerlifting Championships,Yes
Sarath Kumar R,M,SBD,Single-ply,42.0,40-44,40-49,Masters 1,131.5,120+,,,,,285.0,,,,,201.0,,,,,275.0,761.0,1,424.65,429.55,410.05,71.16,Yes,,,PI,IPF,2018-07-26,India,,Calicut,Indian Masters Powerlifting Championships,Yes
Lyudmila Nikolaeva,F,SBD,Single-ply,34.5,24-34,24-39,Open,62.1,63,,,,,150.0,,,,,85.0,,,,,150.0,385.0,3,417.74,418.02,369.18,70.08,Yes,,,FPR,IPF,2014-12-01,Russia,PER,Osa,Volga Powerlifting Championships,Yes
Lauren Varosi-Garavaglia,F,SBD,Raw,19.5,20-23,19-23,FR-O,135.9,84+,165.0,185.0,195.0,,195.0,82.5,87.5,95.0,,95.0,165.0,-180.0,180.0,,180.0,470.0,1,366.37,367.5,309.71,79.16,Yes,USA,IL,USAPL,IPF,2016-04-30,USA,IL,,Illinois State Championships,Yes
Leo Tuominen,M,SBD,Single-ply,43.5,40-44,40-49,Over 40,75.0,75,,,,,240.0,,,,,145.0,,,,,285.0,670.0,1,480.67,477.42,461.3,82.32,Yes,Finland,,SVNL,IPF,1995-04-08,Finland,,Ylöjärvi,Veteraanien M40 voimanoston SM-kisat,Yes
Alexander Taschner,M,B,Raw,30.0,24-34,24-39,Open,92.3,93,,,,,,157.5,-162.5,162.5,,162.5,,,,,,162.5,1,103.77,102.45,98.08,77.38,Yes,Austria,,OEVK,IPF,2019-10-05,Austria,,Wien,Wiener & Burgenländische Landesmeisterschaft im BD Classic,Yes
Nina Heikkinen,F,SBD,Raw,16.5,16-17,14-18,Under 18,75.45,84,100.0,115.0,125.0,,125.0,40.0,47.5,-52.5,,47.5,115.0,125.0,130.0,,130.0,302.5,1,293.7,286.5,251.96,59.85,Yes,Finland,,SVNL,IPF,2020-09-12,Finland,,Kokkola,NPowe Klassinen Voimanosto,Yes
Artem Kravkov,M,B,Single-ply,17.5,18-19,14-18,Open,65.1,66,,,,,,,,,,95.0,,,,,,95.0,4,75.2,75.45,73.36,41.81,Yes,,,FPR,IPF,2015-04-04,Russia,KLU,Kozelsk,Kaluga Oblast Bench Press Cup,Yes
Andreas Michalsen,M,SBD,Raw,22.5,20-23,19-23,Juniors 19-23,106.1,120,150.0,160.0,170.0,,170.0,100.0,110.0,-120.0,,110.0,180.0,190.0,200.0,,200.0,480.0,2,288.28,285.79,272.94,58.98,Yes,Norway,,NSF,IPF,2013-12-14,Norway,,Kraftsenteret Mo i Rana,Åpent stevne,Yes
Willie McKie,M,SBD,Single-ply,,,,M-E-G,90.0,90,,,,,225.0,,,,,145.0,,,,,200.0,570.0,G,368.56,363.88,348.75,62.9,Yes,Scotland,,BAWLA,IPF,2001-02-11,UK,,Gateshead,YNE Masters Powerlifting,Yes
Dmitriy Belousov,M,B,Single-ply,33.5,24-34,24-39,Open,104.2,105,,,,,,-255.0,-255.0,-255.0,,,,,,,,,DQ,,,,,Yes,Russia,,FPR,IPF,2020-02-18,Russia,MOW,Moscow,Russian Bench Press Championships,Yes
Allison Villarreal,F,SBD,Single-ply,19.5,20-23,19-23,F-C,92.19,84+,155.0,167.5,-175.0,,167.5,95.0,100.0,105.0,,105.0,155.0,-165.0,-165.0,,155.0,427.5,9,377.15,365.85,317.25,64.96,Yes,USA,TX,USAPL,IPF,2018-04-19,USA,TX,College Station,Collegiate Nationals,Yes
Fréderic Bachellerie,M,B,Raw,45.5,45-49,40-49,Masters 1,81.4,83,,,,,,-137.5,-140.0,-140.0,,,,,,,,,DQ,,,,,Yes,,,FFForce,IPF,2024-11-16,France,,Saint-Étienne,Challenge Stéphanois,Yes
Mike Fitzgerald,M,B,Single-ply,,35-39,40-49,M-M1a,90.0,90,,,,,,,,,,155.13,,,,,,155.13,1,100.31,99.03,94.91,52.33,Yes,USA,IA,USAPL,IPF,2004-02-29,USA,IA,Sioux City,Sioux City Open,Yes
Sean Trotter,M,SBD,Single-ply,,,,Open,90.0,90,,,,,235.0,,,,,130.0,,,,,235.0,600.0,2,387.96,383.04,367.1,66.21,Yes,Australia,,PA,IPF,2000-12-09,Australia,VIC,Melbourne,Melbourne University Extravaganza,Yes
Ed Smith #3,M,SBD,Single-ply,,,,Open,90.0,90,,,,,220.0,,,,,170.0,,,,,230.0,620.0,10,400.89,395.8,379.34,68.42,,,,USPF,IPF,1982-03-06,USA,NC,Greensboro,North Carolina Championships,Yes
R. Silva,M,SBD,Single-ply,,,,Open,90.0,90,,,,,150.0,,,,,107.5,,,,,192.5,450.0,6,290.97,287.28,275.33,49.66,,,,USPF,IPF,1979-12-08,USA,HI,Honolulu,Hawaii State PL Championship,Yes
田中 祐一郎,M,B,Single-ply,46.5,45-49,40-49,Masters 1,58.24,59,,,,,,147.5,-152.5,-152.5,,147.5,,,,,,147.5,4,127.62,129.32,126.5,73.88,Yes,,,JPA,IPF,2014-11-29,Japan,,Osaka,Japanese Bench Press Championships,Yes
Dmitriy Panfilov,M,SBD,Single-ply,23.5,24-34,24-39,Open,98.1,100,,,,,305.0,,,,,217.5,,,,,290.0,812.5,1,504.34,498.38,476.19,85.76,Yes,Kazakhstan,,AsianPF,IPF,1998-04-12,South Korea,,Sam-Chuk,Asian Powerlifting Championships,Yes
Þráinn Gunnarsson,M,BD,Single-ply,,,,Open,86.0,90,,,,,,,,,,95.0,,,,,140.0,235.0,2,155.58,153.7,147.6,,Yes,,,KRAFT,IPF,2000-01-01,Iceland,,Reykjavík,Meistaramót Orkulindar í bekkpressu og réttstöðulyftu,Yes
Joe Carroll,M,B,Raw,,,,Masters 40-46,,,,,,,,,,,,120.2,,,,,,120.2,4,,,,,,,,USPF,IPF,1985-06-09,USA,PA,Reading,Millards Fitness Open Bench,Yes
Lucie Stefaniková,F,SBD,Raw,27.5,24-34,24-39,Open,75.68,76,195.0,-202.5,-202.5,,195.0,105.0,-110.0,110.0,,110.0,-210.0,-210.0,210.0,,210.0,515.0,6,499.22,486.84,428.1,101.74,Yes,Iceland,,EPF,IPF,2023-12-04,Estonia,,Tartu,European Open Classic Powerlifting Championships,Yes
Jerome Bertens,M,SBD,Raw,20.0,20-23,19-23,Juniors,89.2,93,200.0,210.0,217.5,,217.5,110.0,-120.0,125.0,,125.0,200.0,210.0,220.0,,220.0,562.5,3,365.36,360.75,345.87,75.11,Yes,Belgium,,VGPF,IPF,2023-09-16,Belgium,,Lokeren,Interclub 3,Yes
Sergey Shipitsin,M,B,Single-ply,50.5,50-54,50-59,Masters 2,118.3,120,,,,,,170.0,175.0,-180.0,,175.0,,,,,,175.0,2,100.99,100.95,96.72,51.74,Yes,,,FPR,IPF,2017-03-03,Russia,KEM,Kemerovo,Siberian Bench Press Championships,Yes
Guillaume Clarens,M,SBD,Raw,,,,Open,82.4,83,200.0,212.5,220.0,,220.0,165.0,170.0,-172.5,,170.0,200.0,212.5,225.0,,225.0,615.0,1,416.88,412.29,396.73,85.45,Yes,,,APU,IPF,2023-04-01,Australia,QLD,,Effectus Cup,Yes
Evgeniy Nosach,M,B,Single-ply,34.5,24-34,24-39,Open,82.5,83,,,,,,205.0,215.0,222.5,,222.5,,,,,,222.5,5,150.72,149.05,143.42,79.54,Yes,Russia,,FPR,IPF,2011-11-24,Russia,KYA,Krasnoyarsk,Russian Bench Press Cup,Yes
Scott Edwards,M,SBD,Single-ply,,16-17,14-18,M-T2,90.0,90,,,,,170.1,,,,,122.47,,,,,192.78,485.34,4,313.82,309.84,296.95,53.56,Yes,,,USAPL,IPF,2004-05-08,USA,MI,Goodrich,No Frills Teen/Junior Qualifier,Yes
Darya Volonina,F,SBD,Raw,14.5,13-15,14-18,Sub-Juniors,60.0,63,,,,,62.5,,,,,35.0,,,,,70.0,167.5,2,185.68,186.74,165.0,37.86,Yes,Russia,,FPR,IPF,2013-12-28,Russia,NIZ,Arzamas,Arzamas Classic Juniors & Sub-Juniors Powerlifting Championships,Yes
Isaac Calvillo,M,D,Raw,22.5,20-23,19-23,MR-Jr,100.5,105,,,,,,,,,,,,,,,240.0,240.0,1,147.41,145.77,139.22,,Yes,USA,,USAPL,IPF,2015-02-14,USA,AZ,,Valentine's Day Lover's Quarrel,Yes
Heather Williams,F,SBD,Raw,40.5,40-44,40-49,FR-M1,60.95,63,90.0,-95.0,-95.0,,90.0,50.0,52.5,-55.0,,52.5,100.0,-110.0,-110.0,,100.0,242.5,1,266.19,267.1,235.95,54.23,Yes,USA,AZ,USAPL,IPF,2019-11-02,USA,AZ,,WSS Backyard Power Fest,Yes
Jochen Wolf,M,B,Raw,49.5,45-49,50-59,Masters 2,166.0,120+,,,,,,,,,,125.0,,,,,,125.0,1,65.45,68.15,63.67,46.61,Yes,,,BVDK,IPF,2020-03-07,Germany,NI,Todtglüsingen,offene Landesmeisterschaften im Bankdrücken,Yes
Mariya Kostogriz,F,SBD,Single-ply,18.5,18-19,19-23,Open,47.8,48,,,,,40.0,,,,,55.0,,,,,55.0,150.0,2,194.16,199.27,177.42,32.45,Yes,Belarus,,BelPF,IPF,2010-12-08,Belarus,,Minsk,Belarus Students' Games,Yes
Sergey Novikov #13,M,SBD,Single-ply,21.5,20-23,19-23,Open,73.2,75,,,,,155.0,,,,,115.0,,,,,160.0,430.0,19,313.39,311.72,301.51,53.67,Yes,Belarus,,BelPF,IPF,2004-04-14,Belarus,,Minsk,Belarus Students' Games,Yes
Yves Dubois,M,B,Raw,70.5,70-74,70-999,Masters 4,88.6,93,,,,,,125.0,-132.5,-132.5,,125.0,,,,,,125.0,3,81.47,80.45,77.16,60.75,Yes,Canada,,IPF,IPF,2024-05-22,USA,TX,Austin,World Bench Press Championships,Yes
Florian Roiron,M,SBD,Single-ply,23.0,20-23,19-23,Seniors,101.7,105,160.0,167.5,-175.0,,167.5,112.5,117.5,120.0,,120.0,195.0,205.0,-212.5,,205.0,492.5,1,300.96,297.76,284.34,51.09,Yes,,,FFForce,IPF,2018-10-20,France,,Beaumont,Premier Pas FA PL DC BP LAURAF,Yes
N. Sakkari,M,B,Raw,,,,Open,55.8,56,,,,,,,,,,115.0,,,,,,115.0,4,103.26,105.06,103.03,71.59,Yes,Finland,,IPF,IPF,1994-12-04,Finland,,Jarvenpaa,World Disabled Bench Press Championships,Yes
Vanda Deme,F,B,Raw,19.5,20-23,19-23,Juniors,59.76,63,,,,,,62.5,67.5,72.5,,72.5,,,,,,72.5,1,80.57,81.08,71.64,62.44,Yes,Hungary,,Hunpower,IPF,2025-03-29,Hungary,,Budapest,Hungarian National Classic Bench Press Championships and Team Championships,Yes
Nikolaos Karras,M,SBD,Raw,18.0,18-19,14-18,Sub-Junior,82.75,83,202.5,210.0,220.0,,220.0,140.0,147.5,-153.5,,147.5,237.5,252.5,260.0,,260.0,627.5,1,424.34,419.61,403.69,87.0,Yes,Greece,,HPF,IPF,2023-12-15,Greece,,Iwannina,Greek Nationals,Yes
W. Holloway,M,D,Single-ply,,20-23,,Juniors,65.77,,,,,,,,,,,,,,,,206.38,206.38,3,162.12,162.52,157.94,,Yes,USA,,ADFPA,IPF,1998-08-16,USA,FL,Lakeland,Florida State Deadlift,Yes
Suzan Premji,F,SBD,Raw,,,,Open,55.2,57,,,,,92.5,,,,,55.0,,,,,122.5,270.0,2,315.97,321.29,284.28,64.91,Yes,New Zealand,,NZPF,IPF,2014-08-06,New Zealand,CAN,Christchurch,National Powerlifting Championships,Yes
Margus Kärner,M,SBD,Single-ply,21.5,20-23,19-23,Open,77.45,83,,,,,175.0,,,,,125.0,,,,,187.5,487.5,4,342.77,339.87,327.94,58.69,Yes,,,EJTL,IPF,2015-03-07,Estonia,,Tallinn,Estonian Powerlifting Championships,Yes
M. Kilpatrick,M,B,Raw,,,,Open,82.5,82.5,,,,,,,,,,120.2,,,,,,120.2,6,81.42,80.52,77.48,60.56,Yes,,,USPF,IPF,1979-11-17,USA,GA,Statesboro,Intercoastal Powerlifting and Open Bench Press Invitational,Yes
Davide Nicolin,M,D,Raw,28.5,24-34,24-39,Open,111.14,120,,,,,,,,,,,235.0,250.0,260.0,,260.0,260.0,5,153.4,152.53,145.83,,Yes,Italy,,FIPL,IPF,2017-02-24,Italy,,Bolzaneto,XVII Campionato Italiano di Stacco e III Campionato Classic di Stacco,Yes
Martin Runqvist,M,B,Single-ply,,,,Juniors,106.5,120,,,,,,,,,,182.5,,,,,,182.5,2,109.44,108.52,103.65,56.3,Yes,,,SSF,IPF,2015-11-28,Sweden,,,U/J/V SM Bänkpress - utrustning,Yes
Oleksii Melnyk,M,SBD,Single-ply,19.0,18-19,19-23,Open,73.5,75,-240.0,240.0,-260.0,,240.0,-170.0,-175.0,-175.0,,,,,,,,,DQ,,,,,Yes,,,UkrainePF,IPF,2009-12-05,Ukraine,,Kolomyia,Ukrainian Powerlifting Cup,Yes
Chihiro Teraishi,F,SBD,Single-ply,17.5,18-19,14-18,Sub-Juniors,61.25,63,107.5,-120.0,-125.0,,107.5,65.0,70.0,75.0,,75.0,110.0,120.0,-130.0,,120.0,302.5,5,331.03,331.93,293.2,55.5,Yes,Japan,,IPF,IPF,2011-08-30,Canada,SK,Moose Jaw,World Sub-Juniors & Juniors Powerlifting Championships,Yes
Andreas Hjelmtveit,M,SBD,Single-ply,,,,Juniors,99.5,100,,,,,300.0,,,,,197.5,,,,,320.0,817.5,1,504.28,498.53,476.19,85.7,Yes,Norway,,NordicPF,IPF,2005-04-16,Norway,,Sande,Nordic Juniors and Sub-Juniors Powerlifting Championships,Yes
Clive Shepherd,M,SBD,Single-ply,59.5,55-59,60-69,Masters 3,106.9,110,205.0,217.5,227.5,,227.5,127.5,135.0,-137.5,,135.0,210.0,230.0,-242.5,,230.0,592.5,2,354.8,351.88,336.09,60.07,Yes,England,,IPF,IPF,2003-10-08,Canada,SK,Regina,World Masters Powerlifting Championships,Yes
Chad Simkin,M,SBD,Raw,40.5,40-44,40-49,MR-M1a,91.4,93,125.0,132.5,140.0,,140.0,90.0,-95.0,-102.5,,90.0,175.0,185.0,195.0,,195.0,425.0,1,272.7,269.23,257.86,56.07,Yes,USA,WY,USAPL,IPF,2016-08-27,USA,ID,,M'powered Raw Ruckus,Yes
Sara Bauer,F,SBD,Raw,24.5,24-34,24-39,F-O,69.0,72,,,,,140.0,,,,,45.0,,,,,142.5,327.5,2,333.88,329.09,290.18,67.85,Yes,,,IrishPF,IPF,2017-01-21,Ireland,,,Leinster Open,Yes
Aleksandr Mikheev,M,B,Single-ply,30.5,24-34,24-39,Open,91.4,93,,,,,,190.0,200.0,-210.0,,200.0,,,,,,200.0,7,128.33,126.7,121.35,66.84,Yes,Russia,,FPR,IPF,2011-06-04,Russia,NIZ,Dzerzhinsk,All-Russian Bench Press Tournament,Yes
Mikhail Valeev,M,B,Raw,37.5,35-39,24-39,Paralympics,90.25,100,,,,,,130.0,135.0,137.5,,137.5,,,,,,137.5,2,88.78,87.66,84.0,66.21,Yes,,,FPR,IPF,2005-06-08,Russia,KYA,Krasnoyarsk,Russian Disabled Bench Press Championships,Yes
Jessica Pietrowicz,F,SBD,Raw,33.5,24-34,24-39,FR-G,75.15,84,147.5,152.5,-155.0,,152.5,75.0,77.5,-80.0,,77.5,160.0,170.0,175.0,,175.0,405.0,G,394.05,384.53,338.22,80.28,Yes,USA,MA,USAPL,IPF,2019-06-15,USA,NY,,New York State Championships,Yes
Nick Oliver,M,SBD,Raw,,45-49,40-49,M-C-Open,96.5,100,,,,,205.0,,,,,120.0,,,,,230.0,555.0,2,347.06,342.83,327.71,71.32,Yes,England,,BAWLA,IPF,2007-02-04,England,,Letchworth,East Midlands Unequipped Powerlifting Championships,Yes
Nikola Rak,M,B,Raw,17.5,18-19,14-18,Sub-Juniors,92.9,93,,,,,,110.0,122.5,127.5,,127.5,,,,,,127.5,1,81.16,80.14,76.7,60.52,Yes,,,HPLS,IPF,2016-06-25,Croatia,,Đurđevac,Ultimate kup u Powerliftingu i Bench pressu,Yes
Sergiy Mikita,M,SBD,Single-ply,32.5,24-34,24-39,Open,104.9,105,,,,,300.0,,,,,187.5,,,,,240.0,727.5,2,438.92,434.87,415.25,74.39,Yes,Ukraine,,UkrainePF,IPF,2021-04-22,Ukraine,,Mariupol,Ukrainian Powerlifting Championships,Yes
Espen André Bøhn,M,SBD,Single-ply,18.5,18-19,19-23,Juniors 19-23,96.0,100,,,,,180.0,,,,,105.0,,,,,195.0,480.0,1,300.88,297.18,284.12,51.22,Yes,,,NSF,IPF,2003-05-24,Norway,,Askim,Kretsmesterskap,Yes
Ray Porter #1,M,SBD,Single-ply,16.0,16-17,14-18,M-T2,82.5,82.5,,,,,147.42,,,,,99.79,,,,,208.65,455.86,1,308.8,305.38,293.84,52.83,Yes,USA,,USAPL,IPF,2003-03-08,USA,MI,Bangor,5th Annual Michiana Championships,Yes
Kai Manfred Eckert,M,D,Single-ply,21.0,20-23,19-23,Juniors,94.7,105,,,,,,,,,,,,,,,275.0,275.0,1,173.47,171.3,163.85,,Yes,Germany,,BVDK,IPF,2017-06-24,Germany,HE,Fulda,Offene Hessenmeisterschaft im Kreuzheben,Yes
Ekaterina Boykova,F,SBD,Raw,14.5,13-15,14-18,Open,59.9,63,,,,,85.0,,,,,35.0,,,,,80.0,200.0,5,221.94,223.27,197.27,45.26,Yes,Russia,,FPR,IPF,2019-11-07,Russia,KYA,Krasnoyarsk,Krasnoyarsk Krai Classic Powerlifting Championships,Yes
Alexander Baeza,M,SBD,Raw,27.0,24-34,24-39,Open,113.7,120,160.0,175.0,190.0,,190.0,95.0,102.5,110.0,,110.0,190.0,207.5,222.5,,222.5,522.5,3,305.72,304.54,291.39,62.21,Yes,Australia,,APLA,IPF,2024-06-29,Australia,NSW,,City Strength HQ Open XIX,Yes
Omar Sanchez,M,SBD,Single-ply,44.0,40-44,40-49,M-M1a,,125+,,,,,245.0,,,,,200.0,,,,,255.0,700.0,2,,,,,Yes,USA,,USAPL,IPF,2005-11-19,USA,TX,Austin,Longhorn Open,Yes
Eros Magnus Coratti,M,B,Raw,18.5,18-19,19-23,Juniors 19-23,74.2,83,,,,,,60.0,65.0,70.0,,70.0,,,,,,70.0,2,50.57,50.26,48.58,37.28,Yes,,,NSF,IPF,2011-09-06,Norway,,Vestlund park,Åpent stevne,Yes
T. Link,F,B,Raw,,,,Lightweight,,,,,,,,,,,,65.77,,,,,,65.77,1,,,,,,,,USPF,IPF,1984-10-06,USA,OR,Portland,Oregon Open Bench Press,Yes
Saruu-Erdene Zhigmidserchin,M,B,Single-ply,18.5,18-19,19-23,Open,66.0,66,,,,,,105.0,112.5,115.0,,115.0,,,,,,115.0,1,90.11,90.3,87.74,49.9,Yes,,,FPR,IPF,2011-12-04,Russia,IRK,Irkutsk,Irkutsk Bench Press Championships,Yes
Debbie Nahas,F,SBD,Single-ply,43.5,40-44,40-49,F-M1a,65.1,67.5,,,,,75.0,,,,,40.0,,,,,105.0,220.0,1,231.99,230.54,203.48,39.0,Yes,USA,,USAPL,IPF,2012-01-01,USA,,,7th Northeastern Regional Powerlifting Championships,Yes
Horst Meister,M,B,Raw,68.5,65-69,60-69,Masters 3,85.3,93,,,,,,130.0,132.5,135.0,,135.0,,,,,,135.0,1,89.77,88.7,85.22,66.87,Yes,Germany,,BVDK,IPF,2024-06-15,Germany,NRW,Herne,Regionalmeisterschaft Nordwestfalen Bankdrücken,Yes
Aleksandr Krasilnikov,M,B,Raw,32.5,24-34,24-39,Open,125.0,120+,,,,,,190.0,197.5,-202.5,,197.5,,,,,,197.5,2,111.93,112.54,107.7,81.9,Yes,Russia,,FPR,IPF,2012-02-04,Russia,CU,Cheboksary,Volga Bench Press Championships,Yes
Abrienda Chan Pei Xin,F,SBD,Raw,17.0,16-17,14-18,Sub-Juniors,49.95,52,-87.5,92.5,100.0,,100.0,50.0,55.0,-57.5,,55.0,122.5,127.5,130.0,,130.0,285.0,2,357.36,366.4,325.36,74.57,Yes,Malaysia,,AsianPF,IPF,2023-12-11,Malaysia,,Johor Bahru,Asian Classic Powerlifting Championships,Yes
Anita Kalyan,F,SBD,Raw,,,,FR-O,61.35,63,77.5,82.5,87.5,,87.5,52.5,57.5,-60.0,,57.5,115.0,125.0,130.0,,130.0,275.0,1,300.63,301.38,266.21,61.22,Yes,,,EPA,IPF,2021-08-28,England,EM,Flitwick,East Midlands Senior Classic,Yes
Samuel Levrat,M,SBD,Raw,23.0,20-23,19-23,Juniors,81.2,83,230.0,245.0,-252.5,,245.0,145.0,155.0,-165.0,,155.0,240.0,250.0,260.0,,260.0,660.0,2,451.16,446.42,429.85,92.38,Yes,,,FFForce,IPF,2023-12-09,France,,Nantes,Challenge de la Ville de Nantes,Yes
Ole Olsen,M,SBD,Single-ply,38.0,35-39,24-39,Open,82.5,82.5,,,,,205.0,,,,,130.0,,,,,217.5,552.5,1,374.26,370.12,356.13,64.03,Yes,Denmark,,DSF,IPF,1999-10-16,Denmark,,Rødovre,SM,Yes
Mark Tumashov,M,SBD,Single-ply,15.5,16-17,14-18,Sub-Juniors,56.45,59,,,,,110.0,,,,,60.0,,,,,120.0,290.0,1,257.75,261.95,256.71,43.72,Yes,,,FPR,IPF,2015-04-25,Russia,NVS,Novosibirsk,Novosibirsk Oblast Powerlifting & Bench Press Championships,Yes
Matthew Collier,M,SBD,Raw,,,,M-C-N,91.5,93,-150.0,-150.0,-150.0,,,95.0,100.0,-120.0,,100.0,200.0,210.0,-215.0,,210.0,,DQ,,,,,Yes,England,NW,EPA,IPF,2017-05-13,England,,Manchester,NW Juniors Masters & Novice Championships,Yes
Aleksandr Gorbunov,M,B,Raw,19.5,20-23,19-23,Open,58.1,59,,,,,,65.0,72.5,77.5,,77.5,,,,,,77.5,1,67.19,68.1,66.62,47.17,Yes,Russia,,FPR,IPF,2016-12-24,Russia,PER,Perm,PGFA Classic Bench Press Tournament,Yes
Kelly Clark #1,F,SBD,Single-ply,53.0,50-54,50-59,F-E-Open,69.4,72,77.5,,,,77.5,62.5,67.5,-70.0,,67.5,105.0,112.5,-120.0,,112.5,257.5,7,261.66,257.7,227.21,44.13,Yes,England,YNE,EPA,IPF,2018-11-17,England,,Eggborough,Yorkshire North East Open,Yes
Bronislav Chýlek,M,SBD,Raw,39.5,35-39,40-49,Open,91.65,93,-175.0,-180.0,180.0,,180.0,100.0,107.5,-110.0,,107.5,-225.0,225.0,-245.0,,225.0,512.5,4,328.4,324.22,310.5,67.53,Yes,,,CSST,IPF,2019-09-21,Czechia,,Vítkovice,Mistrovství severní Moravy mužů a žen v klasickém silovém trojboji,Yes
Yan Shcherbinin,M,B,Raw,42.5,40-44,40-49,Masters 1,103.0,105,,,,,,-125.0,-130.0,140.0,,140.0,,,,,,140.0,5,85.1,84.24,80.44,63.25,Yes,,,FPR,IPF,2013-10-11,Russia,LEN,St. Petersburg,St. Petersburg Classic Bench Press Tournament,Yes
Elizabeth Jones,F,SBD,Raw,21.5,20-23,19-23,FR-O,72.0,72,120.0,130.0,-132.5,,130.0,75.0,80.0,-85.0,,80.0,135.0,145.0,152.5,,152.5,362.5,3,360.9,353.81,311.66,73.4,Yes,USA,GA,USAPL,IPF,2017-04-08,USA,SC,,Battle on the Border,Yes
Johnny Wahlqvist,M,SBD,Single-ply,29.5,24-34,24-39,Open,160.8,125+,,,,,390.0,,,,,260.0,,,,,312.5,962.5,6,508.16,527.26,494.53,84.94,Yes,Sweden,,IPF,IPF,2003-11-04,Denmark,,Vejle,Men's World Powerlifting Championships,Yes
Laurie Julien,F,SBD,Raw,26.0,24-34,24-39,Seniors,55.9,57,105.0,-112.5,-112.5,,105.0,55.0,60.0,,,60.0,120.0,-132.5,-132.5,,120.0,285.0,1,330.74,335.8,297.04,67.85,Yes,France,,FFForce,IPF,2018-01-13,France,,La Ricamarie,Challenge d'Hiver FA PL LAURAF,Yes
J. Davis #3,M,SBD,Single-ply,,18-19,,Teen,67.5,67.5,,,,,182.5,,,,,120.0,,,,,215.0,517.5,1,398.86,399.0,387.31,68.23,,,,USPF,IPF,1981-06-27,USA,IN,Envansville,Freedom Festival Open,Yes
Irina Vorobyeva,F,B,Raw,34.5,24-34,24-39,Open,62.45,63,,,,,,,,,,95.0,,,,,,95.0,1,102.72,102.71,90.7,79.67,Yes,Ukraine,,UkrainePF,IPF,2015-03-16,Ukraine,,Mukachevo,Ukrainian Classic Bench Press Championship,Yes
Bill Fox,M,SBD,Single-ply,,,,Open,108.18,110,322.5,340.0,-347.5,,340.0,-210.0,210.0,222.5,,222.5,287.5,302.5,315.0,,315.0,877.5,3,523.03,519.12,495.93,88.5,,,,USPF,IPF,1983-03-25,USA,TX,College Station,Collegiate Nationals,Yes
Cole Ivarson,M,SBD,Raw,18.0,18-19,19-23,MR-Jr,92.5,93,207.5,220.0,225.0,,225.0,130.0,137.5,142.5,,142.5,222.5,235.0,242.5,,242.5,610.0,12,389.12,384.18,367.78,80.01,Yes,USA,WI,AMP,IPF,2024-05-17,USA,TX,Austin,Classic Age Division National Championships,Yes
Layla Bjerga,F,SBD,Single-ply,39.5,35-39,40-49,Masters 40-49,55.15,57,70.0,75.0,80.0,,80.0,30.0,35.0,40.0,,40.0,110.0,120.0,-125.0,,120.0,240.0,1,281.03,285.79,252.88,46.99,Yes,Norway,,NSF,IPF,2012-02-18,Norway,,Hundvåghallen,RM Sør Vest,Yes
M. Lawrence,M,D,Raw,,,,Open,60.0,60,,,,,,,,,,,,,,,181.44,181.44,2,153.14,154.75,151.11,,,,,USPF,IPF,1979-11-10,USA,OR,Princeville,Deadlift Meet,Yes
David Dadvande,M,SBD,Single-ply,17.5,18-19,14-18,Sub-Juniors,67.5,67.5,,,,,155.0,,,,,112.5,,,,,200.0,467.5,1,360.32,360.45,349.89,61.63,Yes,Sweden,,SSF,IPF,2010-04-24,Sweden,,,Norrlandsmästerskapet Styrkelyft,Yes
Yan Urusov,M,B,Single-ply,28.5,24-34,24-39,Open,65.3,66,,,,,,230.0,-237.5,237.5,,237.5,,,,,,237.5,2,187.57,188.14,182.91,104.2,Yes,Russia,,IPF,IPF,2018-04-23,South Africa,,Potchefstroom,World Bench Press Championships,Yes
Violet Wilson,F,SBD,Single-ply,37.5,35-39,24-39,Open,60.0,60,,,,,157.5,,,,,82.5,,,,,170.0,410.0,1,454.5,457.1,403.87,76.15,Yes,England,WM,BAWLA,IPF,2001-11-24,England,,Birmingham,West Midlands Womens Championships,Yes
Michael Fotis,M,SBD,Raw,,,,Open,92.5,93,300.0,315.0,325.0,,325.0,-185.0,-192.5,-192.5,,,,,,,,,DQ,,,,,Yes,,,HPF,IPF,2024-12-13,Greece,,Thessaloniki,Nationals,Yes
Jeffrey Hadad,M,SBD,Single-ply,42.0,40-44,40-49,M-O,66.68,67.5,,,,,124.74,,,,,170.1,,,,,158.76,453.59,7,352.73,353.19,343.03,60.32,Yes,USA,NH,USAPL,IPF,2008-11-22,USA,MA,Abington,States Open Championships,Yes
John Mark Felix,M,SBD,Raw,,,,Open,92.4,93,200.0,215.0,227.5,,227.5,160.0,165.0,170.0,,170.0,235.0,245.0,252.5,,252.5,650.0,7,414.86,409.59,392.12,85.3,Yes,Canada,QC,CPU,IPF,2024-11-09,Canada,QC,Blainville,QC Championnat Provincial Open et Masters,Yes
Kieran Fowler,M,SBD,Raw,,,,MR-O,103.3,105,212.5,225.0,232.5,,232.5,137.5,142.5,-145.0,,142.5,235.0,250.0,-260.0,,250.0,625.0,1,379.45,375.67,358.7,77.76,Yes,,,EPA,IPF,2024-12-07,England,SW,Amesbury,Crazy Strength Winter Open,Yes
Blake Hudak,M,SBD,Single-ply,17.0,16-17,14-18,M-T2,67.5,67.5,,,,,167.83,,,,,104.33,,,,,179.17,451.32,1,347.85,347.97,337.78,59.5,Yes,,,USAPL,IPF,2007-03-11,USA,MI,Fenton,High School Qualifier,Yes
Daniel Howard,M,SBD,Raw,,,,MR-O,114.25,120,200.0,215.0,220.0,,220.0,125.0,132.5,-137.5,,132.5,240.0,260.0,-275.0,,260.0,612.5,2,357.76,356.52,341.19,72.76,Yes,England,EM,EPA,IPF,2019-09-15,England,,,East Midlands Bitesize,Yes
Dan Lindström,M,SBD,Single-ply,55.5,55-59,50-59,Masters 2,119.1,125,,,,,260.0,,,,,182.5,,,,,250.0,692.5,6,398.71,398.84,382.16,67.12,Yes,Sweden,,IPF,IPF,1997-10-14,Hungary,,Szégesfehérvár,World Masters Powerlifting Championships,Yes
中野 雄太,M,SBD,Single-ply,20.5,20-23,19-23,Open,56.0,56,-125.0,-130.0,130.0,,130.0,80.0,85.0,-90.0,,85.0,150.0,-160.0,,,150.0,365.0,4,326.7,332.28,325.78,55.38,Yes,,,JPA,IPF,2000-05-28,Japan,,Tokyo,Japanese Student Powerlifting Championships,Yes
Hervé Cayuela,M,SBD,Raw,53.0,50-54,50-59,Masters 2,114.6,120,180.0,190.0,-195.0,,190.0,100.0,105.0,110.0,,110.0,175.0,185.0,190.0,,190.0,490.0,1,285.9,284.98,272.76,58.13,Yes,,,FFForce,IPF,2023-02-04,France,,Villefranche-sur-Saône,Challenge Villefranche FA,Yes
Simon Winter,M,B,Raw,,,,Sub-Juniors,90.8,93,,,,,,,,,,137.5,,,,,,137.5,4,88.51,87.39,83.72,66.01,Yes,,,SSF,IPF,2024-03-09,Sweden,,,SM Klassisk Bänkpress U/J/V,Yes
Andrea Maiolino,M,D,Raw,19.0,18-19,19-23,Junior,65.16,66,,,,,,,,,,,190.0,200.0,-210.0,,200.0,200.0,7,158.21,158.71,154.32,,Yes,Italy,,FIPL,IPF,2018-02-23,Italy,,Vaiano,18° Campionato Italiano di Stacco e 4° Campionato Classic Raw di Stacco,Yes
Mikkel Nehlsen Sørensen,M,SBD,Raw,23.5,24-34,24-39,Open,81.1,83,250.0,265.0,270.0,,270.0,185.0,190.0,192.5,,192.5,270.0,285.0,-292.5,,285.0,747.5,1,511.34,505.99,487.24,104.7,Yes,Denmark,,DSF,IPF,2022-05-21,Denmark,,Aalborg SK,Aask Open Klassisk,Yes
Nadine Tey,F,SBD,Raw,20.5,20-23,19-23,Open,69.25,72,72.5,-77.5,-77.5,,72.5,37.5,40.0,-42.5,,40.0,92.5,100.0,-105.0,,100.0,212.5,1,216.2,212.99,187.79,43.94,Yes,,,PA,IPF,2013-02-17,Australia,VIC,Hawthorn,Melbourne Summer Bash,Yes
Benjo Wells,M,SBD,Raw,19.5,20-23,19-23,Junior,82.2,83,170.0,172.5,182.5,,182.5,115.0,120.0,-125.0,,120.0,210.0,220.0,-230.0,,220.0,522.5,2,354.67,350.79,337.59,72.68,Yes,Australia,,APU,IPF,2024-01-14,Australia,VIC,,VIC State Classic Powerlifting and Bench Press Championships,Yes
Tarek El Assi,M,SBD,Raw,26.0,24-34,24-39,Open,92.9,93,235.0,250.0,260.0,,260.0,127.5,-135.0,-135.0,,127.5,285.0,300.0,-307.5,,300.0,687.5,1,437.65,432.1,413.58,89.99,Yes,UAE,,UAEPL,IPF,2023-03-11,UAE,DXB,Al Quoz,Desert Barbell Power Meet 13,Yes
Thomas Smith,M,SBD,Single-ply,41.5,40-44,40-49,Masters 1,123.0,125,285.0,305.0,317.5,,317.5,220.0,227.5,235.0,,235.0,265.0,275.0,-287.5,,275.0,827.5,2,471.41,473.14,453.23,79.23,Yes,USA,,NAPF,IPF,2009-08-04,USA,FL,Miami,Pan-American Powerlifting Championships,Yes
Lukas Sunk,M,SBD,Raw,32.0,24-34,24-39,Open,74.0,74,165.0,175.0,-185.0,,175.0,115.0,120.0,125.0,,125.0,185.0,197.5,-212.5,,197.5,497.5,2,360.02,357.86,345.98,73.04,Yes,,,OEVK,IPF,2021-09-04,Austria,,Amstetten,Staatsmeisterschaft KDK Classic,Yes
Claude Dallaire,M,B,Single-ply,,,60-69,Masters 3,92.96,93,,,,,,107.5,-112.5,115.0,,115.0,,,,,,115.0,1,73.18,72.26,69.16,38.05,Yes,Canada,QC,CPU,IPF,2023-02-13,Canada,BC,Richmond,Nationals,Yes
Luis Alaniz,M,SBD,Raw,20.5,20-23,19-23,MR-Jr,73.9,74,205.0,-217.5,217.5,,217.5,152.5,-160.0,160.0,,160.0,250.0,-257.5,-257.5,,250.0,627.5,1,454.49,451.8,436.83,92.19,Yes,USA,,USAPL,IPF,2016-03-13,USA,TX,San Antonio,Texas Strength Classic,Yes
Richard Pham,M,SBD,Raw,19.0,18-19,19-23,MR-O,78.1,83,177.5,187.5,-202.5,,187.5,102.5,110.0,-120.0,,110.0,185.0,192.5,200.0,,200.0,497.5,3,348.02,344.93,332.7,71.03,Yes,USA,AZ,AMP,IPF,2024-10-19,USA,AZ,Glendale,Ottawa University AZ Invitational,Yes
Justin Sanchez,M,SBD,Raw,21.5,20-23,19-23,MR-O,103.4,105,232.5,245.0,255.0,,255.0,140.0,147.5,152.5,,152.5,240.0,252.5,265.0,,265.0,672.5,2,408.13,404.07,385.83,83.63,Yes,USA,NJ,USAPL,IPF,2019-06-01,USA,NJ,,New Jersey State Championship,Yes
Simona Vitale,F,SBD,Raw,21.5,20-23,19-23,Junior,66.07,69,150.0,160.0,-162.5,,160.0,70.0,75.0,80.0,,80.0,140.0,150.0,-155.0,,150.0,390.0,2,407.68,404.26,356.74,82.84,Yes,,,FIPL,IPF,2024-11-07,Italy,,S.Zenone al Lambro,1° Gara Nazionale Classic Atleti Universitari,Yes
Neta Mu,F,SBD,Raw,27.0,24-34,24-39,Open,108.75,84+,130.0,140.0,152.5,,152.5,70.0,82.5,-92.5,,82.5,167.5,180.0,-190.0,,180.0,415.0,2,343.42,338.25,288.05,72.51,Yes,,,NZPF,IPF,2024-11-23,New Zealand,AKL,Auckland,Auckland Cup Competition,Yes
Tyler Marcel,M,SBD,Raw,21.5,20-23,19-23,MR-C,65.8,66,145.0,-147.5,,,145.0,125.0,132.5,137.5,,137.5,165.0,182.5,222.5,,222.5,505.0,1,396.57,397.52,386.33,78.85,Yes,USA,TX,USAPL,IPF,2018-02-17,USA,TX,,Aggie Showdown,Yes
Denis Limonov,M,B,Single-ply,35.5,35-39,24-39,Open,104.1,105,,,,,,215.0,230.0,237.5,,237.5,,,,,,237.5,3,143.74,142.35,135.93,74.04,Yes,,,FPR,IPF,2014-05-09,Russia,NIZ,Nizhny Novgorod,Russian Universities Bench Press Championships,Yes
Bérenger Vicaine,M,SBD,Raw,28.5,24-34,24-39,Seniors,103.7,105,240.0,252.5,257.5,,257.5,162.5,167.5,170.0,,170.0,270.0,-290.0,,,270.0,697.5,2,422.8,418.65,399.75,86.62,Yes,,,FFForce,IPF,2023-05-27,France,,Beaumont,Open des Géants d'Auvergne,Yes
Christine Ingleton,F,SBD,Raw,48.5,45-49,40-49,FR-M1,71.2,72,120.0,122.5,127.5,,127.5,65.0,67.5,70.0,,70.0,145.0,152.5,155.0,,155.0,352.5,1,353.11,346.64,305.43,71.8,Yes,USA,NJ,USAPL,IPF,2019-06-01,USA,NJ,,New Jersey State Championship,Yes
Mario Forte,M,SBD,Single-ply,,35-39,40-49,M-M,60.0,60,,,,,115.21,,,,,82.55,,,,,177.35,375.12,1,316.62,319.93,312.41,53.91,Yes,,,USAPL,IPF,2005-05-21,USA,NY,Tupper Lake,State Championships,Yes
Patrick Posten,M,SBD,Raw,26.5,24-34,24-39,MR-O,91.95,93,270.0,285.0,-290.0,,285.0,175.0,185.0,-195.0,,185.0,300.0,317.5,-325.0,,317.5,787.5,1,503.81,497.4,476.28,103.59,Yes,USA,MO,USAPL,IPF,2020-10-10,USA,MO,,Midwest Primetime,Yes
Mauno Kontto,M,B,Single-ply,59.5,55-59,60-69,Masters 3,123.4,125,,,,,,180.0,190.0,200.0,,200.0,,,,,,200.0,1,113.82,114.27,109.45,58.28,Yes,Finland,,IPF,IPF,2001-04-13,Luxembourg,,Hamm,World Masters Bench Press Championships,Yes
Jakub Klvaňa,M,SBD,Single-ply,16.5,16-17,14-18,Open,86.9,90,,,,,145.0,,,,,80.0,,,,,165.0,390.0,9,256.78,253.61,243.45,43.87,Yes,,,CSST,IPF,2008-02-09,Czechia,,Podivín,Mistrovství Jižní Moravy v Silovém Trojboji - Mužů a Žen,Yes
Aleksandr Onischuk,M,SBD,Single-ply,16.5,16-17,14-18,Sub-Juniors,74.9,75,160.0,170.0,175.0,,175.0,135.0,-140.0,-140.0,,135.0,200.0,210.0,215.0,,215.0,525.0,2,376.97,374.44,361.82,64.56,Yes,Russia,,FPR,IPF,1991-04-19,USSR,,Mariupol,All-Soviet Youth & Junior Powerlifting Championships,Yes
Aleksandr Shnayder,M,SBD,Raw,14.0,13-15,14-18,Sub-Juniors,45.45,53,,,,,70.0,,,,,40.0,,,,,85.0,195.0,3,214.04,222.23,220.27,37.13,Yes,,,FPR,IPF,2020-09-11,Russia,NVS,Novosibirsk,Novosibirsk Oblast Championships,Yes
Brett Hallock,M,SBD,Single-ply,21.5,20-23,19-23,20-24 Novice,110.0,110,,,,,182.5,,,,,127.5,,,,,210.0,520.0,2,307.98,306.02,292.47,52.07,,,,USPF,IPF,1980-03-30,USA,CA,Knotts Berry Farm,Senior Olympics,Yes
Sylvie Mingot,F,B,Raw,45.0,45-49,40-49,Open,54.67,57,,,,,,90.0,92.5,95.0,,95.0,,,,,,95.0,2,111.9,113.9,100.81,87.19,Yes,France,,FFHMFAC,IPF,2015-06-05,France,,Bordeaux,Championnats de France de Développé Couché,Yes
Karl Wiktorsson,M,B,Single-ply,,,,Juniors,82.5,82.5,,,,,,,,,,120.0,,,,,,120.0,4,81.29,80.39,77.35,42.9,Yes,,,SSF,IPF,2003-06-14,Sweden,,Borlänge,Jun SM Bänk,Yes
M. Thomas #15,M,SBD,Single-ply,,,,Open,90.0,90,,,,,176.9,,,,,142.88,,,,,206.38,526.17,7,340.22,335.9,321.93,58.06,,,,USPF,IPF,1980-03-22,USA,MA,,Massachusetts State PL Championships,Yes
Guillermo García Rojas,M,SBD,Raw,17.5,18-19,14-18,SBJ,93.2,105,165.0,175.0,180.0,,180.0,100.0,-107.5,-107.5,,100.0,175.0,187.5,200.0,,200.0,480.0,2,305.09,301.22,288.28,62.73,Yes,,,AEP,IPF,2017-10-21,Spain,,Cádiz,Campeonato de España Subjunior & Junior y Máster de Powerlifting,Yes
Konstantin Ratnieks,M,SBD,Single-ply,27.5,24-34,24-39,Open,89.9,90,,,,,300.0,,,,,205.0,,,,,275.0,780.0,1,504.63,498.23,477.53,86.12,Yes,Russia,,FPR,IPF,2008-04-11,Russia,BRY,Suzemka,Bryansk Oblast Powerlifting Championships,Yes
Jonas Telégin,M,SBD,Single-ply,57.0,55-59,50-59,Masters 2,65.55,66,,,,,215.0,,,,,125.0,,,,,210.0,550.0,2,433.14,434.3,422.15,74.03,Yes,Sweden,,SSF,IPF,2022-07-04,Sweden,,,EM Veteran Utrustad styrkelyft,Yes
Kirill Tsytsak,M,SBD,Single-ply,19.5,20-23,19-23,Open,78.6,82.5,,,,,200.0,,,,,145.0,,,,,195.0,540.0,9,376.29,372.84,359.53,64.42,Yes,Russia,,FPR,IPF,2005-04-15,Russia,LEN,St. Petersburg,St. Petersburg University Powerlifting Championships,Yes
Annika Zelander,F,SBD,Raw,,,,Open,71.15,72,,,,,167.5,,,,,105.0,,,,,185.0,457.5,1,458.47,450.11,396.6,93.22,Yes,Sweden,,SSF,IPF,2016-07-09,Sweden,,,SM-veckan Norrköping - Klassisk Styrkelyft,Yes
Dmitriy Bulochnikov,M,SBD,Single-ply,19.5,20-23,19-23,Open,85.85,90,,,,,245.0,,,,,140.0,,,,,220.0,605.0,4,400.92,396.07,380.4,68.52,Yes,Russia,,FPR,IPF,2003-02-08,Russia,IRK,Irkutsk,Irkutsk Powerlifting Championships,Yes
Cathar Haraldsson,F,SBD,Single-ply,34.5,24-34,24-39,Open,84.2,90,162.5,172.5,177.5,,177.5,97.5,102.5,105.0,,105.0,175.0,185.0,187.5,,187.5,470.0,7,431.98,418.62,365.91,73.85,Yes,Sweden,,EPF,IPF,1999-11-26,France,,Saint Prix,Women's European Powerlifting Championships,Yes
Denis Pussep,M,B,Single-ply,18.5,18-19,19-23,Juniors,67.5,67.5,,,,,,110.0,115.0,-120.0,,115.0,,,,,,115.0,4,88.64,88.67,86.07,48.77,Yes,Russia,,FPR,IPF,2005-05-02,Russia,LEN,St. Petersburg,St. Petersburg Bench Press Championships,Yes
Nikita Vert,M,B,Single-ply,18.5,18-19,19-23,Open,56.65,59,,,,,,82.5,-90.0,-90.0,,82.5,,,,,,82.5,1,73.1,74.27,72.76,42.84,Yes,,,FPR,IPF,2016-02-06,Russia,KEM,Kemerovo,Siberian Bench Press Championships,Yes
Rich Labbe,M,SBD,Single-ply,,,,Open,100.0,100,,,,,295.0,,,,,227.5,,,,,,,DQ,,,,,,,,USPF,IPF,1984-05-06,USA,NJ,Highstown,Region II Championships,Yes
Josef Kraus,M,SBD,Single-ply,50.5,50-54,50-59,Seniorenklasse II,82.5,82.5,150.0,160.0,170.0,,170.0,120.0,-130.0,130.0,,130.0,200.0,210.0,220.0,,220.0,520.0,1,352.24,348.35,335.18,60.26,Yes,,,BVDG,IPF,1999-03-13,Germany,BY,Kempten,Bayerische Meisterschaften der Jugend und Junioren und Senioren im Kraftdreikampf,Yes
Gábor Molnár,M,B,Raw,38.5,35-39,24-39,Open,64.7,66,,,,,,-125.0,127.5,-132.5,,127.5,,,,,,127.5,4,101.4,101.78,99.0,73.11,Yes,Hungary,,Hunpower,IPF,2017-07-29,Hungary,,Siófok,Biotech Balaton Raw Bench Press Cup,Yes
坂本 喜代氏,M,B,Raw,64.0,60-64,60-69,Masters 3,68.1,74,,,,,,95.0,-100.0,-100.0,,95.0,,,,,,95.0,3,72.76,72.73,70.57,52.97,Yes,,,JPA,IPF,2013-05-13,Japan,,Saitama,Japanese Businessmen's Classic Bench Press Championships,Yes
Deeksha Sharma,F,B,Single-ply,27.0,24-34,24-39,Open,52.0,52,,,,,,65.0,70.0,-77.5,,70.0,,,,,,70.0,7,85.32,87.26,77.35,48.51,Yes,India,,PI,IPF,2019-11-23,India,,New Delhi,Indian Bench Press Championships,Yes
Anthony Moody,M,SBD,Raw,29.5,24-34,24-39,MR-O,81.5,83,-205.0,217.5,230.0,,230.0,127.5,140.0,-142.5,,140.0,230.0,247.5,-262.5,,247.5,617.5,2,421.21,416.73,401.2,86.27,Yes,USA,PA,USAPL,IPF,2021-01-16,USA,OH,Brook Park,New Year Open,Yes
Kellie Chong,F,SBD,Raw,22.0,20-23,19-23,Juniors,57.47,63,127.5,-135.0,135.0,,135.0,72.5,77.5,-82.5,,77.5,165.0,177.5,187.5,,187.5,400.0,1,455.83,461.18,407.74,93.25,Yes,Canada,ON,CPU,IPF,2022-07-16,Canada,ON,Toronto,Toronto Summer Cup,Yes
Samuel Lappalainen,M,SBD,Single-ply,22.5,20-23,19-23,Juniors,74.7,75,-270.0,280.0,287.5,,287.5,150.0,-155.0,-155.0,,150.0,260.0,272.5,277.5,,277.5,715.0,7,514.28,510.91,493.74,88.07,Yes,Finland,,IPF,IPF,2009-09-07,Brazil,,Ribeirao Preto-SP,World Sub-Juniors & Juniors Powerlifting Championships,Yes
T. Yasui,F,SBD,Single-ply,,,,Open,44.0,44,,,,,70.0,,,,,37.5,,,,,105.0,212.5,3,292.69,299.22,268.38,49.02,Yes,,,JPA,IPF,1984-03-18,Japan,,Takamatsu,Japanese Women's Nationals,Yes
V. Palleschi,F,SBD,Single-ply,,,,Open,56.0,56,,,,,74.84,,,,,45.36,,,,,90.72,210.92,2,244.48,248.17,219.52,40.89,,,,USPF,IPF,1983-03-19,USA,ND,Minot AFB,North Dakota State Championship,Yes
Christophe Bertolino,M,B,Single-ply,48.0,45-49,40-49,Masters 1,81.2,83,,,,,,-170.0,-170.0,,,,,,,,,,DQ,,,,,Yes,,,FFForce,IPF,2018-01-21,France,,Béthune,Challenge d'Hiver DC BP Hauts-de-France,Yes
George Paul,M,SBD,Single-ply,,,,M-E-U18,77.7,82.5,,,,,180.0,,,,,115.0,,,,,200.0,495.0,1,347.36,344.36,332.23,59.48,Yes,,,BAWLA,IPF,2005-05-07,UK,,Tobermore,Northern Ireland Open Championships,Yes
Oleksandr Kutcher,M,SBD,Single-ply,20.0,20-23,19-23,Open,67.2,67.5,240.0,250.0,-255.0,,250.0,155.0,160.0,-162.5,,160.0,250.0,260.0,-270.0,,260.0,670.0,1,518.07,518.43,503.34,88.61,Yes,Ukraine,,UkrainePF,IPF,2001-03-01,Ukraine,,Kolomyia,Ukrainian Powerlifting Championships,Yes
Vladislav Repin,M,SBD,Single-ply,16.5,16-17,14-18,Open,114.0,120,,,,,,,,,,,,,,,,,DQ,,,,,Yes,Russia,,FPR,IPF,2017-12-12,Russia,YAN,Tarko-Sale,Ural Classic Powerlifting Championships,Yes
John March,M,B,Raw,62.5,60-64,60-69,MR-M3,78.17,83,,,,,,120.0,125.0,-130.0,,125.0,,,,,,125.0,1,87.39,86.62,83.54,64.76,Yes,USA,FL,USAPL,IPF,2020-03-21,USA,FL,,Military-Police-Fire National Championships,Yes
Steve Lindway,M,SBD,Single-ply,,24-34,24-39,Open,,125+,,,,,303.91,,,,,163.29,,,,,274.42,741.62,1,,,,,,,,USPF,IPF,1980-06-14,USA,PA,Brookville,Laurel Festival Open,Yes
Jamey Grotjahn,M,B,Raw,41.5,40-44,40-49,MR-M1,163.4,120+,,,,,,-215.0,225.0,230.0,,230.0,,,,,,230.0,1,120.92,125.69,117.66,86.21,Yes,USA,AK,USAPL,IPF,2016-09-10,USA,CO,Aurora,Bench Press National Championships,Yes
Jim Cole,M,B,Raw,,,,Novice,100.0,100,,,,,,,,,,192.78,,,,,,192.78,1,118.66,117.32,112.06,88.32,,,,USPF,IPF,1982-05-29,USA,VA,Stanardsville,Eastern USA Open/Novice/Masters/Female BP Meet,Yes
Etienne Guillou,M,B,Raw,19.0,18-19,19-23,Juniors,88.7,93,,,,,,125.0,130.0,-132.5,,130.0,,,,,,130.0,1,84.68,83.62,80.19,63.14,Yes,,,FFForce,IPF,2019-10-26,France,,Brest,Premier Pas DC BP Bretagne,Yes
Jim Economos,M,B,Single-ply,,,,Open,90.0,90,,,,,,,,,,140.0,,,,,,140.0,1,90.52,89.38,85.66,47.23,,Australia,,AusPF,IPF,1993-06-20,Australia,SA,,Colossus Bench Press Challenge 2nd Qualifier,Yes
Matic Vasle,M,SBD,Raw,22.0,20-23,19-23,J,104.2,105,177.5,187.5,192.5,,192.5,90.0,-95.0,100.0,,100.0,185.0,197.5,205.0,,205.0,497.5,7,300.97,298.09,284.64,61.64,Yes,,,PLZS,IPF,2023-04-02,Slovenia,,Kidricevo,Drzavno prvenstvo v klasicnem powerliftingu,Yes
Valentin Fruchard,M,SBD,Raw,24.5,24-34,24-39,Open,69.09,,210.0,220.0,225.0,,225.0,142.5,150.0,155.0,,155.0,220.0,230.0,240.0,,240.0,620.0,8,469.99,469.33,455.1,94.34,Yes,France,,EPF,IPF,2023-01-28,France,,Bordeaux,Pyrenees Cup,Yes
Garrin Clark,M,SBD,Raw,49.5,45-49,50-59,MR-M2a,81.1,83,160.0,165.0,172.5,,172.5,100.0,102.5,-105.0,,102.5,207.5,212.5,217.5,,217.5,492.5,1,336.9,333.38,321.02,68.98,Yes,USA,MI,USAPL,IPF,2018-02-03,USA,MI,,MoreyMayhem BarBellum,Yes
Saulius Rymašas,M,SBD,Raw,42.5,40-44,40-49,MR-M1,115.55,120,245.0,255.0,260.0,,260.0,142.5,147.5,152.5,,152.5,265.0,275.0,-285.0,,275.0,687.5,2,399.97,398.97,381.97,81.26,Yes,,,LJTF,IPF,2024-09-14,Lithuania,,Telšiai,Samogitia Cup,Yes
Félix Martial,M,SBD,Raw,55.0,55-59,50-59,Masters 2,81.91,83,-180.0,180.0,-185.0,,180.0,85.0,90.0,-95.0,,90.0,190.0,200.0,-205.0,,200.0,470.0,6,319.68,316.22,304.37,65.5,Yes,France,,FFForce,IPF,2019-04-19,France,,Saint-Lô,Championnats de France Force Athlétique Masters,Yes
Jiří Široký,M,SBD,Single-ply,13.5,13-15,14-18,Sub-Juniors,76.0,82.5,,,,,85.0,,,,,70.0,,,,,145.0,300.0,3,213.43,211.83,204.56,36.55,Yes,,,CSST,IPF,2008-11-29,Czechia,,Třebíč,Pohár 1Listopadu Města Třebíče v Silovém Trojboji Juniorů a Dorostu,Yes
Inger Blikra,F,SBD,Single-ply,38.0,35-39,24-39,Open,67.5,67.5,,,,,195.0,,,,,102.5,,,,,205.0,502.5,1,518.78,512.86,452.42,87.37,Yes,Norway,,NordicPF,IPF,1999-09-18,Norway,,Oslo,Women's Nordic Powerlifting Championships,Yes
Sandra Gay,F,SBD,Single-ply,,,,Open,56.0,56,,,,,95.0,,,,,40.0,,,,,102.5,237.5,2,275.29,279.44,247.18,46.04,,,,USPF,IPF,1984-03-03,USA,NC,Greensboro,North Carolina Championships,Yes
Kaur Ülejõe,M,SBD,Raw,17.5,18-19,14-18,Open,87.6,93,170.0,185.0,-200.0,,185.0,105.0,115.0,117.5,,117.5,210.0,225.0,233.0,,233.0,535.5,9,351.09,346.72,332.7,72.15,Yes,,,EJTL,IPF,2018-10-27,Estonia,,Tartu,EMV klassikalises jõutõstmises,Yes
Natalya Vinogradova,F,B,Single-ply,23.5,24-34,24-39,Open,50.7,52,,,,,,65.0,-67.5,-67.5,,65.0,,,,,,65.0,3,80.65,82.62,73.32,46.01,Yes,Russia,,FPR,IPF,2007-12-22,Russia,LEN,St. Petersburg,St. Petersburg Bench Press Cup,Yes
Johnny Wahlqvist,M,B,Single-ply,38.5,35-39,24-39,Open,177.8,120+,,,,,,,,,,290.0,,,,,,290.0,1,149.2,156.38,146.31,78.19,Yes,Sweden,,SSF,IPF,2012-10-21,Sweden,,,DM Bänkpress Sydsvenska,Yes
Eleonor Östh,F,B,Single-ply,,,,Open,70.6,72,,,,,,,,,,82.5,,,,,,82.5,3,83.03,81.6,71.91,46.63,Yes,,,SSF,IPF,2011-11-26,Sweden,,,BP SM,Yes
Vitaliy Voinkov,M,SBD,Single-ply,19.5,20-23,19-23,Open,71.7,74,,,,,190.0,,,,,117.5,,,,,220.0,527.5,3,389.79,388.23,375.84,66.74,Yes,,,FPR,IPF,2013-05-18,Russia,IRK,Irkutsk,Irkutsk Oblast Powerlifting Cup,Yes
Malin Carlsson,F,SBD,Raw,21.5,20-23,19-23,Juniors,46.95,47,,,,,95.0,,,,,52.5,,,,,115.0,262.5,2,344.29,353.31,314.97,72.84,Yes,Sweden,,SSF,IPF,2016-11-11,Sweden,,,DM i styrkelyft - klassisk Västra Götaland SDF,Yes
Vasiliy Noyanov,M,SBD,Single-ply,20.5,20-23,19-23,Open,86.55,90,,,,,295.0,,,,,185.0,,,,,290.0,770.0,2,508.05,501.83,481.8,86.81,Yes,Russia,,FPR,IPF,2010-05-15,Russia,IRK,Irkutsk,Irkutsk Oblast Powerlifting Championships,Yes
Roscoe Hill,M,SBD,Single-ply,,,,Open,110.0,110,,,,,258.55,,,,,215.46,,,,,272.16,746.16,4,441.93,439.11,419.68,74.71,,,,USPF,IPF,1984-04-14,USA,ID,Boise,Northwestern US Championships,Yes
Laimutė Bleizgytė,F,SBD,Raw,,,,Sub-Junior,37.5,52,45.0,50.0,55.0,,55.0,27.5,30.0,-32.5,,30.0,50.0,60.0,-67.5,,60.0,145.0,3,215.3,224.03,206.29,52.36,Yes,,,LJTF,IPF,2019-04-06,Lithuania,,Siauliai,National Championship,Yes
Sergey Danelenkov,M,SBD,Single-ply,27.5,24-34,24-39,Open,108.4,110,,,,,310.0,,,,,225.0,,,,,280.0,815.0,7,485.4,481.83,460.33,82.13,Yes,,,FPR,IPF,2008-01-22,Russia,KRS,Kursk,Southern & Central Districts Championships,Yes
Daniel Nguyen #3,M,SBD,Raw,28.5,24-34,24-39,Seniors,82.0,83,240.0,255.0,260.0,,260.0,155.0,-165.0,-165.0,,155.0,255.0,265.0,-270.0,,265.0,680.0,2,462.22,457.21,440.04,94.71,Yes,France,,FFForce,IPF,2023-05-27,France,,Haguenau,HEROAD MEET,Yes
Aleksey Musikhin,M,SBD,Single-ply,17.5,18-19,14-18,Open,88.55,93,,,,,210.0,,,,,145.0,,,,,220.0,575.0,9,374.88,370.17,355.03,64.01,Yes,,,FPR,IPF,2015-10-30,Russia,PER,Osa,Perm Krai Powerlifting Championships,Yes
Alla Filatenko,F,SBD,Single-ply,15.5,16-17,14-18,Sub-Juniors,85.35,84+,,,,,120.0,,,,,65.0,,,,,110.0,295.0,3,269.41,261.02,227.92,46.11,Yes,,,FPR,IPF,2013-03-29,Russia,BRY,Klimovo,Bryansk Oblast Sub-Juniors Powerlifting Championships,Yes
Ted Reed,M,SBD,Single-ply,,,,Open,110.0,110,,,,,260.0,,,,,137.5,,,,,292.5,690.0,5,408.66,406.06,388.09,69.09,,,,USPF,IPF,1982-04-03,USA,NY,Albany,New York State,Yes
Fernando Jose Bernal Mendez,M,SBD,Raw,,,,Open,76.3,83,-160.0,160.0,170.0,,170.0,-90.0,95.0,105.0,,105.0,165.0,172.5,177.5,,177.5,452.5,12,321.13,318.65,307.66,65.39,Yes,,,FCLP,IPF,2023-06-03,Colombia,,Valledupar,Torneo Departamental Powerlifting Classic Lo Hacemos Mejor,Yes
Magnus Carlsson,M,B,Single-ply,35.5,35-39,24-39,Open,67.5,67.5,,,,,,,,,,205.0,,,,,,205.0,1,158.0,158.06,153.43,86.94,Yes,Sweden,,SSF,IPF,2003-06-15,Sweden,,Borlänge,Bänk SM SEN,Yes
Simen Brinck Hansen,M,SBD,Raw,,,,Open,81.55,83,175.0,182.5,-190.0,,182.5,125.0,130.0,135.0,,135.0,195.0,205.0,220.0,,220.0,537.5,1,366.51,362.61,349.08,75.07,Yes,,,NSF,IPF,2025-02-01,Norway,,Tromsø,Troms & Finnmark RM,Yes
Andrew Poland,M,SBD,Single-ply,26.0,24-34,24-39,M-O,79.38,82.5,,,,,215.0,,,,,145.0,,,,,212.5,572.5,2,396.59,392.78,378.59,67.89,Yes,USA,RI,USAPL,IPF,2010-05-16,USA,RI,Johnston,New England Powerlifting and Bench Press Championships,Yes
Dave Modica,M,SBD,Raw,28.5,24-34,24-39,MR-O,99.2,105,200.0,210.0,-227.5,,210.0,-160.0,170.0,-182.5,,170.0,237.5,255.0,-272.5,,255.0,635.0,7,392.22,387.71,370.36,80.53,Yes,USA,,USAPL,IPF,2015-08-01,USA,NJ,,New Jersey State Championships,Yes
Ilya Simakov,M,B,Raw,21.5,20-23,19-23,Open,82.35,83,,,,,,165.0,170.0,175.0,,175.0,,,,,,175.0,1,118.67,117.36,112.93,88.26,Yes,Russia,,FPR,IPF,2015-05-30,Russia,MOW,Mytischi,Moscow Oblast Classic Bench Press Championships,Yes
Patrik Salamon,M,B,Raw,28.5,24-34,24-39,Muži,81.9,83,,,,,,150.0,160.0,-175.5,,160.0,,,,,,160.0,1,108.83,107.66,103.62,80.92,Yes,,,SAFKST,IPF,2024-03-16,Slovakia,,Bratislava,Majstrovstva Slovenska v klasickom tlaku na lavicke,Yes
Vladimir Levchenko,M,B,Single-ply,18.5,18-19,19-23,Open,71.8,74,,,,,,,,,,100.0,,,,,,100.0,2,73.82,73.52,71.17,39.99,Yes,,,FPR,IPF,2011-05-07,Russia,RYA,Ryazan,Ryazan City Powerlifting & Bench Press Championships,Yes
Volodymyr Manchuk,M,SBD,Single-ply,55.0,55-59,50-59,Masters 2,74.9,75,190.0,200.5,205.0,,205.0,130.0,-137.5,-137.5,,130.0,-190.0,190.0,201.0,,201.0,536.0,1,384.87,382.29,369.4,65.91,Yes,Ukraine,,UkrainePF,IPF,1996-04-21,Ukraine,,Gorlovka,Ukrainian Masters Powerlifting Championships,Yes
Brett Smartt,M,SBD,Single-ply,44.5,40-44,40-49,Open,89.4,90,,,,,220.0,,,,,160.0,,,,,240.0,620.0,3,402.25,397.16,380.75,68.66,Yes,Australia,VIC,PA,IPF,2004-07-24,Australia,NSW,Newcastle,Australian Powerlifting Championships,Yes
Tobias Unger,M,SBD,Raw,29.0,24-34,24-39,Open,102.9,105,205.0,215.0,-225.0,,215.0,135.0,142.5,-147.5,,142.5,235.0,250.0,-260.0,,250.0,607.5,4,369.42,365.67,349.16,75.72,Yes,Germany,BY,BVDK,IPF,2018-05-12,Germany,BY,Forchheim,LM Bayern KDK Classic,Yes
Wong Wei Sheng,M,SBD,Raw,19.5,20-23,19-23,Men's Raw Junior,65.3,66,145.0,155.0,162.5,,162.5,110.0,120.0,127.5,,127.5,175.0,-190.0,-195.0,,175.0,465.0,6,367.25,368.35,358.11,72.9,Yes,,,MAP,IPF,2025-05-23,Malaysia,,Kuala Lumpur,National Powerlifting Championship,Yes
Nicholas Van Valkenburg,M,SBD,Raw,22.5,20-23,19-23,MR-Jr,81.8,83,175.0,185.0,192.5,,192.5,112.5,125.0,130.0,,130.0,187.5,200.0,210.0,,210.0,532.5,1,362.47,358.56,345.14,74.26,Yes,USA,,USAPL,IPF,2015-06-20,USA,MO,,MO State/Midwest Open,Yes
Liz Onen,F,SBD,Raw,30.5,24-34,24-39,FR-O,82.7,84,120.0,127.5,-135.0,,127.5,45.0,50.0,-52.5,,50.0,155.0,170.0,-182.5,,170.0,347.5,2,322.15,312.35,273.36,66.03,Yes,,,EPA,IPF,2023-04-15,England,GL,London,Greater London Spring Spectacular,Yes
Leo Da Rocha,M,SBD,Raw,22.5,20-23,19-23,Juniors,87.6,93,160.0,177.5,190.0,,190.0,105.0,115.0,-120.0,,115.0,190.0,205.0,230.0,,230.0,535.0,G,350.76,346.4,332.39,72.08,Yes,,,PWFL,IPF,2022-06-19,Luxembourg,,Hamm,Championnats Nationaux,Yes
Mark Jackson #3,M,SBD,Raw,,20-23,19-23,M-C-G,87.0,93,170.0,185.0,190.0,,190.0,112.5,117.5,-120.0,,117.5,205.0,215.0,220.0,,220.0,527.5,G,347.1,342.81,329.05,71.32,Yes,England,,EPA,IPF,2011-02-06,England,,Letchworth,East Midlands Classic Powerlifting Championships,Yes
Anton Henningsson,M,B,Raw,,,,Sub-Juniors,98.05,105,,,,,,,,,,145.0,,,,,,145.0,2,90.03,88.96,85.0,67.05,Yes,,,SSF,IPF,2023-03-18,Sweden,,,SM Klassisk Bänkpress J/U/V,Yes
Paul Doherty,M,SBD,Raw,31.0,24-34,24-39,M-C-Open,126.4,120+,,,,,260.0,,,,,180.0,,,,,282.5,722.5,1,408.05,410.8,393.0,82.13,Yes,England,GL,EPA,IPF,2013-11-23,England,,London,Greater London Powerlifting Championships,Yes
Oleg Vinogradov,M,B,Single-ply,19.5,20-23,19-23,Open,72.25,74,,,,,,-135.0,-140.0,140.0,,140.0,,,,,,140.0,2,102.92,102.46,99.16,55.67,Yes,Russia,,FPR,IPF,2021-07-03,Russia,TA,Naberezhnye Chelny,Yevgeniy Mikryukov Memorial Bench Press Meet,Yes
Vasyl' Pekar,M,SBD,Single-ply,14.5,13-15,14-18,Sub-Juniors,72.6,75,165.0,175.0,-182.5,,175.0,-105.0,-105.0,105.0,,105.0,180.0,185.0,-195.0,,185.0,465.0,16,340.75,339.11,328.11,58.35,Yes,,,UkrainePF,IPF,2005-04-14,Ukraine,,Poltava,Ukrainian Sub-Junior Powerlifting Championships,Yes
Sarkes Warda,M,SBD,Raw,22.0,20-23,19-23,Juniors,81.5,83,150.0,160.0,172.5,,172.5,105.0,115.0,-120.0,,115.0,160.0,175.0,185.0,,185.0,472.5,2,322.3,318.88,306.99,66.01,Yes,,,NZPF,IPF,2015-03-21,New Zealand,WGN,Masterton,Masterton Novice 3-Lift & Bench Press Competition,Yes
Sergey Shepelev,M,B,Raw,36.5,35-39,24-39,Open,114.3,120,,,,,,165.0,175.0,185.0,,185.0,,,,,,185.0,4,108.04,107.67,103.04,79.72,Yes,,,FPR,IPF,2014-08-17,Russia,CHE,Chelyabinsk,Chelyabinsk Oblast Bench Press Championships,Yes
Juanita Koo,F,SBD,Raw,,,40-49,Masters 1,55.0,57,,,,,97.5,,,,,60.0,,,,,140.0,297.5,1,349.0,355.02,314.15,71.73,Yes,Canada,ON,CPU,IPF,2016-05-14,Canada,ON,St. Catherines,Niagara Open,Yes
Zsuzsanna Kasa,F,SBD,Raw,,,,Open,61.7,63,,,,,140.0,,,,,72.5,,,,,165.0,377.5,1,411.24,411.91,363.81,83.73,Yes,,,FRPL,IPF,2024-09-16,Romania,,Alba Iulia,Campionatul National,Yes
Jargalsaikhan Sambuu,M,SBD,Raw,59.5,55-59,60-69,Masters 3,91.15,93,-180.0,180.0,182.5,,182.5,125.0,130.0,135.0,,135.0,225.0,237.5,245.0,,245.0,562.5,1,361.42,356.82,341.79,74.31,Yes,Mongolia,,IPF,IPF,2023-10-08,Mongolia,,Ulaanbaatar,World Masters Classic & Equipped Powerlifting Championships,Yes
Karnail Singh,M,SBD,Single-ply,,,60-69,M-E-M3,79.1,83,190.0,205.0,222.5,,222.5,125.0,132.5,137.5,,137.5,200.0,215.0,225.0,,225.0,585.0,1,406.1,402.26,387.79,69.52,Yes,England,,BP,IPF,2018-01-20,UK,,Horncastle,British Equipped Powerlifting Championships,Yes
Sergey Yakushev,M,SBD,Single-ply,18.5,18-19,19-23,Open,82.3,83,,,,,,,,,,,,,,,,,DQ,,,,,Yes,,,FPR,IPF,2012-05-24,Russia,KHM,Khanty-Mansiysk,North Cup,Yes
Terje Brovold,M,SBD,Single-ply,51.5,50-54,50-59,Masters 50-59,90.0,90,-235.0,235.0,255.0,,255.0,165.0,170.0,-172.5,,170.0,230.0,245.0,,,245.0,670.0,1,433.22,427.72,409.93,73.93,Yes,Norway,,NSF,IPF,1997-02-23,Norway,,Lillestrøm,Veteran NM,Yes
Rita Szívós,F,B,Raw,34.5,24-34,24-39,Open,73.15,84,,,,,,82.5,-87.5,87.5,,87.5,,,,,,87.5,1,86.37,84.52,74.41,68.13,Yes,,,Hunpower,IPF,2018-03-03,Hungary,,Tápiószele,Hungarian Raw Bench Press Championships,Yes
Denys Sofroniy,M,SBD,Single-ply,22.5,20-23,19-23,Open,114.65,125,240.0,260.0,275.0,,275.0,145.0,155.0,162.5,,162.5,250.0,270.0,277.5,,277.5,715.0,6,417.11,415.79,397.96,70.36,Yes,Ukraine,,UkrainePF,IPF,2002-10-16,Ukraine,,Kolomyia,Ukrainian Junior Powerlifting Championships,Yes
Seri Gordon,F,SBD,Single-ply,,,,F-C,50.68,52,92.5,97.5,102.5,,102.5,50.0,-55.0,-55.0,,50.0,105.0,117.5,132.5,,132.5,285.0,3,353.7,362.38,321.56,59.09,Yes,,,USAPL,IPF,2012-04-13,USA,LA,Baton Rouge,Collegiate Nationals,Yes
Y. Zegerra,M,SBD,Single-ply,,,,Juniors,82.5,82.5,,,,,,,,,,,,,,,,,DQ,,,,,Yes,Peru,,IPF,IPF,1987-09-17,Peru,,Lima,World Juniors Powerlifting Championships,Yes
Alex Bennati,M,SBD,Raw,18.5,18-19,19-23,Junior,92.17,93,215.0,225.0,-230.0,,225.0,130.0,137.5,-145.0,,137.5,215.0,225.0,-230.0,,225.0,587.5,17,375.42,370.65,354.88,77.19,Yes,,,FIPL,IPF,2022-07-22,Italy,,S.Zenone al Lambro,5 Gara Nazionale di Powerlifting Classic Maschile Junior,Yes
Tapani Puhakka,M,B,Single-ply,56.5,55-59,50-59,Over 50,100.0,100,,,,,,,,,,145.0,,,,,,145.0,5,89.25,88.25,84.28,46.1,Yes,Finland,,SVNL,IPF,2001-03-11,Finland,,Pori,Penkkipunnerruksen SM-kisat N40,Yes
Miroslav Buberle,M,SBD,Raw,31.5,24-34,24-39,Open,101.4,,192.5,200.0,,,200.0,142.5,150.0,155.0,,155.0,195.0,205.0,,,205.0,560.0,10,342.64,338.96,323.68,70.28,Yes,,,CSST,IPF,2021-11-20,Czechia,,Votice,Mistrovství Čech družstev v klasickém silovém trojboji,Yes
Viktor Dybal,M,B,Single-ply,22.0,20-23,19-23,Open,108.6,110,,,,,,212.5,-222.5,-222.5,,212.5,,,,,,212.5,6,126.47,125.56,119.96,64.99,Yes,Belarus,,BelPF,IPF,2009-06-18,Belarus,,Gorki,Belarus Bench Press Championships,Yes
Renato Capillas Jr,M,SBD,Single-ply,19.5,20-23,19-23,M-Jr,67.2,67.5,,,,,138.0,,,,,75.0,,,,,183.0,396.0,3,306.2,306.42,297.5,52.37,Yes,USA,,USAPL,IPF,2012-01-01,USA,,,7th Northeastern Regional Powerlifting Championships,Yes
Roberto Corsiero,M,B,Single-ply,,,40-49,Masters 1,74.6,75,,,,,,160.0,-170.0,-170.0,,160.0,,,,,,160.0,1,115.18,114.44,110.6,61.88,Yes,,,FIPL,IPF,2005-12-10,Italy,,Cascina,Campionato di Panca,Yes
S. Yavoz,M,SBD,Single-ply,,,,Juniors,82.5,82.5,,,,,260.0,,,,,147.5,,,,,240.0,647.5,3,438.61,433.76,417.37,75.04,Yes,,,AAPLF,IPF,1985-05-04,Australia,NSW,Sydney,Australian Junior & Masters,Yes
Julian Phan #1,F,SBD,Raw,22.0,20-23,19-23,FR-Jr,51.0,52,102.5,107.5,112.5,,112.5,57.5,62.5,-67.5,,62.5,122.5,130.0,135.0,,135.0,310.0,1,383.03,392.27,347.99,79.61,Yes,USA,GA,AMP,IPF,2025-05-10,USA,GA,Peachtree Corners,DNA Legacy Showcase,Yes
Josef Wächter,M,B,Single-ply,35.5,35-39,24-39,Open,96.8,100,,,,,,-145.0,-145.0,-145.0,,,,,,,,,DQ,,,,,Yes,,,CSST,IPF,2004-05-22,Czechia,,Vranovice,Mistrovství Moravy v Benčpresu,Yes
Marina Sirkizyuk,F,SBD,Raw,29.5,24-34,24-39,Open,60.2,63,70.0,75.0,77.5,,77.5,45.0,47.5,-50.0,,47.5,80.0,90.0,100.0,,100.0,225.0,3,248.9,250.2,221.06,50.74,Yes,Kazakhstan,,AsianPF,IPF,2015-12-13,Uzbekistan,,Tashkent,Asia-Oceania Raw Championships,Yes
Bernardo Guzman,M,SBD,Single-ply,19.0,18-19,19-23,M-C,74.4,75,-182.5,182.5,-190.0,,182.5,102.5,110.0,-115.0,,110.0,182.5,190.0,-195.0,,190.0,482.5,23,347.95,345.75,334.19,59.59,Yes,,,USAPL,IPF,2010-04-16,USA,FL,Orlando,Collegiate Nationals,Yes
Gabriel Quispe,M,SBD,Single-ply,42.5,40-44,40-49,Open,71.4,74,-225.0,225.0,-245.0,,225.0,175.0,182.5,,,182.5,-195.0,195.0,215.0,,215.0,622.5,2,461.29,459.57,444.99,78.98,Yes,Peru,,FESUPO,IPF,2021-12-08,Ecuador,,,XXXV Campeonato Sudamericano,Yes
Mary Yawney,F,B,Raw,,,,Open,,,,,,,,,,,,72.57,,,,,,72.57,2,,,,,,,,USPF,IPF,1985-07-27,USA,TX,Bryan,Miller Lite Charity Bench,Yes
Stefanie Schoenberger,F,SBD,Raw,31.0,24-34,24-39,Open,82.12,84,102.5,112.5,127.5,,127.5,67.5,82.5,-90.0,,82.5,142.5,160.0,180.0,,180.0,390.0,1,362.78,351.84,308.07,74.32,Yes,Canada,BC,CPU,IPF,2024-08-24,Canada,AB,Lethbridge,Viking Strong Open,Yes
Kristian Ringhagen,M,B,Raw,,,50-59,Masters 50-59,102.4,105,,,,,,125.0,132.5,135.0,,135.0,,,,,,135.0,4,82.26,81.41,77.73,61.16,Yes,,,NSF,IPF,2023-03-25,Norway,,Drammen,Drammen SI NM benkpress utstyrsfritt,Yes
Mikhail Kulikov,M,SBD,Single-ply,30.5,24-34,24-39,Open,98.2,100,-340.0,342.5,-355.0,,342.5,-205.0,-205.0,205.0,,205.0,302.5,315.0,322.5,,322.5,870.0,2,539.78,533.42,509.66,91.79,Yes,,,IPF,IPF,1992-11-19,England,,Birmingham,Men's World Powerlifting Championship,Yes
Valeriya Khokhlova,F,B,Single-ply,18.5,18-19,19-23,Open,62.0,63,,,,,,50.0,55.0,60.0,,60.0,,,,,,60.0,3,65.17,65.23,57.61,36.58,Yes,Russia,,FPR,IPF,2011-10-15,Russia,PER,Perm,Perm Krai Bench Press Cup,Yes
Dar'ya Sipakova,F,SBD,Raw,23.0,20-23,19-23,Open,61.25,63,,,,,87.5,,,,,40.0,,,,,87.5,215.0,3,235.28,235.92,208.39,47.92,Yes,,,UkrainePF,IPF,2016-09-17,Ukraine,,Poltava,Ukrainian Schools Classic Powerlifting Championship,Yes
Hector Guttmann,M,B,Raw,48.5,45-49,40-49,Masters 1,75.5,83,,,,,,100.0,105.0,-110.0,,105.0,,,,,,105.0,2,75.01,74.48,71.94,55.4,Yes,,,FALPO,IPF,2015-10-10,Argentina,,,Campeonato Nacional de Powerlifting,Yes
Aleksandr Zaytsev,M,SBD,Single-ply,14.5,13-15,14-18,Open,51.5,52,,,,,120.0,,,,,65.0,,,,,115.0,300.0,3,289.99,297.39,293.04,48.8,Yes,Russia,,FPR,IPF,2001-04-28,Russia,YAN,Noyabrsk,Yamalo-Nenets Autonomous Okrug Powerlifting Сhampionships,Yes
Sergey Sokolov #10,M,B,Raw,42.5,40-44,40-49,Open,65.25,66,,,,,,132.5,137.5,142.5,,142.5,,,,,,142.5,1,112.61,112.95,109.82,81.33,Yes,,,FPR,IPF,2017-06-09,Russia,NIZ,Kstovo,ZMS Maxim Guryanov Bench Press Tournament,Yes
Peter Andrich,M,SBD,Single-ply,,,,M-O,125.0,125,,,,,310.71,,,,,213.19,,,,,290.3,814.2,1,461.45,463.97,444.01,77.5,Yes,,,USAPL,IPF,2004-11-28,USA,VA,Charlottesville,Lifetime Nationals,Yes
Vilhjálmur Karl Stefánsson,M,BD,Single-ply,45.5,45-49,40-49,Open,125.0,125,,,,,,,,,,150.0,,,,,200.0,350.0,2,198.36,199.45,190.86,,Yes,,,KRAFT,IPF,2009-04-25,Iceland,,Akureyri,Akureyrarmót í bekkpressu og réttstöðulyftu,Yes
Dmitriy Chernov,M,B,Single-ply,22.5,20-23,19-23,Juniors,114.35,120,,,,,,190.0,200.0,-205.0,,200.0,,,,,,200.0,1,116.78,116.39,111.39,59.89,Yes,,,FPR,IPF,2014-12-13,Russia,CU,Mariinski,Chuvashskaya Bench Press Championships,Yes
Ron Zsido,M,S,Raw,38.0,35-39,24-39,MR-O,97.8,100,,,,,180.0,,,,,,,,,,,180.0,16,111.88,110.55,105.64,,Yes,USA,,USAPL,IPF,2013-03-23,USA,PA,,PA State Powerlifting Championship,Yes
Fiona Hickman,F,SBD,Raw,59.0,55-59,50-59,FR-M3,80.2,84,-105.0,-110.0,110.0,,110.0,50.0,57.5,-60.0,,57.5,130.0,-140.0,-150.0,,130.0,297.5,1,279.97,271.84,238.36,57.26,Yes,South Africa,,SAPF,IPF,2024-12-07,South Africa,WC,Cape Town,Western Cape Provincials,Yes
T. Kilroy,M,SBD,Single-ply,,,,M-E-Open,75.0,75,,,,,182.5,,,,,122.5,,,,,217.5,522.5,4,374.85,372.31,359.74,64.2,Yes,,,BAWLA,IPF,1982-11-14,UK,,,Lancs and Cheshire Championships,Yes
Monica Manning,F,SBD,Raw,36.5,35-39,24-39,FR-O,93.34,84+,100.0,107.5,115.0,,115.0,75.0,80.0,-85.0,,80.0,135.0,147.5,155.0,,155.0,350.0,3,307.15,298.13,258.18,63.69,Yes,USA,TN,USAPL,IPF,2017-08-05,USA,FL,,Southeast Regionals,Yes
Stephanos Karageogi,M,B,Raw,,,,M-C-U20,80.0,83,,,,,,,,,,85.0,,,,,,85.0,3,58.61,58.03,55.91,43.51,Yes,England,GL,EPA,IPF,2013-04-13,England,,London,Greater London Bench Press Championships,Yes
Kirill Nechaev,M,B,Single-ply,20.5,20-23,19-23,Juniors,81.4,82.5,,,,,,115.0,122.5,127.5,,127.5,,,,,,127.5,2,87.03,86.11,82.91,46.02,Yes,Russia,,FPR,IPF,2010-07-11,Russia,KYA,Krasnoyarsk,Sergey Sutygina Memorial Bench Press Tournament,Yes
Everett Beachey,M,SBD,Single-ply,,,,Open,74.7,75,,,,,212.5,,,,,170.0,,,,,247.5,630.0,3,453.14,450.17,435.05,77.6,Yes,Canada,ON,CPU,IPF,2004-03-18,Canada,ON,Kitchener,Nationals,Yes
Suzana Pavlović,F,SBD,Raw,21.0,20-23,19-23,J,75.2,76,-85.0,90.0,95.0,,95.0,55.0,-60.0,60.0,,60.0,95.0,102.5,110.0,,110.0,265.0,2,257.74,251.5,221.21,52.51,Yes,Serbia,,PLSS,IPF,2021-05-21,Serbia,,Zaječar,Državno prvenstvo u Powerlifitngu,Yes
Andy Askow,M,SBD,Raw,22.0,20-23,19-23,Juniors,169.9,120+,332.5,350.0,366.0,,366.0,210.0,225.0,-235.0,,225.0,-285.0,285.0,315.0,,315.0,906.0,1,471.55,492.13,460.04,91.95,Yes,USA,,IPF,IPF,2016-06-19,USA,TX,Killeen,World Classic Powerlifting Championships,Yes
Ildar Gafarov,M,SBD,Single-ply,14.5,13-15,14-18,Open,52.7,59,,,,,125.0,,,,,105.0,,,,,120.0,350.0,11,331.03,338.7,333.29,55.83,Yes,Russia,,FPR,IPF,2015-12-02,Russia,YAN,Tarko-Sale,Ural Powerlifting Championships,Yes
Viktorie Hromková,F,SBD,Raw,18.5,18-19,19-23,Juniors,51.6,52,80.0,85.0,90.0,,90.0,45.0,50.0,52.5,,52.5,100.0,110.0,-115.0,,110.0,252.5,2,309.43,316.66,280.77,64.18,Yes,,,CSST,IPF,2022-08-27,Czechia,,Blansko,Mistrovství Moravy juniorů v klasickém silovém trojboji,Yes
Martin Mička,M,SBD,Single-ply,20.5,20-23,19-23,Open,77.5,82.5,,,,,175.0,,,,,120.0,,,,,205.0,500.0,5,351.42,348.43,336.19,60.17,Yes,,,CSST,IPF,1995-11-18,Czechia,,Jihlava,Liga CR Druzstev II,Yes
Evgeniy Borodin,M,B,Single-ply,18.5,18-19,19-23,Juniors,70.5,74,,,,,,95.0,97.5,100.0,,100.0,,,,,,100.0,4,74.75,74.53,72.21,40.67,Yes,,,FPR,IPF,2011-11-11,Russia,KLU,Kaluga,Kaluga City Bench Press Championships,Yes
Yuriy Verkhozin,M,SBD,Raw,25.5,24-34,24-39,Open,90.3,93,,,,,150.0,,,,,125.0,,,,,180.0,455.0,5,293.71,289.98,277.88,60.39,Yes,,,FPR,IPF,2013-05-18,Russia,IRK,Irkutsk,Irkutsk Oblast Powerlifting Cup,Yes
Calin Eschenasy,M,SBD,Single-ply,38.5,35-39,24-39,Open,66.5,67.5,180.0,190.0,200.0,,200.0,115.0,120.0,-125.0,,120.0,190.0,200.0,-212.5,,200.0,520.0,1,405.17,405.79,394.17,69.28,Yes,Germany,,BVDG,IPF,1994-10-14,Germany,,Grüna,Deutsche Meisterschaften im Kraftdreikampf,Yes
Nikolay Suslov,M,B,Single-ply,17.5,18-19,14-18,Open,92.0,100,,,,,,195.0,-202.5,207.5,,207.5,,,,,,207.5,11,132.72,131.03,125.46,69.07,Yes,Russia,,FPR,IPF,1997-04-24,Russia,MOW,Moscow,Russian Bench Press Championships,Yes
Schoř Karel,M,B,Single-ply,53.5,50-54,50-59,Masters 2,81.6,82.5,,,,,,135.0,140.0,145.0,,145.0,,,,,,145.0,1,98.84,97.78,94.13,52.25,Yes,,,CSST,IPF,2009-02-21,Czechia,,Kašava,Mistrovství ČR v Benčpresu Masters 2,Yes
Christine Barnes,F,SBD,Single-ply,,,,Junior,52.0,52,,,,,,,,,,,,,,,,201.85,3,246.04,251.63,223.05,41.11,,USA,,USPF,IPF,1985-03-02,USA,MI,Swartz Creek,Michigan State Womens Junior Meet,Yes
Mary Teudeloff,F,SBD,Single-ply,22.5,20-23,19-23,Juniors,89.0,90,,,,,110.0,,,,,60.0,,,,,115.0,285.0,2,255.35,247.42,215.29,43.85,Yes,,,BVDK,IPF,1999-11-05,Germany,,Klötze,DM Jugend/Junioren KDK,Yes
Steve Mahon,M,B,Raw,,,60-69,Masters 3,123.78,120+,,,,,,170.0,175.0,-177.5,,175.0,,,,,,175.0,1,99.49,99.92,95.69,72.86,Yes,Canada,BC,CPU,IPF,2025-02-08,Canada,BC,Langley,Winter Open,Yes
Derrick Van Every,M,SBD,Raw,24.5,24-34,24-39,Open,92.82,93,247.5,260.0,265.0,,265.0,145.0,150.0,-152.5,,150.0,275.0,-295.0,-310.0,,275.0,690.0,8,439.42,433.85,415.27,90.35,Yes,Canada,ON,CPU,IPF,2020-03-03,Canada,MB,Winnipeg,Nationals,Yes
Shannon Deans,F,SBD,Raw,30.5,24-34,24-39,FR-O,134.4,84+,100.0,107.5,115.0,,115.0,62.5,67.5,-72.5,,67.5,-105.0,112.5,120.0,,120.0,302.5,2,236.27,237.01,199.81,51.02,Yes,USA,NY,USAPL,IPF,2020-02-09,USA,NY,,3rd Annual Mustache Mayhem,Yes
Bepo Pedisić,M,SBD,Raw,17.5,18-19,14-18,Sub-Juniors,92.2,93,255.0,266.0,267.0,,267.0,120.0,-130.0,130.0,,130.0,270.0,-280.0,-280.0,,270.0,667.0,2,426.16,420.74,402.83,87.63,Yes,Croatia,,EPF,IPF,2018-11-24,Lithuania,,Kaunas,European Classic Powerlifting Championships,Yes
Mary Katherine Sullivan,F,SBD,Raw,28.5,24-34,24-39,FR-O,68.7,72,102.5,107.5,112.5,,112.5,45.0,50.0,55.0,,55.0,112.5,120.0,125.0,,125.0,292.5,3,298.94,294.82,259.98,60.75,Yes,USA,MA,USAPL,IPF,2018-07-28,USA,NH,,Granite State Grand Prix,Yes
Philippe Blier,M,SBD,Raw,,24-34,24-39,Open,103.7,105,295.0,310.0,317.5,,317.5,195.0,205.0,-215.0,,205.0,300.0,315.0,330.0,,330.0,852.5,2,516.75,511.68,488.58,105.87,Yes,Canada,QC,CPU,IPF,2023-12-09,Canada,QC,Québec,Championnat provincial open et masters,Yes
Jack Lincecum,M,SBD,Raw,16.5,16-17,14-18,MR-V,60.8,66,72.5,80.0,87.5,,87.5,55.0,62.5,-65.0,,62.5,107.5,115.0,-120.0,,115.0,265.0,8,221.27,223.31,217.91,43.15,Yes,USA,MA,USAPL,IPF,2020-03-01,USA,MA,,10th Annual Ryan Moore New England States High School Championships,Yes
Kevin Bitinsky,M,SBD,Raw,,,40-49,Masters 1,71.45,74,127.5,142.5,150.0,,150.0,102.5,112.5,120.0,,120.0,142.5,157.5,167.5,,167.5,437.5,1,324.05,322.82,312.57,65.41,Yes,Canada,SK,CPU,IPF,2019-04-20,Canada,SK,Saskatoon,Synergy Open,Yes
Xavier Delamotte,M,SBD,Raw,52.5,50-54,50-59,Masters 2,64.0,66,140.0,150.0,-155.0,,150.0,75.0,80.0,-87.5,,80.0,140.0,155.0,170.0,,170.0,400.0,1,320.76,322.27,313.62,63.38,Yes,,,FFForce,IPF,2025-04-06,France,,Le Trait,Challenge du Trait,Yes
片岡 和己,M,SBD,Single-ply,35.0,35-39,24-39,Open,58.3,60,115.0,130.0,140.0,,140.0,100.0,105.0,-107.5,,105.0,150.0,160.0,170.0,,170.0,415.0,1,358.77,363.49,355.54,60.98,Yes,,,JPA,IPF,2000-11-12,Japan,,Tsukuba,Japanese Teachers' Powerlifting Championships,Yes
McKenzie Lambeck,F,SBD,Single-ply,16.0,16-17,14-18,F-JV,56.6,60,80.0,82.5,85.0,,85.0,32.5,37.5,-42.5,,37.5,85.0,92.5,100.0,,100.0,222.5,9,256.1,259.62,229.59,42.84,Yes,,,USAPL,IPF,2012-03-23,USA,WI,Wisconsin Dells,High School Nationals,Yes
Terezie Smolková,F,SBD,Raw,21.5,20-23,19-23,Juniors,67.8,69,110.0,120.0,125.0,,125.0,67.5,72.5,75.0,,75.0,135.0,145.0,150.0,,150.0,350.0,1,360.42,356.09,314.09,73.23,Yes,,,CSST,IPF,2025-03-08,Czechia,,Karviná,Mistrovství severní Moravy juniorů a mladších juniorů v klasickém silovém trojboji,Yes
Joseph Chau,M,SBD,Raw,17.5,18-19,14-18,MR-V,99.8,105,-202.5,202.5,217.5,,217.5,102.5,107.5,-112.5,,107.5,187.5,195.0,210.0,,210.0,535.0,1,329.59,325.86,311.24,67.65,Yes,USA,MA,USAPL,IPF,2017-03-12,USA,MA,,7th Annual Ryan Moore New England States Open High School Championshp,Yes
Konstantin Sergushkin,M,B,Raw,13.5,13-15,14-18,Sub-Juniors,45.1,48,,,,,,,,,,42.5,,,,,,42.5,2,47.04,48.88,48.46,29.85,Yes,,,FPR,IPF,2013-01-20,Russia,CHE,Chelyabinsk,Chelyabinsk City Youth Bench Press Championships,Yes
Heather Burman,F,SBD,Single-ply,39.5,35-39,40-49,F-O,60.41,63,142.5,-152.5,-152.5,,142.5,70.0,-75.0,75.0,,75.0,140.0,152.5,-155.0,,152.5,370.0,9,408.41,410.34,362.53,68.44,Yes,USA,TX,USAPL,IPF,2019-05-10,USA,IL,,Open Nationals,Yes
Nathan Quarrell,M,SBD,Raw,39.0,35-39,40-49,Open,119.9,120,220.0,227.5,232.5,,232.5,-135.0,-135.0,-135.0,,,275.0,287.5,300.0,,300.0,,DQ,,,,,Yes,Australia,,APU,IPF,2022-05-01,Australia,WA,Perth,WA State Classic and Equipped Powerlifting and Bench Press Championships,Yes
Jonathan Mills #1,M,SBD,Single-ply,,,,M-E-Open,96.3,100,,,,,255.0,,,,,160.0,,,,,245.0,660.0,1,413.11,408.06,390.09,70.31,Yes,,,BAWLA,IPF,2005-09-03,UK,,Doncaster,South Yorkshire Open Championships,Yes
Kenneth Santiago Holmgren,M,SBD,Single-ply,,18-19,14-18,Teen 14-18,83.7,90,-110.0,110.0,120.0,,120.0,105.0,-110.0,-110.0,,105.0,110.0,120.0,140.0,,140.0,365.0,1,245.25,242.44,233.12,41.94,Yes,,,NSF,IPF,2009-08-29,Norway,,Bergen,Åpent stevne,Yes
Lonnie Dickinson,M,SBD,Single-ply,,,,Open,90.0,90,,,,,154.22,,,,,127.01,,,,,174.63,455.86,9,294.76,291.02,278.91,50.3,,USA,,USPF,IPF,1985-05-18,USA,MI,Flint,Flint Open,Yes
Ulrike Engelhardt,F,B,Single-ply,26.5,24-34,24-39,Open,75.9,82.5,,,,,,87.5,90.0,92.5,,92.5,,,,,,92.5,1,89.53,87.29,76.75,50.44,Yes,,,BVDG,IPF,1986-12-13,West Germany,,Dortmund,Deutsche Meisterschaften im Bankdrücken,Yes
Robert Harris,M,B,Single-ply,,,,Juniors,100.0,100,,,,,,,,,,155.0,,,,,,155.0,1,95.4,94.33,90.1,49.28,,,,AusPF,IPF,1993-06-20,Australia,SA,,Colossus Bench Press Challenge 2nd Qualifier,Yes
Svein-Olav Farstad,M,B,Single-ply,38.5,35-39,24-39,Open,91.5,100,,,,,,,,,,195.0,,,,,,,DQ,,,,,Yes,Norway,,NSF,IPF,2004-03-13,Norway,,Fræna,Seriestevne,Yes
Mike McCarthy,M,SBD,Single-ply,,24-34,24-39,Open,67.5,67.5,,,,,202.5,,,,,135.0,,,,,202.5,540.0,1,416.2,416.35,404.15,71.19,Yes,Canada,NS,CPU,IPF,1995-10-28,Canada,NS,Sydney,Annual Sydney Open,Yes
Sandra Kaissi,F,SBD,Raw,,20-23,19-23,Juniors,83.14,84,140.0,142.5,147.5,,147.5,57.5,62.5,-67.5,,62.5,142.5,150.0,157.5,,157.5,367.5,1,339.82,329.42,288.2,69.68,Yes,Canada,NB,CPU,IPF,2024-03-21,Canada,NB,St. John's,Easterns,Yes
Giovanni Rastelli,M,SBD,Raw,16.5,16-17,14-18,Sub-Junior,81.5,83,165.0,175.0,-182.5,,175.0,102.5,107.5,-112.5,,107.5,175.0,182.5,190.0,,190.0,472.5,9,322.3,318.88,306.99,66.01,Yes,,,FIPL,IPF,2022-10-14,Italy,,S.Zenone al Lambro,2 gara nazionale trofeo next generation di powerlifting maschile subjunior,Yes
Bogdan Kishkin,M,B,Single-ply,34.5,24-34,24-39,Open,100.0,100,,,,,,-210.0,210.0,-220.0,,210.0,,,,,,210.0,11,129.26,127.8,122.07,66.77,Yes,Russia,,FPR,IPF,2010-12-24,Russia,LEN,St. Petersburg,St. Petersburg Bench Press Cup,Yes
Marc Gerecke,M,SBD,Raw,30.5,24-34,24-39,Open,118.72,120,215.0,227.5,235.0,,235.0,160.0,167.5,-172.5,,167.5,230.0,242.5,252.5,,252.5,655.0,2,377.53,377.53,361.72,76.5,Yes,,,BVDK,IPF,2023-04-22,Germany,SN,Dresden,Sachsenmeisterschaft,Yes
Mike Rodriguez,M,SBD,Single-ply,,,,Open,90.0,90,,,,,183.7,,,,,172.37,,,,,226.8,582.87,3,376.88,372.1,356.62,64.32,,,,USPF,IPF,1985-06-30,USA,IN,Komoko,Haynes Apperson Festival,Yes
Terje Edvardsen,M,SBD,Single-ply,36.5,35-39,24-39,Open,79.3,82.5,220.0,230.0,-235.0,,230.0,120.0,125.0,-130.0,,125.0,250.0,255.0,-260.0,,255.0,610.0,1,422.82,418.78,403.66,72.38,Yes,Norway,,NSF,IPF,1991-05-25,Norway,,Sandehallen,KM,Yes
Danielle Hussey,F,SBD,Raw,42.5,40-44,40-49,Masters 1,55.6,57,,,,,117.5,,,,,65.0,,,,,122.5,305.0,6,355.22,360.89,319.27,72.91,Yes,Canada,,CPU,IPF,2019-03-04,Canada,ON,Ottawa,National Championship,Yes
Kyle Harvey,M,SBD,Single-ply,18.5,18-19,,M-T3,,125+,,,,,320.0,,,,,177.5,,,,,252.5,750.0,1,,,,,Yes,USA,,USAPL,IPF,2005-06-11,USA,TX,Killeen,Teen & Junior Powerlifting Championships,Yes
Albin Fridh,M,SBD,Raw,,,,Open,103.7,105,,,,,265.0,,,,,172.5,,,,,310.0,747.5,3,453.1,448.66,428.41,92.83,Yes,,,SSF,IPF,2023-02-02,Sweden,,,SM Klassisk Styrkelyft,Yes
Christine Hähner-Murdock,F,SBD,Raw,52.0,50-54,50-59,Guest,69.7,76,100.0,,,,100.0,65.0,70.0,75.0,,75.0,120.0,130.0,140.0,,140.0,315.0,G,319.31,314.31,277.08,64.9,Yes,,,BVDK,IPF,2025-03-01,Germany,HE,Niestetal,Bezirksmeisterschaft KDK Hessen Nord-Mitte,Yes
Zoltán Kálmán,M,SBD,Raw,27.5,24-34,24-39,Open,70.1,74,,,,,165.0,,,,,120.0,,,,,200.0,485.0,5,363.95,363.06,351.82,73.24,Yes,,,Hunpower,IPF,2019-06-22,Hungary,,Ászár,Hungarian Raw National Championship,Yes
Gábor Vencel Molnár,M,SBD,Raw,35.5,35-39,24-39,Open,69.7,74,,,,,150.0,,,,,102.5,,,,,170.0,422.5,6,318.31,317.66,307.91,64.0,Yes,,,Hunpower,IPF,2023-06-04,Hungary,,Budapest,2nd Division Hungarian National Classic Powerlifting Championships,Yes
Thomas Dielesen,M,B,Raw,21.0,20-23,19-23,Open,104.98,105,,,,,,165.0,-172.5,-172.5,,165.0,,,,,,165.0,7,99.52,98.6,94.16,73.89,Yes,Netherlands,,KNKF-SP,IPF,2023-10-01,Netherlands,,Beuningen,Open NK Bankdrukken Classic,Yes
Anita Millington,F,B,Single-ply,,,,Open,140.9,90+,,,,,,137.5,-142.5,-142.5,,137.5,,,,,,137.5,1,106.58,106.8,89.92,63.62,Yes,Australia,,PA,IPF,2010-07-24,Australia,VIC,Melbourne,Australian Open Powerlifting and Bench Press Championships and Intervarsity Championships,Yes
Nicola Colombaro,M,D,Raw,27.5,24-34,24-39,Senior,89.82,93,,,,,,,,,,,240.0,255.0,-265.0,,255.0,255.0,16,165.05,162.96,156.19,,Yes,,,FIPL,IPF,2024-07-26,Italy,,S.Zenone al Lambro,5° Gara Nazionale Classic di Stacco Senior,Yes
Steve Pulcinella,M,SBD,Single-ply,,,,Teen 18-19,125.0,125,,,,,267.5,,,,,182.5,,,,,285.0,735.0,2,416.57,418.84,400.82,69.96,,,,USPF,IPF,1985-06-28,USA,ME,Rockport,Teenage National Championships,Yes
Nicholas Arnold,M,SBD,Raw,17.5,18-19,14-18,MR-T2,63.1,66,-110.0,-110.0,-110.0,,,-80.0,-80.0,80.0,,80.0,142.5,150.0,155.0,,155.0,,DQ,,,,,Yes,USA,WI,USAPL,IPF,2021-03-13,USA,WI,,Madness Open,Yes
Lukas Weidich,M,D,Single-ply,16.0,16-17,14-18,Sub-Juniors,94.65,105,,,,,,,,,,,110.0,120.0,135.0,,135.0,135.0,2,85.18,84.11,80.45,,Yes,,,BVDK,IPF,2018-06-23,Germany,BY,Randersacker,DM Kreuzheben,Yes
Rosan Diks,F,SBD,Raw,27.5,24-34,24-39,Open,68.1,69,105.0,110.0,-115.0,,110.0,67.5,70.0,72.5,,72.5,125.0,132.5,137.5,,137.5,320.0,16,328.69,324.54,286.25,66.79,Yes,Netherlands,,KNKF-SP,IPF,2023-09-09,Netherlands,,Nijmegen,SBD Cup,Yes
Izabela Chatlińska,F,SBD,Single-ply,42.5,40-44,40-49,Open,73.34,76,-170.0,170.0,-200.0,,170.0,80.0,90.0,-100.0,,90.0,150.0,160.0,-170.0,,160.0,420.0,9,413.98,405.0,356.54,70.06,Yes,Poland,,EPF,IPF,2021-08-03,Czechia,,Pilsen,European Open Juniors & Sub-Juniors Powerlifting Championships,Yes
実島 可斉,M,B,Raw,40.0,40-44,40-49,Open,74.0,75,,,,,,130.0,135.0,137.5,,137.5,,,,,,137.5,7,99.5,98.91,95.62,73.33,Yes,,,JPA,IPF,2004-11-20,Japan,,Kobe,Japanese Open Masters & Firefighter/Police/SDF Classic Bench Press Championships,Yes
Damian Kim,M,SBD,Raw,21.5,20-23,19-23,Junior,81.95,83,187.5,200.0,207.5,,207.5,145.0,150.0,155.0,,155.0,260.0,270.0,280.0,,280.0,642.5,3,436.88,432.15,415.94,89.51,Yes,,,APU,IPF,2021-03-27,Australia,NSW,Sydney,NSW State Sub Junior and Junior Classic Championships,Yes
Phil Elmore,M,SBD,Single-ply,,,,Open,100.0,100,,,,,305.0,,,,,187.5,,,,,325.0,817.5,1,503.18,497.52,475.19,85.49,,USA,LA,USPF,IPF,1984-04-14,USA,LA,Monroe,Ark-La-Miss Meet,Yes
Dean Bowring,M,SBD,Single-ply,27.5,24-34,24-39,Open,126.0,125+,,,,,337.5,,,,,250.0,,,,,317.5,905.0,1,511.63,514.89,492.33,85.89,Yes,England,SM,BAWLA,IPF,2002-03-10,England,,,South Midlands 4 County Championships,Yes
矢口 一輝,M,SBD,Raw,17.5,18-19,14-18,High School,58.7,59,145.0,150.0,152.5,,152.5,65.0,70.0,-75.0,,70.0,165.0,170.0,-172.5,,170.0,392.5,4,337.37,341.59,333.98,65.13,Yes,,,JPA,IPF,2019-08-04,Japan,,Saitama,Japanese High School Powerlifting Championships,Yes
Diego Adame,M,SBD,Raw,19.5,20-23,19-23,MR-Jr,79.5,83,85.0,95.0,105.0,,105.0,65.0,72.5,77.5,,77.5,112.5,122.5,127.5,,127.5,310.0,6,214.55,212.48,204.79,43.86,Yes,USA,TX,USAPL,IPF,2015-12-19,USA,TX,San Antonio,Texas Regional Championships,Yes
Michal Krček,M,B,Single-ply,24.5,24-34,24-39,Open,97.3,100,,,,,,,,,,180.0,,,,,,180.0,4,112.14,110.79,105.88,58.05,Yes,Czechia,,CSST,IPF,2003-05-17,Czechia,,Třebíč,Mistrovství Moravy v Benčpresu,Yes
Ulf Branheim,M,SBD,Single-ply,52.5,50-54,50-59,Masters 2,96.7,105,,,,,280.0,,,,,182.5,,,,,262.5,725.0,1,452.94,447.44,427.68,77.07,Yes,Sweden,,SSF,IPF,2015-11-14,Sweden,,,DM i styrkelyft - utrustning Östra Svealands SDF,Yes
Kern T Ueno,M,SBD,Raw,31.5,24-34,24-39,Open,102.5,105,,,,,240.0,,,,,150.0,,,,,245.0,635.0,1,386.77,382.78,365.5,79.29,Yes,,,DSF,IPF,2011-11-26,Denmark,,Tårnby,TSK Cup Klassisk,Yes
Santwana Sharma,F,SBD,Raw,46.0,45-49,40-49,Masters 1,86.1,84+,-82.5,-87.5,87.5,,87.5,40.0,-45.0,45.0,,45.0,85.0,90.0,-95.0,,90.0,222.5,2,202.38,196.05,171.08,41.62,Yes,India,,PI,IPF,2019-09-26,India,,Idukki,Indian Classic Powerlifting Championships,Yes
Jonas Metzger,M,B,Raw,17.5,18-19,14-18,Youth A,81.6,83,,,,,,145.0,150.0,-154.0,,150.0,,,,,,150.0,1,102.25,101.15,97.38,76.01,Yes,Germany,,BVDK,IPF,2024-11-01,Germany,MV,Greifswald,Deutsche Meisterschaft im Bankdrücken,Yes
Sergey Novikov #10,M,B,Single-ply,28.5,24-34,24-39,Open,88.65,93,,,,,,180.0,190.0,195.0,,195.0,,,,,,195.0,3,127.06,125.46,120.32,66.4,Yes,,,FPR,IPF,2013-06-09,Russia,BRY,Bryansk,Bryansk City Bench Press Championships,Yes
Peter Forsberg,M,B,Single-ply,,,,Open,90.0,90,,,,,,,,,,190.0,,,,,,190.0,4,122.85,121.29,116.25,64.09,Yes,,,SSF,IPF,2002-06-16,Sweden,,,Bänk SM seniorer,Yes
Josip Lipovac,M,B,Raw,,,,Open,103.0,105,,,,,,140.0,150.0,152.5,,152.5,,,,,,152.5,3,92.7,91.76,87.62,68.9,Yes,,,HPLS,IPF,2017-03-11,Croatia,,Pitomača,1. Pitomača Open u powerliftingu & benchpressu,Yes
Darius Cordea,M,SBD,Single-ply,,18-19,14-18,Junior II,54.6,59,55.0,60.0,-65.0,,60.0,-35.0,35.0,37.5,,37.5,85.0,90.0,95.0,,95.0,192.5,5,176.23,179.69,176.44,29.82,Yes,,,FRPL,IPF,2012-05-25,Romania,,Ramnicu Valcea,Campionatul National de Juniori si Tineret,Yes
Gary Adamson,M,S,Raw,27.0,24-34,24-39,MR-O,82.46,83,-192.78,-192.78,192.78,,192.78,,,,,,,,,,,192.78,4,130.62,129.18,124.3,,Yes,,,NPAJ,IPF,2023-05-27,Jamaica,,Kingston,Squat Only,Yes
J. Saunders,M,SBD,Single-ply,,,40-49,Novice,75.0,75,,,,,161.03,,,,,122.47,,,,,167.83,451.32,8,323.79,321.59,310.74,55.45,,USA,,USPF,IPF,1983-04-09,USA,TN,Gatlinburg,East Tennessee Open,Yes
Rif Gadiev,M,B,Single-ply,30.5,24-34,24-39,Open,141.8,125+,,,,,,240.0,-247.5,247.5,,247.5,,,,,,247.5,2,135.15,138.04,131.08,69.38,Yes,Russia,,EPF,IPF,1995-12-09,Hungary,,Budapest,European Bench Press Championships,Yes
Jan Spilka,M,SBD,Single-ply,17.5,18-19,14-18,Open,71.8,74,,,,,130.0,,,,,80.0,,,,,170.0,380.0,2,280.53,279.38,270.45,48.03,Yes,,,CSST,IPF,2011-02-05,Czechia,,Sokolov,Mistrovství Oblasti Jižní a Západní Čechy,Yes
Stanislav Shapkov,M,SBD,Single-ply,19.5,20-23,19-23,Open,107.5,110,,,,,290.0,,,,,190.0,,,,,310.0,790.0,6,472.03,468.31,447.34,79.9,Yes,,,FPR,IPF,2003-11-19,Russia,MOW,Moscow,Russian Students Powerlifting Championship,Yes
Stefano Balma,M,SBD,Raw,21.0,20-23,19-23,Junior,92.5,100,150.0,157.5,-162.5,,157.5,100.0,105.0,-110.0,,105.0,150.0,160.0,-170.0,,160.0,422.5,1,269.52,266.09,254.73,55.42,Yes,Italy,,FIPL,IPF,2009-10-25,Italy,,Terni,Coppa Italia a Squadre,Yes
SuJan Gill,F,SBD,Raw,,,40-49,Masters 1,122.18,84+,125.0,-135.0,140.0,,140.0,60.0,65.0,-70.0,,65.0,140.0,150.0,155.0,,155.0,360.0,1,287.42,286.96,242.91,61.53,Yes,Canada,AB,CPU,IPF,2022-11-13,Canada,AB,Edmonton,PowerSurge XII,Yes
Miika Viiperi,M,SBD,Single-ply,25.5,24-34,24-39,Open,92.41,93,292.5,-302.5,-302.5,,292.5,185.0,192.5,-197.5,,192.5,250.0,262.5,270.0,,270.0,755.0,2,481.85,475.73,455.43,82.15,Yes,Finland,,SVNL,IPF,2014-03-08,Finland,,Pornainen,Voimanoston nuorten ja avoimen luokan SM-kisat,Yes
Gulfiya Khisametdinova,F,SBD,Single-ply,20.5,20-23,19-23,Open,60.0,60,,,,,175.0,,,,,105.0,,,,,155.0,435.0,1,482.22,484.98,428.5,80.8,Yes,Russia,,FPR,IPF,2006-10-10,Russia,ORE,Orenburg,Russian Students Powerlifting Championships,Yes
Cindy Taute,F,SBD,Single-ply,,,,Open,67.5,67.5,,,,,95.25,,,,,65.77,,,,,115.67,276.69,1,285.65,282.4,249.11,48.11,,,,USPF,IPF,1984-09-29,USA,NM,Albuquerque,New Mexico Police Olympics,Yes
Huy Quang Steven Le,M,SBD,Raw,,,19-23,Juniors,59.5,66,,,,,135.0,,,,,85.0,,,,,142.5,362.5,4,308.08,311.55,304.37,59.71,Yes,Canada,BC,CPU,IPF,2018-09-15,Canada,BC,Abbotsford,BCPA Fall Classic,Yes
Nikolay Vishnyakov,M,B,Raw,28.5,24-34,24-39,Paralympics,88.5,93,,,,,,155.0,165.0,175.0,,175.0,,,,,,175.0,1,114.13,112.69,108.09,85.09,Yes,Russia,,FPR,IPF,2017-06-03,Russia,NVS,Novosibirsk,Novosibirsk Oblast Classic Powerlifting & Bench Press Championships,Yes
Roman Odarenko,M,SBD,Single-ply,19.5,20-23,19-23,Open,81.4,83,200.0,210.0,215.0,,215.0,-125.0,-125.0,125.0,,125.0,205.0,217.5,-227.5,,217.5,557.5,16,380.55,376.52,362.51,65.12,Yes,Russia,,FPR,IPF,2012-04-18,Russia,KYA,Krasnoyarsk,Centre of Asia,Yes
Oliver Buvarp Pettersen,M,SBD,Single-ply,15.5,16-17,14-18,Teen 14-18,72.8,74,160.0,165.0,170.0,,170.0,85.0,90.0,92.5,,92.5,160.0,170.0,182.5,,182.5,445.0,2,325.5,323.87,313.34,55.74,Yes,,,NSF,IPF,2015-06-13,Norway,,Skedsmokorset,Nasjonalt ungdom og junior,Yes
Mike Wolfe #3,M,SBD,Single-ply,,,,Open,67.5,67.5,,,,,147.42,,,,,97.52,,,,,172.37,417.31,6,321.64,321.75,312.32,55.02,,,,USPF,IPF,1980-03-08,USA,WI,Eau Claire,Wisconsin State,Yes
B. Dieffenderfer,M,SBD,Raw,,,,Open,90.0,90,,,,,159.66,,,,,104.78,,,,,177.35,441.8,3,285.67,282.04,270.31,58.73,Yes,,,USAPL,IPF,2011-11-05,USA,IN,Granite City,River's Edge,Yes
Brian Watts,M,SBD,Single-ply,,,40-49,Masters 1,78.45,82.5,,,,,135.0,,,,,82.5,,,,,195.0,412.5,2,287.78,285.16,275.0,49.27,Yes,,,PA,IPF,1997-11-22,Australia,TAS,Bernie,Tasmanian Regional Challenge,Yes
Helen Allen,F,SBD,Raw,,,50-59,Masters 2,56.5,57,82.5,90.0,95.0,,95.0,57.5,-62.5,-62.5,,57.5,132.5,137.5,142.5,,142.5,295.0,1,339.94,344.69,304.84,69.66,Yes,Australia,,CommonwealthPF,IPF,2015-12-01,Canada,BC,Richmond,Commonwealth Championships,Yes
Vendula Hrubá,F,SBD,Single-ply,18.5,18-19,19-23,Juniors,56.4,60,,,,,100.0,,,,,50.0,,,,,107.5,257.5,1,297.07,301.29,266.46,49.69,Yes,,,CSST,IPF,2002-05-11,Czechia,,Mělník,Mistrovství ČR Juniorů a Dorostenců,Yes
Marina Evseeva,F,B,Single-ply,33.5,24-34,24-39,Open,54.7,57,,,,,,,,,,45.0,,,,,,45.0,2,52.98,53.93,47.73,29.96,Yes,,,FPR,IPF,2014-02-07,Russia,KLU,Zhukov,Kaluga Oblast Bench Press Championships,Yes
Marion Tanzer,F,SBD,Single-ply,50.5,50-54,50-59,Masters 2,71.3,72,100.0,107.5,-115.0,,107.5,60.0,65.0,-67.5,,65.0,130.0,140.0,-145.0,,140.0,312.5,5,312.8,307.01,270.5,52.84,Yes,South Africa,,IPF,IPF,2019-10-07,South Africa,,Potchefstroom,World Masters Powerlifting Championships,Yes
Hayley Milne,F,SBD,Raw,28.0,24-34,24-39,FR-O,74.1,76,140.0,147.5,152.5,,152.5,62.5,-67.5,-67.5,,62.5,145.0,155.0,-165.0,,155.0,370.0,5,362.69,354.43,311.91,73.84,Yes,Scotland,,ScottishPL,IPF,2023-07-15,Scotland,,Lochgelly,Scottish Classic Championships,Yes
Marina Miroshnichenko,F,SBD,Raw,33.5,24-34,24-39,Open,72.0,72,,,,,135.0,,,,,67.5,,,,,142.5,345.0,7,343.48,336.73,296.61,69.86,Yes,,,FPR,IPF,2018-04-29,Russia,MOW,Moscow,Moscow Lights Tournament,Yes
E. Ikeda,F,SBD,Single-ply,,,,Open,52.0,52,,,,,60.0,,,,,30.0,,,,,90.0,180.0,4,219.4,224.39,198.91,36.66,Yes,,,JPA,IPF,1993-10-30,Japan,,Nagato,Japanese Women's Nationals,Yes
Vitaliy Fanta,M,SBD,Single-ply,28.0,24-34,24-39,Open,74.0,74,-230.0,230.0,245.0,,245.0,-125.0,125.0,-130.0,,125.0,257.5,-267.5,-267.5,,257.5,627.5,12,454.09,451.37,436.38,77.76,Yes,Ukraine,,UkrainePF,IPF,2011-02-23,Ukraine,,Poltava,Ukrainian Powerlifting Championships,Yes
Martin Jensen,M,B,Single-ply,23.5,24-34,24-39,Open,91.65,93,,,,,,182.5,192.5,200.0,,200.0,,,,,,200.0,2,128.16,126.53,121.17,66.73,Yes,Denmark,,DSF,IPF,2016-11-26,Denmark,,Videbæk SS,DM Senior Sub-Junior Junior Masters Bænkpres,Yes
Ezdiani Binti Ahamad Dusuki,F,SBD,Raw,,,,Women's Raw Master I,98.55,84+,-130.0,-132.5,132.5,,132.5,55.0,60.0,67.5,,67.5,140.0,147.5,155.0,,155.0,355.0,1,304.68,296.87,255.49,63.57,Yes,,,MAP,IPF,2025-01-18,Malaysia,,Kuala Lumpur,Strength Academy Classic,Yes
Birgit Fischer,F,SBD,Single-ply,34.0,24-34,24-39,Open,57.5,60,142.5,150.0,155.0,,155.0,65.0,70.0,72.5,,72.5,165.0,175.0,180.0,,180.0,407.5,8,464.22,469.64,415.21,77.68,Yes,Germany,,EPF,IPF,1997-11-27,Norway,,Fredrikstad,Women's European Powerlifting Championships,Yes
Brian Colbourne,M,B,Raw,54.0,50-54,50-59,Masters 2,81.55,83,,,,,,135.0,-140.0,-140.0,,135.0,,,,,,135.0,10,92.05,91.07,87.68,68.43,Yes,Canada,,IPF,IPF,2025-05-18,Norway,,Drammen,World Classic & Equipped Bench Press Championships,Yes
Michelle Kurszewski,F,SBD,Raw,22.0,20-23,19-23,Juniors,67.8,69,140.0,145.0,150.0,,150.0,62.5,67.5,-72.5,,67.5,140.0,150.0,-157.5,,150.0,367.5,3,378.44,373.89,329.8,76.89,Yes,,,BVDK,IPF,2021-09-19,Germany,,Würzburg,DM KDK Jugend & Junioren,Yes
Prathamesh Sakore,M,SBD,Raw,20.0,20-23,19-23,Juniors,108.9,120,180.0,-195.0,-195.0,,180.0,100.0,105.0,107.5,,107.5,180.0,190.0,200.0,,200.0,487.5,5,289.83,287.79,274.98,59.18,Yes,,,PI,IPF,2019-09-26,India,,Idukki,Indian Classic Powerlifting Championships,Yes
Wayne Dralle,M,B,Raw,,,,High School,75.0,75,,,,,,,,,,129.27,,,,,,129.27,2,92.74,92.11,89.0,68.45,,,,USPF,IPF,1985-01-26,USA,IA,Waterloo,Waterloo Columbus High Bench,Yes
Iuliana Simona Tileaga,F,SBD,Single-ply,,,,Open,56.5,57,,,,,115.0,,,,,67.5,,,,,110.0,292.5,3,337.06,341.77,302.25,56.38,Yes,,,FRPL,IPF,2023-06-06,Romania,,Cluj-Napoca,Campionatul Național,Yes
Timur Klopov,M,B,Raw,19.5,20-23,19-23,Juniors,50.65,53,,,,,,-65.0,-65.0,-65.0,,,,,,,,,DQ,,,,,Yes,,,FPR,IPF,2019-02-18,Russia,SVE,Yekaterinburg,Russian Juniors & Sub-Juniors Classic Bench Press Championships,Yes
Marta Furlani,F,SBD,Raw,24.5,24-34,24-39,Open,89.09,84+,90.0,105.0,115.0,,115.0,50.0,60.0,-65.0,,60.0,110.0,127.5,-145.0,,127.5,302.5,3,270.9,262.5,228.39,55.9,Yes,,,FIPL,IPF,2018-06-15,Italy,,San Zenone al Lambro,1° Trials Classic Senior di Powerlifting,Yes
Nilesh Garate,M,SBD,Single-ply,31.0,24-34,24-39,Open,82.1,83,,,,,330.0,,,,,220.0,,,,,282.5,832.5,2,565.49,559.33,538.3,96.75,Yes,India,,PI,IPF,2023-08-08,India,,Kashipur,National Senior Equipped Powerlifting Championship,Yes
Sverre Paulsen,M,B,Single-ply,49.0,45-49,40-49,Masters 40-49,67.4,67.5,,,,,,,,,,62.5,,,,,,62.5,2,48.22,48.25,46.83,26.54,Yes,,,NSF,IPF,2002-08-31,Norway,,Florø,NM Benkpress,Yes
Anton Biermaier,M,SBD,Single-ply,21.5,20-23,19-23,Junioren,87.9,90,235.0,245.0,252.5,,252.5,145.0,-152.5,-152.5,,145.0,245.0,255.0,-260.0,,255.0,652.5,1,427.04,421.71,404.59,72.94,Yes,,,BVDG,IPF,1987-05-02,West Germany,,,Bayerische Meisterschaften der Jugend und Junioren und Senioren im Kraftdreikampf,Yes
Robin Kensenhuis,M,SBD,Raw,39.5,35-39,40-49,Open,102.64,105,-200.0,200.0,225.0,,225.0,160.0,-170.0,-170.0,,160.0,260.0,-290.0,-290.0,,260.0,645.0,1,392.64,388.61,371.07,80.49,Yes,Netherlands,,KNKF-SP,IPF,2020-09-20,Netherlands,,Weert,Loods 37 Cup Powerlifting Classic,Yes
Aleksandr Kuyukin,M,SBD,Raw,16.5,16-17,14-18,Open,73.7,74,,,,,140.0,,,,,100.0,,,,,190.0,430.0,4,311.99,310.2,299.95,63.26,Yes,Russia,,FPR,IPF,2019-04-26,Russia,MUR,Murmansk,Murmansk Oblast Powerlifting Championships,Yes
Gabriella Fruzsina Földvári,F,B,Raw,24.5,24-34,24-39,Open,61.0,63,,,,,,67.5,72.5,-80.0,,72.5,,,,,,72.5,2,79.54,79.8,70.5,61.65,Yes,,,Hunpower,IPF,2018-03-03,Hungary,,Tápiószele,Hungarian Raw Bench Press Championships,Yes
Maksim Novoselov,M,SBD,Single-ply,21.5,20-23,19-23,Open,100.0,100,280.0,290.0,-295.0,,290.0,190.0,-197.5,197.5,,197.5,250.0,262.5,-265.0,,262.5,750.0,13,461.64,456.44,435.95,78.43,Yes,Russia,,FPR,IPF,2001-10-09,Russia,IRK,Irkutsk,Russian Powerlifting Cup,Yes
Petr Richter,M,SBD,Single-ply,16.5,16-17,14-18,Open,67.5,67.5,,,,,125.0,,,,,107.5,,,,,155.0,387.5,4,298.66,298.77,290.01,51.09,Yes,,,CSST,IPF,1993-12-11,Czechia,,Těškovice,Moravsko-Slezká Liga Družstev v Trojboji III,Yes
Jennifer Rey-Gaudreau,F,SBD,Single-ply,26.5,24-34,24-39,Open,59.9,60,,,,,155.0,,,,,87.5,,,,,177.5,420.0,9,466.08,468.86,414.27,78.09,Yes,USA,,IPF,IPF,1998-05-23,Norway,,Mo I Rana,Women's World Powerlifting Championships,Yes
Sergey Kozlov,M,SBD,Raw,30.5,24-34,24-39,Open,99.8,105,,,,,175.0,,,,,185.0,,,,,275.0,635.0,15,391.19,386.76,369.42,80.3,Yes,,,FPR,IPF,2013-03-25,Russia,TUL,Tula,Russian Classic Powerlifting Championships,Yes
Alex Willis #2,F,SBD,Raw,17.5,18-19,14-18,FR-O,66.7,72,107.5,112.5,117.5,,117.5,92.5,97.5,-100.0,,97.5,137.5,142.5,152.5,,152.5,367.5,2,382.04,378.32,333.8,77.63,Yes,USA,OR,USAPL,IPF,2019-09-21,USA,OR,,Equinox Open,Yes
Petr Zámečník,M,SBD,Single-ply,46.5,45-49,40-49,Open,79.1,83,,,,,200.0,,,,,145.0,,,,,230.0,575.0,2,399.16,395.39,381.16,68.33,Yes,,,CSST,IPF,2013-02-02,Czechia,,Krnov,Mistrovství Oblasti Severní Morava,Yes
Erik Salimov,M,SBD,Single-ply,26.5,24-34,24-39,Open,119.3,120,,,,,,,,,,,,,,,,,DQ,,,,,Yes,,,FPR,IPF,2011-05-27,Russia,KHM,Khanty-Mansiysk,Ugra Cup,Yes
Djamilya Fasakhova,F,SBD,Single-ply,30.5,24-34,24-39,Open,47.95,48,120.0,130.0,-142.5,,130.0,65.0,70.0,-72.5,,70.0,120.0,125.0,-137.5,,125.0,325.0,5,419.72,430.77,383.45,70.15,Yes,Russia,,FPR,IPF,1999-02-25,Russia,ORE,Gai,Russian Powerlifting Championships,Yes
Shelton Louie,M,D,Raw,,,,Open,67.5,67.5,,,,,,,,,,,,,,,206.38,206.38,3,159.07,159.12,154.46,,,,,USPF,IPF,1979-11-10,USA,OR,Princeville,Deadlift Meet,Yes
Tobias Hangel,M,SBD,Raw,26.5,24-34,24-39,Open,82.22,83,200.0,207.5,-215.0,,207.5,145.0,152.5,-157.5,,152.5,230.0,250.0,-270.0,,250.0,610.0,3,414.01,409.48,394.06,84.84,Yes,,,DSF,IPF,2019-05-18,Denmark,,AaSK Aalborg,Aask Open Klassisk,Yes
Mickel Dahl Flensborg,M,SBD,Raw,18.0,18-19,14-18,Open,81.78,83,,,,,187.5,,,,,102.5,,,,,227.5,517.5,6,352.31,348.52,335.47,72.17,Yes,Denmark,,DSF,IPF,2014-11-22,Denmark,,Tårnby,TSK Cup Klassisk,Yes
Sergey Shchedrin,M,SBD,Raw,32.5,24-34,24-39,Open,73.45,74,,,,,160.0,,,,,130.0,,,,,160.0,450.0,11,327.23,325.42,314.71,66.32,Yes,,,FPR,IPF,2018-11-01,Russia,,Sevastopol,Russian Armed Forces Classic Powerlifting Championships,Yes
Carlos Tempel,M,D,Raw,42.5,40-44,40-49,Masters 1,78.1,83,,,,,,,,,,,230.0,-250.0,-250.0,,230.0,230.0,1,160.89,159.47,153.81,,Yes,Brazil,,CBLB,IPF,2022-10-08,Brazil,PR,São José dos Pinhais,Campeonato Paranaense de Supino e Terra,Yes
Anastasiya Gorina,F,B,Raw,14.5,13-15,14-18,Open,46.34,47,,,,,,30.0,35.0,40.0,,40.0,,,,,,40.0,1,52.98,54.34,48.5,43.09,Yes,,,FPR,IPF,2014-05-04,Russia,IRK,Irkutsk,Irkutsk Victory Cup,Yes
Adrian Smith #4,M,B,Raw,20.5,20-23,19-23,Juniors,91.5,93,,,,,,140.0,150.0,155.0,,155.0,,,,,,155.0,3,99.4,98.14,93.99,74.13,Yes,South Africa,,IPF,IPF,2016-05-15,South Africa,,Potchefstroom,World Classic Bench Press Championships,Yes
Debora Soeters,F,SBD,Raw,29.5,24-34,24-39,Open,67.3,69,-127.5,132.5,137.5,,137.5,62.5,65.0,-70.0,,65.0,147.5,155.0,162.5,,162.5,365.0,8,377.47,373.32,329.34,76.7,Yes,Netherlands,,KNKF-SP,IPF,2023-02-25,Netherlands,,Tilburg,Open NK Powerliften,Yes
Roman Gritsaenko,M,SBD,Raw,41.5,40-44,40-49,Masters 1,104.35,105,,,,,240.0,,,,,180.0,,,,,260.0,680.0,1,411.14,407.23,388.85,84.2,Yes,,,FPR,IPF,2020-12-18,Russia,LEN,St. Petersburg,St. Petersburg Juniors Sub-Juniors & Masters Classic Powerlifting Championships,Yes
Elena Zhukova,F,SBD,Single-ply,25.5,24-34,24-39,Open,73.2,75,,,,,245.5,,,,,117.5,,,,,255.0,617.5,1,609.28,596.19,524.89,103.1,Yes,Ukraine,,IPF,IPF,1998-05-23,Norway,,Mo I Rana,Women's World Powerlifting Championships,Yes
Juha Lehto,M,B,Single-ply,49.5,45-49,50-59,Masters 2,104.21,105,,,,,,240.0,-247.5,247.5,,247.5,,,,,,247.5,2,149.72,148.29,141.6,77.12,Yes,Finland,,EPF,IPF,2014-10-16,Luxembourg,,Hamm,European Masters Bench Press Championships,Yes
S. Brown,M,SBD,Single-ply,,,,Open,100.0,100,,,,,250.0,,,,,170.0,,,,,275.0,695.0,2,427.78,422.97,403.98,72.68,,,,USPF,IPF,1980-07-26,USA,CA,Soquel,Santa Cruz Open/Novice/Women's,Yes
Donatas Jaciūnas,M,SBD,Single-ply,20.5,20-23,19-23,Junior,82.1,82.5,,,,,235.0,,,,,165.0,,,,,240.0,640.0,2,434.73,430.0,413.83,74.38,Yes,,,LJTF,IPF,2007-05-19,Lithuania,,Tauragė,National Junior Championship,Yes
Colton Bradley,M,SBD,Raw,23.5,24-34,24-39,MR-O,90.2,93,185.0,192.5,200.0,,200.0,130.0,132.5,-135.0,,132.5,230.0,237.5,245.0,,245.0,577.5,2,373.0,368.26,352.9,76.69,Yes,USA,AL,USAPL,IPF,2020-02-08,USA,MS,,Mississippi Championship,Yes
Jeffrey Fletcher,M,SBD,Raw,55.5,55-59,50-59,MR-M2b,82.2,83,165.0,177.5,182.5,,182.5,105.0,-112.5,,,105.0,215.0,235.0,-245.0,,235.0,522.5,1,354.67,350.79,337.59,72.68,Yes,USA,CA,USAPL,IPF,2017-05-27,USA,CA,Mountain View,Boss of NorCal 4,Yes
Mark Varden,M,B,Single-ply,,,50-59,M-M2a,100.0,100,,,,,,,,,,160.12,,,,,,160.12,1,98.56,97.45,93.07,50.91,Yes,,,USAPL,IPF,2005-05-21,USA,NY,Tupper Lake,State Championships,Yes
Heino Kirsilä,M,SBD,Single-ply,,,,Open,67.5,67.5,,,,,205.0,,,,,115.0,,,,,230.0,550.0,8,423.91,424.06,411.63,72.51,Yes,,,SVNL,IPF,1985-03-02,Finland,,Tampere,Miesten voimanoston SM -kisat,Yes
Rick Prymek,M,SBD,Single-ply,,,,Open,90.0,90,,,,,244.94,,,,,129.27,,,,,235.87,610.08,4,394.48,389.47,373.27,67.32,,,,USPF,IPF,1985-10-26,USA,IN,Daleville,Raider Open,Yes
Uwe Schmutzler,M,SBD,Raw,37.0,35-39,24-39,Open,94.7,105,200.0,220.0,225.0,,225.0,180.0,190.0,-195.0,,190.0,-230.0,250.0,-262.5,,250.0,665.0,2,419.48,414.24,396.21,86.23,Yes,Germany,,BVDK,IPF,2017-04-29,Germany,SN,Eibau,LM Sachsen KDK,Yes
Alyona Shnarevich,F,SBD,Raw,17.5,18-19,14-18,Open,61.05,63,,,,,92.5,,,,,55.0,,,,,100.0,247.5,4,271.4,272.26,240.51,55.28,Yes,,,FPR,IPF,2017-12-06,Russia,KYA,Krasnoyarsk,Siberian Powerlifting Championships,Yes
Patrizio D'Amico,M,SBD,Single-ply,,,,Masters 1,99.0,105,,,,,145.0,,,,,100.0,,,,,195.0,440.0,2,272.02,268.87,256.85,46.24,Yes,,,LFPH,IPF,2013-10-13,Belgium,,Florennes,Championnats De La Ligue Francophone - Powerlifting,Yes
Dan Macri,M,SBD,Single-ply,,,,Novice,110.0,110,,,,,278.96,,,,,204.12,,,,,260.82,743.89,3,440.58,437.77,418.4,74.49,,,,USPF,IPF,1984-04-14,USA,FL,Tampa,Region IV PL Championships,Yes
Kirill Nazoev,M,SBD,Raw,30.5,24-34,24-39,Open,110.6,120,,,,,200.0,,,,,175.0,,,,,232.5,607.5,6,359.07,356.92,341.18,73.23,Yes,Russia,,FPR,IPF,2014-12-03,Russia,MOW,Moscow,Central District & Moscow Powerlifting Championships,Yes
P. Cossen,M,SBD,Single-ply,,,,Open,100.0,100,,,,,217.72,,,,,142.88,,,,,249.48,610.08,6,375.51,371.29,354.62,63.8,,,,USPF,IPF,1981-01-24,USA,FL,Tallahassee,Southern Iron Open,Yes
Anastasiya Zhurbina,F,SBD,Single-ply,17.5,18-19,14-18,Teen,61.3,63,,,,,120.0,,,,,92.5,,,,,130.0,342.5,1,374.61,375.59,331.76,62.81,Yes,Kazakhstan,,KPF,IPF,2017-04-02,Kazakhstan,,Tekeli,Kazakhstan Powerlifting Cup,Yes
John Thesing,M,SBD,Raw,17.5,18-19,14-18,MR-T2,77.6,82.5,,,,,165.0,,,,,110.0,,,,,227.5,502.5,1,352.9,349.87,337.57,71.98,Yes,USA,,USAPL,IPF,2014-08-09,USA,GA,,Powerlifting for Pups,Yes
Dave Plourde,M,SBD,Single-ply,18.5,18-19,,Teen 18-19,100.0,100,,,,,290.3,,,,,204.12,,,,,260.82,755.23,1,464.86,459.62,438.99,78.98,,,,USPF,IPF,1985-03-31,USA,IL,Chicago,Illinois Teenage Championships,Yes
Yoshiharu Sakurai,M,B,Single-ply,64.5,60-64,60-69,Masters 3,66.6,67.5,,,,,,-135.0,-135.0,135.0,,135.0,,,,,,135.0,1,105.07,105.22,102.2,58.03,Yes,Japan,,IPF,IPF,2002-04-18,USA,TX,Killeen,World Masters Bench Press Championships,Yes
Elena Kondratova,F,SBD,Single-ply,25.5,24-34,24-39,Open,67.0,67.5,,,,,110.0,,,,,85.0,,,,,120.0,315.0,2,326.61,323.22,285.16,54.98,Yes,Belarus,,BelPF,IPF,1999-03-18,Belarus,,Gomel,Belarus Powerlifting Championship,Yes
Konstantin Sgibnev,M,B,Raw,17.0,16-17,14-18,Sub-Juniors,90.5,93,,,,,,,,,,130.0,,,,,,130.0,1,83.82,82.76,79.3,62.51,Yes,Russia,,FPR,IPF,2015-04-11,Russia,CHE,Chelyabinsk,Chelyabinsk Juniors & Sub-Juniors Classic Bench Press Championships,Yes
Devendra Vyas,M,SBD,Single-ply,20.0,20-23,19-23,Juniors,52.4,53,175.0,-185.0,-185.0,,175.0,95.0,-102.5,102.5,,102.5,180.0,190.0,-205.0,,190.0,467.5,3,444.54,455.09,447.98,74.93,Yes,,,PI,IPF,2021-03-17,India,,Ghazipur,Indian Sub-Juniors & Juniors Powerlifting Championships,Yes
Oleg Yavorskiy,M,B,Single-ply,26.5,24-34,24-39,Open,77.8,82.5,,,,,,-145.0,145.0,155.0,,155.0,,,,,,155.0,6,108.68,107.74,103.94,57.92,Yes,Russia,,FPR,IPF,2009-04-24,Russia,LEN,St. Petersburg,St. Petersburg Bench Press Championships,Yes
Katja Hellsten,F,SBD,Single-ply,49.5,45-49,50-59,Over 50,85.55,84+,125.0,130.0,135.0,,135.0,65.0,-70.0,70.0,,70.0,140.0,145.0,150.0,,150.0,355.0,1,323.86,313.76,273.92,55.43,Yes,,,SVNL,IPF,2024-09-07,Finland,,Loppi,Jäsentenvälinen voimanostokisa,Yes
Rachel Denis,F,SBD,Single-ply,31.5,24-34,24-39,F-O,97.81,84+,205.0,217.5,-222.5,,217.5,107.5,112.5,115.0,,115.0,160.0,165.0,-170.0,,165.0,497.5,4,428.26,417.01,359.23,74.15,Yes,USA,NY,USAPL,IPF,2017-05-19,USA,FL,,35th Annual Open National Championship,Yes
Anett Langva,F,B,Single-ply,32.5,24-34,24-39,Open,56.65,57,,,,,,,,,,77.5,,,,,,77.5,1,89.15,90.37,79.91,50.26,Yes,Norway,,DSF,IPF,2012-02-03,Denmark,,Albertslund,ER Open Bænkpres,Yes
Jason Caultman,M,SBD,Raw,,,,M-C-Open,91.8,93,220.0,230.0,242.5,,242.5,135.0,145.0,152.5,,152.5,245.0,260.0,272.5,,272.5,667.5,1,427.38,421.94,404.05,87.88,Yes,England,GL,EPA,IPF,2015-11-21,England,,London,GL Divisional November,Yes
M. Smith #47,M,SBD,Single-ply,,13-15,14-18,Teen 14-15,125.0,125,,,,,200.0,,,,,82.5,,,,,265.0,547.5,1,310.3,311.99,298.57,52.11,,,,USPF,IPF,1987-08-01,USA,PA,Allentown,Teenage Nationals,Yes
Mikhaylo Grischenko,M,SBD,Raw,24.5,24-34,24-39,Open,73.9,74,160.0,180.0,-195.0,,180.0,115.0,120.0,-125.0,,120.0,220.0,235.0,-240.0,,235.0,535.0,2,387.49,385.2,372.43,78.6,Yes,Ukraine,,UkrainePF,IPF,2016-06-03,Ukraine,,Kyev,Kyev Championships,Yes
Jose Trejo #2,M,SBD,Raw,20.5,20-23,19-23,MR-Jr,79.75,83,185.0,195.0,-200.0,,195.0,102.5,107.5,-117.5,,107.5,207.5,215.0,-227.5,,215.0,517.5,1,357.5,354.0,341.13,73.1,Yes,USA,KS,USAPL,IPF,2021-01-30,USA,NE,,Star City Showdown,Yes
Artem Stepanov,M,SBD,Single-ply,19.5,20-23,19-23,Open,88.1,90,,,,,260.0,,,,,160.0,,,,,260.0,680.0,7,444.51,438.95,421.09,75.91,Yes,Russia,,FPR,IPF,2005-12-16,Russia,KYA,Krasnoyarsk,Centre of Asia,Yes
Szilárd Molnár,M,B,Raw,18.5,18-19,19-23,Juniors,92.2,93,,,,,,135.0,140.0,-145.0,,140.0,,,,,,140.0,3,89.45,88.31,84.55,66.7,Yes,,,Hunpower,IPF,2023-03-06,Hungary,,Békéscsaba,Hungarian Student Bench Press Championships,Yes
Matthew Rumler,M,B,Single-ply,,,,Juniors,67.5,67.5,,,,,,,,,,90.0,,,,,,90.0,2,69.37,69.39,67.36,38.17,Yes,Australia,,OceaniaPF,IPF,1994-10-22,Australia,VIC,Lorne,Bench Press Championships,Yes
Seppo Blomfjord,M,SBD,Single-ply,62.5,60-64,60-69,Over 60,97.1,100,,,,,220.0,,,,,140.0,,,,,230.0,590.0,2,367.91,363.48,347.38,62.59,Yes,Finland,,SVNL,IPF,2003-03-22,Finland,,Riihimäki,Veteraanien M40 voimanoston SM-kisat,Yes
De'Quinton Gie,M,SBD,Raw,20.5,20-23,19-23,MR-Jr,78.5,83,210.0,220.0,230.0,,230.0,145.0,150.0,157.5,,157.5,225.0,245.0,255.0,,255.0,642.5,1,448.07,443.98,428.15,91.5,Yes,USA,LA,USAPL,IPF,2018-08-11,USA,TX,,Southern Regional Championships,Yes
Alexis Sandford,M,SBD,Single-ply,,,50-59,Masters 2,121.2,125,-180.0,180.0,-210.0,,180.0,-120.0,120.0,-150.0,,120.0,160.0,-180.0,-200.0,,160.0,460.0,1,263.31,263.86,252.85,44.29,Yes,Tahiti,,OceaniaPF,IPF,2008-12-05,Tahiti,,Papeete,Oceania Powerlifting Championships,Yes
Erik Giovani Perez Enríquez,M,B,Raw,20.5,20-23,19-23,Juniors,111.3,120,,,,,,125.0,135.0,140.0,,140.0,,,,,,140.0,4,82.55,82.1,78.49,61.04,Yes,,,FEMEPO,IPF,2024-05-02,Mexico,,,XV Nacional Jr y Sub-Jr,Yes
B. Beebe,M,BD,Raw,,,,Master II,90.0,90,,,,,,,,,,115.21,,,,,192.32,307.54,1,198.86,196.33,188.16,,Yes,,,USAPL,IPF,2011-11-19,USA,PA,Clarks Summit,Stars and Stripes BP / DL,Yes
Bill McElwain,M,SBD,Single-ply,,,,Open,82.5,82.5,,,,,204.12,,,,,140.61,,,,,254.01,598.74,2,405.58,401.1,385.94,69.39,,,,USPF,IPF,1980-01-12,USA,CA,San Jose,West Coast Jr & Masters,Yes
Sergey Knyazev,M,B,Single-ply,28.5,24-34,24-39,Open,74.25,75,,,,,,230.0,-237.5,237.5,,237.5,,,,,,237.5,2,171.49,170.43,164.75,92.22,Yes,Russia,,IPF,IPF,2005-01-12,Sweden,,Stockholm,World Open Bench Press Championships,Yes
Andrew Sien,M,SBD,Single-ply,17.0,16-17,14-18,M-T2,140.6,120+,-275.0,-275.0,275.0,,275.0,-155.0,155.0,160.0,,160.0,227.5,,,,227.5,662.5,1,362.63,369.97,351.55,60.63,Yes,USA,MD,USAPL,IPF,2017-09-09,USA,MD,,Charm City Classic,Yes
Susan Critchley,F,SBD,Raw,,,,F-O,66.8,72,,,,,100.0,,,,,55.0,,,,,122.5,277.5,9,288.23,285.36,251.77,58.56,Yes,Ireland,,IrishPF,IPF,2018-07-14,Ireland,,,July Open,Yes
Tracy Olmstead,M,SBD,Single-ply,,,,Open,67.5,67.5,,,,,147.42,,,,,83.91,,,,,188.24,419.57,7,323.38,323.5,314.01,55.32,,,,USPF,IPF,1985-05-18,USA,MI,Flint,Flint Open,Yes
Antonio Gorga,M,SBD,Raw,23.0,20-23,19-23,Junior,81.35,83,210.0,225.0,230.0,,230.0,150.0,155.0,-160.0,,155.0,245.0,260.0,270.0,,270.0,655.0,3,447.27,442.54,426.08,91.6,Yes,Italy,,FIPL,IPF,2018-05-31,Italy,,San Zenone al Lambro,1° Campionato Italiano Classic Sub-Junior e Junior,Yes
Patrycja Janoszka,F,B,Single-ply,47.5,45-49,40-49,Weteranki 40-49 lat,114.95,84+,,,,,,50.0,-55.0,-55.0,,50.0,,,,,,50.0,2,40.63,40.3,34.23,23.85,Yes,,,PZKFiTS,IPF,2025-03-01,Poland,,Warsaw,Mistrzostwa Polski w Wyciskaniu Leżąc,Yes
D. Zanozdrya,F,B,Single-ply,16.5,16-17,14-18,Open,46.9,47,,,,,,45.0,50.0,60.0,,60.0,,,,,,60.0,3,78.76,80.82,72.06,45.53,Yes,,,KPF,IPF,2016-07-04,Kazakhstan,,Semey,Kazakhstan Bench Press Championships,Yes
Brian Lawrence #1,M,SBD,Raw,,,40-49,Masters 1,82.0,83,,,,,170.0,,,,,90.0,,,,,232.5,492.5,1,334.77,331.14,318.71,68.59,Yes,Canada,ON,CPU,IPF,2014-11-29,Canada,ON,Hamilton,OPA Classic Provincials,Yes
Winnie Abramson,F,SBD,Raw,50.0,50-54,50-59,FR-O,51.45,52,107.5,-115.0,115.0,,115.0,55.0,60.0,-62.5,,60.0,122.5,132.5,137.5,,137.5,312.5,1,383.74,392.78,348.31,79.64,Yes,USA,NY,USAPL,IPF,2020-10-24,USA,NY,,Halloween Havoc III,Yes
Nicole Nguyen,F,SBD,Raw,22.5,20-23,19-23,FR-O,45.4,47,110.0,117.5,122.5,,122.5,52.5,55.0,-57.5,,55.0,130.0,-137.5,137.5,,137.5,315.0,1,423.64,434.17,388.18,90.45,Yes,USA,CA,USAPL,IPF,2017-12-08,USA,CA,Anaheim,American Open,Yes
Isabelle Letarte,F,SBD,Raw,,,50-59,Masters 2,65.6,69,65.0,67.5,72.5,,72.5,37.5,42.5,-45.0,,42.5,87.5,95.0,102.5,,102.5,217.5,1,228.32,226.64,200.02,46.4,Yes,Canada,QC,CPU,IPF,2024-04-20,Canada,QC,Quebec,Classique du Podium - Edition Printemps,Yes
Vegard Fatland,M,SBD,Single-ply,,16-17,14-18,Teen 14-18,60.2,67.5,-115.0,115.0,-120.0,,115.0,70.0,80.0,-90.0,,80.0,135.0,137.5,145.0,,145.0,340.0,5,286.19,289.1,282.26,48.74,Yes,,,NSF,IPF,2008-11-15,Norway,,Sandnes,NM U/Jr/Vet,Yes
Milan Bogner,M,B,Single-ply,34.0,24-34,24-39,Open,104.55,105,,,,,,202.5,-210.0,-217.5,,202.5,,,,,,202.5,3,122.34,121.19,115.72,63.0,Yes,Germany,,BVDK,IPF,2022-10-30,Germany,,Greifswald,DM BD Equipped,Yes
Bernd Meyer,M,B,Single-ply,58.0,55-59,50-59,Masters 2,126.8,120+,,,,,,160.0,170.0,-175.0,,170.0,,,,,,170.0,1,95.92,96.6,92.4,49.11,Yes,Germany,,BVDK,IPF,2019-04-13,Germany,MV,Greifswald,Offene LM BD RAW und EQ MV,Yes
Peer Bjaaland,M,B,Raw,75.5,75-79,70-999,Masters 4,84.7,93,,,,,,90.0,105.0,-117.5,,105.0,,,,,,105.0,3,70.09,69.27,66.57,52.2,Yes,Norway,,IPF,IPF,2018-05-14,Finland,,Vantaa,World Classic Bench Press Championships,Yes
Frank Stamboolian Jr,M,SBD,Single-ply,78.5,75-79,70-999,M-M4,73.0,74,85.0,90.0,105.0,,105.0,70.0,75.0,82.5,,82.5,102.5,115.0,122.5,,122.5,310.0,1,226.34,225.17,217.82,38.76,Yes,USA,PA,USAPL,IPF,2017-08-04,USA,NJ,,Mid-Atlantic Regional Championship,Yes
Sergey Manyashin,M,B,Raw,18.5,18-19,19-23,Open,68.9,74,,,,,,100.0,-110.0,110.0,,110.0,,,,,,110.0,18,83.55,83.45,80.93,60.95,Yes,,,FPR,IPF,2018-06-22,Russia,NVS,Novosibirsk,Novosibirsk Oblast Bench Press Championships,Yes
井上 健,M,B,Raw,45.5,45-49,40-49,Open,108.45,120,,,,,,162.5,172.5,-177.5,,172.5,,,,,,172.5,1,102.72,101.97,97.42,76.1,Yes,,,JPA,IPF,2016-11-13,Japan,,Kishiwada,Osaka Bench Press Championships,Yes
Aleksandr Konovalov,M,SBD,Single-ply,17.5,18-19,14-18,Juniors,79.65,83,,,,,215.0,,,,,147.5,,,,,212.5,575.0,2,397.52,393.64,379.36,68.05,Yes,Russia,,FPR,IPF,2017-04-10,Russia,SVE,Irbit,Ural Juniors & Sub-Juniors Powerlifting Championships,Yes
Vidal Bonilla,M,BD,Single-ply,35.0,35-39,24-39,M-O,74.4,83,,,,,,92.5,100.0,105.0,,105.0,130.0,140.0,145.0,,145.0,250.0,5,180.28,179.14,173.16,,Yes,Puerto Rico,,FPPR,IPF,2013-12-07,Puerto Rico,,Aguadilla,Campeonato Nacional Push/Pull,Yes
Cato Søhoel,M,B,Single-ply,,,19-23,Juniors 19-23,62.7,67.5,,,,,,75.0,-80.0,-80.0,,75.0,,,,,,75.0,2,61.11,61.5,59.92,34.39,Yes,,,NSF,IPF,1991-04-28,Norway,,Lykkeberghallen,Seriestevne m/benkcup,Yes
Jari Saario,M,SBD,Raw,32.5,24-34,24-39,Open,140.7,120+,-315.0,-325.0,,,,150.0,,,,150.0,340.0,352.5,357.5,,357.5,,DQ,,,,,Yes,Finland,,EPF,IPF,2018-11-24,Lithuania,,Kaunas,European Classic Powerlifting Championships,Yes
Olga Perfileva,F,B,Raw,55.5,55-59,50-59,Masters 2,64.3,72,,,,,,47.5,50.0,-52.5,,50.0,,,,,,50.0,1,53.12,52.88,46.68,41.26,Yes,,,FPR,IPF,2013-08-08,Russia,MOW,Mytishchi,Russian Masters Bench Press Championships,Yes
Joshua Dang,M,SBD,Raw,20.5,20-23,19-23,MR-Jr,72.2,74,165.0,175.0,-185.0,,175.0,110.0,117.5,-120.0,,117.5,200.0,-212.5,-212.5,,200.0,492.5,2,362.23,360.61,349.01,73.24,Yes,USA,NH,USAPL,IPF,2020-07-18,USA,NH,,New Hampshire and Vermont State Championship,Yes
Clara Kasbarian,F,B,Single-ply,38.5,35-39,24-39,Open,66.7,67.5,,,,,,130.0,132.5,135.0,,135.0,,,,,,135.0,2,140.34,138.97,122.62,78.72,Yes,France,,IPF,IPF,1998-12-11,Germany,,Amberg,World Bench Press Championships,Yes
Sawyer Yandell,M,SBD,Single-ply,18.0,18-19,19-23,M-T3,65.0,67.5,222.5,-232.5,235.0,,235.0,105.0,115.0,117.5,,117.5,220.0,230.0,-245.0,,230.0,582.5,1,461.64,463.2,450.43,78.88,Yes,USA,,USAPL,IPF,2013-04-20,USA,TX,San Antonio,State Championships,Yes
M. Hoes,M,SBD,Single-ply,,,,Open,100.0,100,,,,,320.0,,,,,205.0,,,,,260.0,785.0,1,483.18,477.74,456.3,82.09,Yes,Netherlands,,NPB,IPF,1991-09-14,Netherlands,,,Dutch Powerlifting Championships,Yes
Mary Najjar,F,SBD,Raw,28.5,24-34,24-39,Open,72.0,72,100.0,107.5,-112.5,,107.5,52.5,55.0,-57.5,,55.0,155.0,170.0,175.0,,175.0,337.5,1,336.01,329.41,290.16,68.34,Yes,,,PA,IPF,2017-07-09,Australia,VIC,Melbourne,Avia Performance Winter Challenge,Yes
Roger Remy,M,B,Single-ply,62.0,60-64,60-69,Masters 3,76.3,83,,,,,,,,,,105.0,,,,,,105.0,1,74.52,73.94,71.39,39.85,Yes,Belgium,,LFPH,IPF,2016-02-13,Belgium,,La Louvière,2e Tour Interclub Bench,Yes
Léa Gratacos,F,SBD,Raw,19.0,18-19,19-23,Juniors,55.1,57,85.0,90.0,95.0,,95.0,47.5,50.0,52.5,,52.5,102.5,112.5,117.5,,117.5,265.0,2,310.5,315.79,279.42,63.8,Yes,France,,FFForce,IPF,2019-01-19,France,,Port-la-Nouvelle,Challenge d'Hiver FA PL DC BP Occitanie,Yes
Galina Fedorova,F,B,Single-ply,38.5,35-39,24-39,Open,63.0,67.5,,,,,,-70.0,-70.0,-70.0,,,,,,,,,DQ,,,,,Yes,Russia,,FPR,IPF,2007-12-22,Russia,LEN,St. Petersburg,St. Petersburg Bench Press Cup,Yes
Anuraag Haran Harichandran,M,SBD,Raw,,,,Men's Raw Junior,104.35,105,175.0,185.0,-195.0,,185.0,110.0,115.0,-120.0,,115.0,190.0,205.0,215.0,,215.0,515.0,2,311.38,308.42,294.5,63.77,Yes,,,MAP,IPF,2025-01-18,Malaysia,,Kuala Lumpur,Strength Academy Classic,Yes
Aleksandr Kolomeets,M,B,Single-ply,16.5,16-17,14-18,Open,63.0,66,,,,,,85.0,90.0,-95.0,,90.0,,,,,,90.0,1,73.06,73.5,71.58,41.05,Yes,Russia,,FPR,IPF,2013-05-04,Russia,YAN,Noyabrsk,Noyabrsk Bench Press Tournament,Yes
Michele Fois,M,D,Raw,25.5,24-34,24-39,Senior,74.83,83,,,,,,,,,,,205.0,-225.0,-225.0,,205.0,205.0,33,147.29,146.31,141.38,,Yes,,,FIPL,IPF,2023-05-05,Italy,,San Zenone Al Lambro,4° Gara Nazionale Classic Di Stacco Senior M F,Yes
Alexander Diepold,M,B,Single-ply,57.5,55-59,50-59,AK II,59.0,60,,,,,,,,,,95.0,,,,,,95.0,1,81.31,82.29,80.43,46.81,Yes,,,BVDG,IPF,1995-09-01,Germany,,,Deutsche Meisterschaft der Senioren in Bankdrücken,Yes
Cheryl Sellstrom,F,SBD,Raw,52.5,50-54,50-59,FR-M2a,73.4,84,55.0,-57.5,-60.0,,55.0,42.5,-45.0,-45.0,,42.5,60.0,67.5,72.5,,72.5,170.0,1,167.49,163.84,144.24,34.09,Yes,USA,,USAPL,IPF,2015-11-14,USA,TX,Austin,Longhorn Open,Yes
Jan-Roger Johansen,M,SBD,Single-ply,43.5,40-44,40-49,Masters 40-49,99.8,105,245.0,265.0,275.0,,275.0,187.5,-192.5,,,187.5,235.0,255.0,265.0,,265.0,727.5,1,448.18,443.1,423.23,76.15,Yes,Norway,,NSF,IPF,2011-09-19,Norway,,Grubhei,Seriestevne,Yes
Dmitriy Yaroslavtsev,M,SBD,Single-ply,16.5,16-17,14-18,Open,70.55,74,,,,,160.0,,,,,112.5,,,,,180.0,452.5,4,338.07,337.09,326.56,57.87,Yes,,,FPR,IPF,2017-04-21,Russia,NIZ,Solokskoe,Nizhnvy Novgorod Oblast Powerlifting Cup,Yes
Janet Warne,F,SBD,Single-ply,52.5,50-54,50-59,Open,63.3,67.5,125.0,-135.0,-135.0,,125.0,72.5,-77.5,-77.5,,72.5,125.0,130.0,-140.0,,130.0,327.5,4,351.22,350.46,309.44,58.97,Yes,Canada,,NAPF,IPF,2005-06-18,USA,FL,Miami,North American Powerlifting Championships,Yes
Inès Herbaux,F,SBD,Raw,20.5,20-23,19-23,Open,51.5,,130.0,137.5,-145.0,,137.5,82.5,85.0,-87.5,,85.0,140.0,147.5,-152.5,,147.5,370.0,4,454.04,464.7,412.08,94.21,Yes,France,,EPF,IPF,2024-01-27,Spain,,Alhaurín de la Torre,Pyrenees Cup,Yes
Ha Pham Viet,F,SBD,Single-ply,21.0,20-23,19-23,Juniors,61.85,63,90.0,95.0,97.5,,97.5,50.0,55.0,-57.5,,55.0,110.0,120.0,-125.0,,120.0,272.5,1,296.41,296.78,262.13,49.72,Yes,Germany,,BVDK,IPF,2015-10-24,Germany,,Lauchhammer,DM im Kraftdreikampf Jugend/Junioren,Yes
Troy Atkin,M,B,Raw,29.5,24-34,24-39,MR-O,118.1,120,,,,,,175.0,-185.0,187.5,,187.5,,,,,,187.5,5,108.26,108.21,103.67,79.65,Yes,England,SE,BP,IPF,2022-02-19,England,,Dover,British Classic Bench Press Championships,Yes
Abdelkarim Kirmima,M,D,Raw,25.0,24-34,24-39,Elite,84.3,,,,,,,,,,,,-180.0,200.0,-210.0,,200.0,200.0,1,133.86,132.29,127.17,,Yes,,,FFForce,IPF,2020-02-01,France,,Vendôme,Eliminatoires Jean Villenave Centre,Yes
Kaitlin Korbitz,F,SBD,Raw,32.5,24-34,24-39,FR-O,86.3,84+,117.5,122.5,-125.0,,122.5,70.0,72.5,75.0,,75.0,127.5,135.0,145.0,,145.0,342.5,1,311.19,301.47,263.01,64.02,Yes,USA,MN,USAPL,IPF,2018-08-04,USA,IN,,22nd Street Barbell Open,Yes
Anthony Vuillemin,M,SBD,Raw,27.5,24-34,24-39,Seniors,72.35,74,160.0,170.0,177.5,,177.5,105.0,110.0,112.5,,112.5,225.0,237.5,245.0,,245.0,535.0,1,392.94,391.14,378.51,79.47,Yes,,,FFForce,IPF,2023-12-09,France,,Plougastel-Daoulas,Championnat Régional FA/PL Bretagne,Yes
Björn Berg,M,B,Raw,34.5,24-34,24-39,Open,96.2,105,,,,,,160.0,165.0,-167.5,,165.0,,,,,,165.0,4,103.33,102.06,97.57,77.0,Yes,,,SVNL,IPF,2017-04-08,Finland,,Hangö,SFI mästerskap i klassiskt bänkpress,Yes
Asma Zabuawala,F,SBD,Raw,16.0,16-17,14-18,Sub-Juniors,90.3,84+,,,,,127.5,,,,,65.0,,,,,147.5,340.0,2,302.67,293.38,254.93,62.54,Yes,,,PI,IPF,2025-05-20,India,,Kolhapur,National Sub Junior & Junior Classic Powerlifting Championship,Yes
K. Briggs,M,SBD,Single-ply,,,,Novice,90.0,90,,,,,235.0,,,,,145.0,,,,,230.0,610.0,2,394.43,389.42,373.22,67.31,,,,USPF,IPF,1981-12-18,USA,SC,Greenville,Palmetto State Open,Yes
Shrona Scott,F,SBD,Raw,34.5,24-34,24-39,Open,65.4,69,112.5,-117.5,-117.5,,112.5,65.0,70.0,-72.5,,70.0,130.0,137.5,142.5,,142.5,325.0,7,341.78,339.42,299.56,69.46,Yes,Jamaica,,NAPF,IPF,2024-08-04,USA,AZ,Scottsdale,21st Annual North American Powerlifting Championships,Yes
Jan Vítek,M,SBD,Single-ply,39.5,35-39,40-49,Masters 1,134.3,120+,,,,,170.0,,,,,165.0,,,,,185.0,520.0,3,288.38,292.47,278.79,48.29,Yes,Czechia,,CSST,IPF,2011-04-23,Czechia,,Krnov,Mistrovství České Republiky v Silovém Trojboji Mužů a Žen Masters,Yes
鈴木 綾子,F,B,Raw,46.5,45-49,40-49,Masters 1,41.15,47,,,,,,70.0,-72.5,80.0,,80.0,,,,,,80.0,1,116.11,117.53,106.36,101.19,Yes,,,JPA,IPF,2019-11-30,Japan,,Akashi,Japanese Masters Juniors & Sub-Juniors Classic Bench Press Championships,Yes
Luar Jaen Sole,M,SBD,Raw,17.5,18-19,14-18,Open,76.54,83,180.0,190.0,197.5,,197.5,102.5,107.5,112.5,,112.5,197.5,210.0,220.0,,220.0,530.0,24,375.39,372.43,359.54,76.46,Yes,,,AEP,IPF,2023-06-23,Spain,,Tarragona,Copa del Mediterrani,Yes
M. Sepu,M,SBD,Single-ply,,,,Open,100.0,100,,,,,250.0,,,,,155.0,,,,,240.0,645.0,2,397.01,392.54,374.92,67.45,Yes,,,NZPF,IPF,1985-08-10,New Zealand,OTA,Dunedin,New Zealand Championships,Yes
Evgeny Pavlov,M,SBD,Raw,42.0,40-44,40-49,Open,103.45,105,,,,,240.0,,,,,167.5,,,,,250.0,657.5,9,398.95,394.99,377.16,81.74,Yes,,,UkrainePF,IPF,2023-04-01,Ukraine,,Lviv,Ukrainian Classic Powerlifting Championships,Yes
Tardy,M,SBD,Single-ply,,,,Teen,75.0,75,,,,,182.5,,,,,145.0,,,,,190.0,517.5,2,371.27,368.75,356.3,63.58,,,,USPF,IPF,1985-11-24,USA,IN,Lafayette,Purdue Open Natural,Yes
Mikhail Gachechiladze,M,SBD,Single-ply,30.5,24-34,24-39,Open,81.35,82.5,,,,,250.0,,,,,180.0,,,,,265.0,695.0,9,474.58,469.56,452.1,81.21,Yes,Russia,,FPR,IPF,2005-05-27,Russia,LEN,St. Petersburg,St. Petersburg Cup,Yes
James Hubbard,M,SBD,Raw,16.5,16-17,14-18,MR-O,92.0,93,147.5,157.5,167.5,,167.5,90.0,95.0,102.5,,102.5,180.0,197.5,205.0,,205.0,475.0,2,303.81,299.94,287.2,62.47,Yes,USA,MD,USAPL,IPF,2019-06-15,USA,MD,,Annapolis Novice Open,Yes
Petr Mikhaylov,M,SBD,Raw,43.5,40-44,40-49,Masters 1,97.75,105,,,,,205.0,,,,,175.0,,,,,210.0,590.0,1,366.81,362.44,346.34,75.35,Yes,Russia,,FPR,IPF,2019-06-16,Russia,NVS,Novosibirsk,Novosibirsk Olympic Day,Yes
Natalya Derendyaeva,F,SBD,Single-ply,21.5,20-23,19-23,Open,53.0,56,,,,,102.5,,,,,55.0,,,,,102.5,260.0,3,312.77,319.37,282.91,52.27,Yes,Russia,,FPR,IPF,2001-12-15,Russia,IRK,Sayansk,Irkutsk Powerlifting Championships,Yes
Vladislav Shaibekov,M,B,Raw,15.5,16-17,14-18,Juniors,52.6,53,,,,,,95.0,100.0,102.5,,102.5,,,,,,102.5,1,97.12,99.39,97.81,65.97,Yes,Russia,,FPR,IPF,2011-02-04,Russia,KEM,Kemerovo,Siberian Juniors Bench Press Championships,Yes
Scott Wood #1,M,SBD,Raw,60.5,60-64,60-69,Open,128.5,120+,130.0,140.0,150.0,,150.0,100.0,110.0,-115.0,,110.0,165.0,180.0,190.0,,190.0,450.0,3,252.86,255.06,243.81,50.8,Yes,,,PA,IPF,2017-11-18,Australia,QLD,Brisbane,SSG Open II,Yes
Rosa Marleni Coti Tavico,F,SBD,Raw,19.0,18-19,19-23,Open,51.8,52,38.56,43.1,52.16,,52.16,20.41,-29.48,-29.48,,20.41,38.56,61.23,70.31,,70.31,142.88,5,174.62,178.65,158.38,36.2,Yes,,,Fedepotencia,IPF,2023-03-25,Guatemala,,Santa Cruz del Quiche,Campeonato Departamental Open Powerlifting Quiche,Yes
Kevin Koch #1,M,B,Single-ply,32.5,24-34,24-39,Open,162.95,120+,,,,,,300.0,310.0,-320.0,,310.0,,,,,,310.0,11,163.1,169.48,158.71,84.59,Yes,Germany,,IPF,IPF,2012-05-21,Czechia,,Pilsen,World Bench Press Championships,Yes
Diane Frantz,F,SBD,Single-ply,47.0,45-49,40-49,Open,60.0,60,175.0,-187.5,187.5,,187.5,85.0,-95.0,-95.0,,85.0,187.5,-210.0,-210.0,,187.5,460.0,4,509.93,512.85,453.13,85.44,,USA,,USPF,IPF,1985-01-26,USA,MA,Boston,Women's Nationals,Yes
Carlos Bolaños,M,SBD,Single-ply,,,50-59,Masters 2,105.4,110,,,,,220.0,,,,,120.0,,,,,240.0,580.0,1,349.26,346.12,330.52,59.18,Yes,Venezuela,,FESUPO,IPF,2003-09-05,Brazil,,São Paulo,Campeonato Sudamericano de Powerlifting,Yes
Daniel Komarchewski,M,B,Raw,23.5,24-34,24-39,Novice,103.2,105,,,,,,105.0,107.5,-110.0,,107.5,,,,,,107.5,1,65.29,64.64,61.72,48.52,Yes,,,CBLB,IPF,2022-10-08,Brazil,PR,São José dos Pinhais,Campeonato Paranaense de Supino e Terra,Yes
Konstantin Danilov,M,SBD,Single-ply,14.5,13-15,14-18,Open,44.8,52,,,,,155.0,,,,,65.0,,,,,145.0,365.0,1,406.97,423.12,419.57,67.29,Yes,Russia,,FPR,IPF,2001-12-15,Russia,IRK,Sayansk,Irkutsk Powerlifting Championships,Yes
Florian Lory,M,SBD,Raw,25.5,24-34,24-39,Open,101.2,105,,,,,210.0,,,,,157.5,,,,,233.0,600.5,1,367.73,363.75,347.36,75.43,Yes,,,LFPH,IPF,2018-04-15,Belgium,,Florennes,3e Tour Interclub,Yes
Aleksandr Shpak,M,SBD,Single-ply,30.5,24-34,24-39,Open,90.45,93,,,,,320.0,,,,,247.5,,,,,270.0,837.5,1,540.17,533.31,511.01,92.17,Yes,Russia,,FPR,IPF,2011-07-15,Russia,MOW,Moscow,Moscow City Powerlifting Cup,Yes
Elchin Muradov,M,SBD,Raw,17.5,18-19,14-18,Sub-Juniors,65.1,66,,,,,167.5,,,,,117.5,,,,,215.0,500.0,1,395.8,397.09,386.11,78.51,Yes,Russia,,FPR,IPF,2012-03-27,Russia,NVS,Berdsk,Russian Juniors & Sub-Juniors Classic Powerlifting Championships,Yes
S. Tompkins,M,SBD,Single-ply,,,,Novice,82.5,82.5,,,,,199.58,,,,,122.47,,,,,195.04,517.1,6,350.28,346.41,333.31,59.92,,,,USPF,IPF,1981-05-23,USA,TN,Oak Ridge,East Tennessee Open,Yes
Michal Ševčík,M,D,Raw,23.5,24-34,24-39,Open,90.8,93,,,,,,,,,,,250.0,260.0,-270.0,,260.0,260.0,3,167.37,165.24,158.31,,Yes,Czechia,,CSST,IPF,2023-05-21,Czechia,,Karviná,Otevřené mistrovství České republiky mužů a žen v klasickém mrtvém tahu,Yes
Elizabeth Redrup,F,SBD,Raw,,,,F-C-Open,135.0,84+,90.0,100.0,-105.0,,100.0,50.0,-55.0,-55.0,,50.0,105.0,115.0,125.0,,125.0,275.0,7,214.62,215.29,181.47,46.35,Yes,England,NW,EPA,IPF,2017-06-17,England,,,Lancs & Cheshire Championships,Yes
Tim Schuster,M,SBD,Raw,26.5,24-34,24-39,Open,72.7,74,190.0,200.0,-205.0,,200.0,125.0,130.0,135.0,,135.0,235.0,250.0,-255.0,,250.0,585.0,5,428.29,426.19,412.35,86.68,Yes,,,BVDK,IPF,2023-04-14,Germany,BW,Grötzingen,DM Aktive Classic,Yes
Judith Höpfner,F,B,Raw,21.0,20-23,19-23,Juniors,64.6,72,,,,,,52.5,57.5,60.0,,60.0,,,,,,60.0,1,63.56,63.24,55.82,49.39,Yes,Germany,,BVDK,IPF,2017-03-18,Germany,MV,Wahrsow,LM MV Bankdruecken,Yes
Willie Bell,M,B,Raw,22.0,20-23,19-23,Open,110.0,110,,,,,,,,,,185.97,,,,,,185.97,5,110.14,109.44,104.6,81.52,,USA,,USPF,IPF,1983-11-05,USA,FL,Tampa,Tampa Bench Press Open,Yes
Adlet Anuarov,M,B,Single-ply,15.5,16-17,14-18,Teen,52.5,53,,,,,,105.0,-110.0,-115.0,,105.0,,,,,,105.0,2,99.66,102.01,100.41,60.74,Yes,Kazakhstan,,KPF,IPF,2015-07-09,Kazakhstan,,Ushtobe,Kazakhstan Bench Press Championships,Yes
Rob Laethem,M,SBD,Single-ply,40.0,40-44,40-49,Masters 1,102.98,105,200.0,210.0,,,210.0,-190.0,200.0,210.0,,210.0,220.0,240.0,255.0,,255.0,675.0,1,410.34,406.18,387.84,69.61,Yes,Belgium,,KBGV,IPF,2024-11-23,Belgium,,Louvain-La-Neuve,Benelux Open Powerlifting Tournament - Women & Men - Classic & Equipped,Yes
Maxime Deslande,M,SBD,Raw,24.5,24-34,24-39,Seniors,65.99,66,160.0,180.0,185.0,,185.0,120.0,-130.0,-130.0,,120.0,180.0,200.0,-220.0,,200.0,505.0,1,395.73,396.57,385.36,78.73,Yes,,,FFForce,IPF,2023-11-12,France,,Doullens,Challenge du Dog,Yes
Stacey Byatt,F,SBD,Raw,34.0,24-34,24-39,FR-O,81.1,84,85.0,92.5,100.0,,100.0,62.5,67.5,70.0,,70.0,120.0,130.0,-140.0,,130.0,300.0,5,280.77,272.45,238.75,57.46,Yes,,,EPA,IPF,2024-03-09,England,EM,Bedford,East Midlands Classic,Yes
Milan Gabrhel,M,SBD,Single-ply,28.5,24-34,24-39,Open,100.0,100,,,,,330.0,,,,,200.0,,,,,302.5,832.5,1,512.42,506.65,483.91,87.06,Yes,,,EPF,IPF,1987-09-26,Poland,,Gdansk,Baltic Cup,Yes
Maggie Amundson,F,SBD,Raw,17.5,18-19,14-18,FR-HS,57.65,63,92.5,102.5,-105.0,,102.5,47.5,50.0,-55.0,,50.0,110.0,-115.0,-115.0,,110.0,262.5,12,298.53,301.91,266.91,61.06,Yes,USA,WI,USAPL,IPF,2020-03-07,USA,WI,,WHSPA State Powerlifting Championships,Yes
Paula Nitz,F,SBD,Raw,19.5,20-23,19-23,Open,75.8,,132.5,142.5,145.0,,145.0,80.0,-85.0,-85.0,,80.0,140.0,150.0,160.0,,160.0,385.0,8,372.9,363.59,319.7,76.0,Yes,Austria,,OEVK,IPF,2023-07-08,Austria,,Dornbirn,Länderpokal KDK Classic,Yes
Anna Mironova,F,B,Raw,17.5,18-19,14-18,Open,69.9,76,,,,,,55.0,60.0,-62.5,,60.0,,,,,,60.0,3,60.72,59.75,52.67,47.58,Yes,Russia,,FPR,IPF,2021-04-22,Russia,KYA,Krasnoyarsk,Krasnoyarsk Krai Classic Bench Press Championships,Yes
Eliška Svítilová,F,SBD,Raw,22.5,20-23,19-23,Juniors,61.7,63,80.0,85.0,-90.0,,85.0,40.0,42.5,45.0,,45.0,90.0,95.0,-100.0,,95.0,225.0,6,245.11,245.51,216.84,49.9,Yes,,,CSST,IPF,2019-10-13,Czechia,,Sedlčany,Mistrovství České republiky juniorů v klasickém silovém trojboji,Yes
木村 義晃,M,B,Single-ply,62.0,60-64,60-69,Masters 3,87.5,90,,,,,,,,,,150.0,,,,,,150.0,2,98.4,97.18,93.26,51.51,Yes,,,JPA,IPF,2003-09-14,Japan,,Tomakomai,Japanese Open & Masters Bench Press Championships,Yes
Francesca Zappa,F,SBD,Raw,30.0,24-34,24-39,Senior,55.44,57,90.0,95.0,100.0,,100.0,57.5,-60.0,60.0,,60.0,117.5,125.0,130.0,,130.0,290.0,20,338.4,343.91,304.27,69.48,Yes,,,FIPL,IPF,2024-09-20,Italy,,S.Zenone al Lambro,7° Gara Nazionale Classic Senior Femminile,Yes
Bryan Traversier,M,SBD,Raw,21.5,20-23,19-23,Juniors,72.2,74,190.0,-200.0,-200.0,,190.0,110.0,-112.5,112.5,,112.5,225.0,230.0,235.0,,235.0,537.5,2,395.33,393.56,380.9,79.93,Yes,,,FFForce,IPF,2023-05-27,France,,Beaumont,Open des Géants d'Auvergne,Yes
Morgan MacKenzie,F,SBD,Raw,,,,Open,62.2,63,,,,,102.5,,,,,60.0,,,,,140.0,302.5,2,327.9,328.04,289.71,66.73,Yes,Canada,NS,CPU,IPF,2016-09-24,Canada,NL,St. John's,Eastern Canadian Championship,Yes
Dominique Enault,M,B,Raw,57.0,55-59,50-59,Masters 2,58.68,59,,,,,,80.0,-85.0,85.0,,85.0,,,,,,85.0,1,73.08,74.0,72.35,51.45,Yes,,,FFHMFAC,IPF,2015-06-05,France,,Bordeaux,Championnats de France de Développé Couché,Yes
Rachel Macey,F,SBD,Single-ply,,,,F-E-U18,67.5,67.5,,,,,75.0,,,,,42.5,,,,,95.0,212.5,1,219.38,216.88,191.32,36.95,Yes,,,BAWLA,IPF,2005-11-27,UK,,Dover,South East Championships,Yes
Flavio Ballerini,M,SBD,Raw,18.5,18-19,19-23,Junior,86.49,93,210.0,215.0,222.5,,222.5,-145.0,-152.5,152.5,,152.5,-210.0,210.0,222.5,,222.5,597.5,11,394.38,389.56,374.02,81.02,Yes,,,FIPL,IPF,2021-12-19,Italy,,S.Zenone al Lambro,1° Gara Nazionale trofeo classic next generation di powerlifting junior e sub junior,Yes
Sergey Yatskov,M,SBD,Single-ply,18.5,18-19,19-23,Juniors,58.9,59,,,,,125.0,,,,,85.0,,,,,160.0,370.0,1,317.12,320.99,313.78,53.94,Yes,,,FPR,IPF,2012-10-19,Russia,BRY,Suzemka,Bryansk Oblast Powerlifting Cup & Juniors Powerlifting Championships,Yes
Ivan Sukin,M,B,Single-ply,26.5,24-34,24-39,Open,91.85,93,,,,,,240.0,252.5,-265.0,,252.5,,,,,,252.5,4,161.63,159.57,152.8,84.13,Yes,Russia,,FPR,IPF,2017-11-22,Russia,NVS,Berdsk,Russian Bench Press Championships,Yes
Isabella Johannsen,F,SBD,Single-ply,14.5,13-15,14-18,F-JV,55.6,57,87.5,95.0,-97.5,,95.0,30.0,32.5,35.0,,35.0,85.0,90.0,-105.0,,90.0,220.0,14,256.22,260.31,230.29,42.84,Yes,,,USAPL,IPF,2015-03-27,USA,WI,Milwaukee,High School Nationals,Yes
Courtney Peterman,F,B,Raw,29.5,24-34,24-39,FR-O,62.9,63,,,,,,52.5,-57.5,57.5,,57.5,,,,,,57.5,1,61.9,61.83,54.6,48.02,Yes,USA,NC,USAPL,IPF,2018-11-03,USA,NC,,Fall Festival of Power,Yes
Derek Rudy,M,SBD,Raw,17.5,18-19,14-18,MR-O,66.0,67.5,,,,,177.5,,,,,92.5,,,,,195.0,465.0,3,364.34,365.12,354.79,72.49,Yes,,,USAPL,IPF,2013-03-23,USA,PA,,PA State Powerlifting Championship,Yes
Eero Niemelä,M,B,Single-ply,38.5,35-39,24-39,Open,82.95,83,,,,,,160.0,-162.5,-167.5,,160.0,,,,,,160.0,1,108.05,106.84,102.77,56.97,Yes,,,SVNL,IPF,2020-01-18,Finland,,Loppi,Varustepenkkipunnerrus,Yes
Bianka Koza,F,SBD,Raw,,,,Open,81.0,84,120.0,127.5,132.5,,132.5,70.0,75.0,-80.0,,75.0,140.0,150.0,160.0,,160.0,367.5,1,344.15,333.98,292.68,70.43,Yes,,,BVDK,IPF,2021-10-23,Germany,BY,Bayreuth,Bayerische Meisterschaft Kraftdreikampf Classic,Yes
Greg Lancaster,M,SBD,Single-ply,,24-34,24-39,Open,56.0,56,,,,,145.0,,,,,70.0,,,,,170.0,385.0,1,344.6,350.48,343.63,58.41,Yes,Australia,,PA,IPF,1994-09-11,Australia,NSW,Routherford,NSW State Open Championships,Yes
Kevin Yohnka,M,SBD,Single-ply,,,,Open,,125+,,,,,217.5,,,,,100.0,,,,,235.0,552.5,1,,,,,,,,USPF,IPF,1982-01-31,USA,IL,Evanston,Northwestern Class II,Yes
Marko Rämö,M,SBD,Single-ply,,,,Open,125.0,125,,,,,270.0,,,,,177.5,,,,,302.5,750.0,1,425.07,427.38,409.0,71.39,Yes,,,SVNL,IPF,1995-10-14,Finland,,Äänekoski,Nuorten 20 v. voimanoston SM -kisat,Yes
Tim van de Loo,M,SBD,Single-ply,,,,USAPL,110.0,110,,,,,272.16,,,,,165.56,,,,,292.57,730.28,2,432.52,429.76,410.75,73.12,Yes,,,USAPL,IPF,1998-03-21,USA,TX,Ft. Hood,Collegiate Nationals,Yes
三浦 陽菜乃,F,SBD,Raw,22.5,20-23,19-23,Juniors,51.75,52,95.0,100.0,-105.0,,100.0,-60.0,60.0,-65.0,,60.0,125.0,-135.0,135.0,,135.0,295.0,1,360.78,369.13,327.26,74.8,Yes,,,JPA,IPF,2024-02-29,Japan,,Nantan,The 28th Open and 29th Sub-Junior & Junior Japan Classic Powerlifting Championships,Yes
Jakub Ritter,M,SBD,Raw,19.5,20-23,19-23,Juniors,82.48,83,240.0,-255.0,-265.0,,240.0,125.0,132.5,140.0,,140.0,235.0,250.0,-255.0,,250.0,630.0,1,426.82,422.1,406.15,87.49,Yes,,,CSST,IPF,2024-03-17,Czechia,,Benešov,Mistrovství východních Čech juniorů v klasickém silovém trojboji,Yes
Yaroslav Babiak,M,SBD,Raw,16.0,16-17,14-18,Sub-Juniors,129.75,120+,,,,,235.0,,,,,160.0,,,,,230.0,625.0,1,350.17,353.62,337.84,70.27,Yes,Ukraine,,UkrainePF,IPF,2023-04-01,Ukraine,,Lviv,Ukrainian Classic Powerlifting Championships,Yes
Artem Anisimov,M,B,Single-ply,21.5,20-23,19-23,Open,89.95,90,,,,,,,,,,170.0,,,,,,170.0,9,109.95,108.56,104.04,57.37,Yes,Russia,,FPR,IPF,2003-05-03,Russia,MOW,Moscow,Moscow City Bench Press Championships,Yes
Eddy Angoston,M,SBD,Raw,46.0,45-49,40-49,Masters 1,103.23,105,210.0,-230.0,-230.0,,210.0,130.0,-140.0,-140.0,,130.0,230.0,240.0,,,240.0,580.0,4,352.23,348.7,332.96,72.18,Yes,,,FFForce,IPF,2018-03-23,France,,Castelnaudary,Championnats de France Force Athlétique Masters,Yes
Dmitriy Belozerov,M,SBD,Single-ply,19.5,20-23,19-23,Open,88.7,90,,,,,310.0,,,,,182.5,,,,,295.0,787.5,4,512.98,506.52,485.77,87.59,Yes,,,FPR,IPF,2007-10-03,Russia,VLA,Vladimir,Russian Students Powerlifting Championships,Yes
Vince Harrelson,M,B,Raw,,24-34,,Open,110.0,110,,,,,,,,,,188.24,,,,,,188.24,3,111.49,110.78,105.88,82.51,,,,USPF,IPF,1982-07-31,USA,GA,Augusta,Augusta Open/Class II/Teenage/Masters/Women & Open Bench Press,Yes
Aubrey Maddox,F,SBD,Single-ply,,20-23,,F-Jr,67.5,67.5,,,,,120.0,,,,,62.5,,,,,120.0,302.5,1,312.3,308.74,272.35,52.59,Yes,,,USAPL,IPF,2002-12-07,USA,IN,Columbia,Blacksmith Open Powerlifting & Bench Press Championships,Yes
Oleg Grudinin,M,B,Single-ply,23.5,24-34,24-39,Open,35.9,52,,,,,,,,,,57.5,,,,,,57.5,1,73.09,76.79,76.15,81.01,Yes,Russia,,FPR,IPF,2010-12-12,Russia,MOW,Moscow,Moscow City Bench Press Championships,Yes
Joseph Gene,M,SBD,Raw,,,,Sub-Juniors,72.87,74,155.0,165.0,175.0,,175.0,110.0,115.0,-120.0,,115.0,170.0,-190.0,200.0,,200.0,490.0,2,358.18,356.37,344.77,72.51,Yes,Canada,ON,CPU,IPF,2024-02-18,Canada,ON,Belleville,Central Canadian Championships,Yes
Nikolay Konoplyov,M,SBD,Single-ply,18.5,18-19,19-23,Open,90.4,93,,,,,300.0,,,,,202.5,,,,,270.0,772.5,5,498.39,492.05,471.49,85.04,Yes,,,FPR,IPF,2012-12-07,Russia,SA,Neryungri,Far Eastern Powerlifting Championships,Yes
Joshua Wong Jun Wei,M,SBD,Raw,17.5,18-19,14-18,Sub Junior,87.1,93,180.0,190.0,195.0,,195.0,120.0,125.0,130.0,,130.0,227.5,240.0,245.0,,245.0,570.0,1,374.83,370.2,355.32,77.02,Yes,,,PS,IPF,2022-08-19,Singapore,,,Singapore Powerlifting Open,Yes
Aleksey Pasynok,M,SBD,Single-ply,22.5,20-23,19-23,Open,81.9,83,,,,,275.0,,,,,165.0,,,,,260.0,700.0,3,476.15,471.0,453.35,81.47,Yes,,,FPR,IPF,2015-12-04,Russia,KHA,Khabarovsk,Far Eastern Powerlifting Championships,Yes
Lauren Shand,F,SBD,Raw,26.0,24-34,24-39,FR-O,73.7,76,77.5,85.0,-97.5,,85.0,40.0,47.5,50.0,,50.0,95.0,105.0,112.5,,112.5,247.5,9,243.31,237.91,209.41,49.53,Yes,Scotland,,ScottishPL,IPF,2023-11-25,Scotland,,Lochgelly,Winter Open,Yes
Newton Tran,M,SBD,Raw,20.5,20-23,19-23,Junior,81.3,83,195.0,210.0,-212.5,,210.0,115.0,-130.0,130.0,,130.0,205.0,220.0,-230.0,,220.0,560.0,1,382.53,378.5,364.43,78.34,Yes,,,APU,IPF,2021-01-17,Australia,WA,Perth,Legendary Lifting Open,Yes
Chris Scheuchl,M,SBD,Single-ply,,,,Open,82.5,82.5,,,,,237.5,,,,,145.0,,,,,275.0,657.5,2,445.39,440.46,423.81,76.2,,,,USPF,IPF,1982-12-11,USA,TX,Grand Prairie,Greater Texas Classic,Yes
J. Remigio,M,D,Single-ply,,,,M-O,82.5,82.5,,,,,,,,,,,,,,,233.6,233.6,3,158.24,156.49,150.57,,Yes,,,USAPL,IPF,2001-01-21,USA,NY,Tallman,Rockland BP and DL Championships,Yes
Klara W Holgersen,F,SBD,Raw,22.5,20-23,19-23,Open,72.8,76,117.5,122.5,130.0,,130.0,77.5,85.0,90.0,,90.0,137.5,150.0,162.5,,162.5,382.5,2,378.53,370.62,326.35,77.02,Yes,,,DSF,IPF,2024-11-15,Denmark,,Tårnby,TSK Cup Klassisk,Yes
Donata Ignatavičiėnė,F,B,Raw,,,40-49,Master I,62.7,63,,,,,,60.0,65.0,-67.5,,65.0,,,,,,65.0,1,70.11,70.06,61.87,54.39,Yes,,,LJTF,IPF,2023-05-13,Lithuania,,Mažeikiai,Classic Bench Press National Championship,Yes
Stuart Norrie,M,SBD,Raw,26.5,24-34,24-39,MR-O,78.7,83,,,,,200.0,,,,,137.5,,,,,260.0,597.5,1,416.04,412.2,397.46,84.98,Yes,,,SAPF,IPF,2021-06-12,South Africa,WC,Gordon's Bay,G-team Raw Club Competition,Yes
Aleksandr Sidorychev,M,SBD,Raw,19.5,20-23,19-23,Juniors,139.0,120+,,,,,295.0,,,,,207.5,,,,,255.0,757.5,2,415.96,423.75,402.99,82.81,Yes,,,FPR,IPF,2020-03-15,Russia,ARK,Arkhangelsk,Russian Juniors & Sub-Juniors Classic Powerlifting Championships,Yes
Tuomas Tavi,M,SBD,Raw,15.5,16-17,14-18,Open,73.05,74,150.0,160.0,-170.0,,160.0,95.0,-105.0,,,95.0,180.0,190.0,-200.0,,190.0,445.0,1,324.76,323.07,312.51,65.77,Yes,,,SVNL,IPF,2018-09-22,Finland,,Joensuu,Kansalliset klassinen voimanosto,Yes
Dana Mauriello,F,SBD,Raw,23.5,24-34,24-39,FR-O,75.0,75,,,,,112.5,,,,,67.5,,,,,130.0,310.0,1,301.93,294.7,259.23,61.51,Yes,,,USAPL,IPF,2006-12-09,USA,PA,Aston,NE Regional,Yes
Holly Wilson #2,F,SBD,Raw,18.0,18-19,19-23,FR-O,50.95,52,95.0,105.0,110.0,,110.0,50.0,57.5,-62.5,,57.5,135.0,150.0,-157.5,,150.0,317.5,1,392.56,402.07,356.7,81.61,Yes,USA,NE,AMP,IPF,2024-12-14,USA,AZ,Glendale,Arizona University Cup Challenge,Yes
Adrian Blaj,M,SBD,Single-ply,27.5,24-34,24-39,Open,83.5,93,-212.5,212.5,-230.0,,212.5,110.0,115.0,,,115.0,-212.5,212.5,-235.0,,212.5,540.0,7,363.32,359.18,345.41,62.14,Yes,,,FRPL,IPF,2019-04-06,Romania,,Timisoara,Campionatul National de Powerlifting,Yes
Faisal Fahad Bunuhayah,M,SBD,Raw,21.0,20-23,19-23,Juniors,112.3,120,-190.0,202.5,-215.0,,202.5,115.0,122.5,127.5,,127.5,205.0,217.5,225.0,,225.0,555.0,2,326.2,324.61,310.46,66.44,Yes,Saudi Arabia,,SSSC,IPF,2024-07-06,Saudi Arabia,,Riyadh,The Kingdom Classic Powerlifting Championships,Yes
Dennis Hay,M,SBD,Single-ply,,,,Open,82.5,82.5,160.0,180.0,212.5,,212.5,135.0,145.0,150.0,,150.0,170.0,190.0,220.0,,220.0,582.5,1,394.58,390.22,375.47,67.5,Yes,Australia,,PA,IPF,2002-04-20,Australia,TAS,,Tasmanian North West Qualifier,Yes
Gianni Binet,M,SBD,Raw,21.5,20-23,19-23,Juniors,85.73,93,182.5,190.0,195.0,,195.0,107.5,115.0,-120.0,,115.0,205.0,215.0,-225.0,,215.0,525.0,G,348.17,343.97,330.38,71.5,Yes,,,FFForce,IPF,2024-04-07,France,,Le Trait,Challenge du Trait,Yes
Elija Truong,M,SBD,Raw,28.0,24-34,24-39,Open,87.7,93,132.5,145.0,160.0,,160.0,102.5,110.0,115.0,,115.0,172.5,185.0,192.5,,192.5,467.5,12,306.32,302.51,290.26,62.95,Yes,Australia,,APLA,IPF,2025-06-07,Australia,VIC,,TSF Team Champs,Yes
Elena Verbitskaya,F,SBD,Single-ply,17.5,18-19,14-18,Sub-Juniors,61.7,67.5,80.0,85.0,90.0,,90.0,40.0,45.0,-50.0,,45.0,85.0,90.0,100.0,,100.0,235.0,2,256.0,256.42,226.48,42.94,Yes,,,UkrainePF,IPF,1994-12-23,Ukraine,,Mariupol,Ukrainian Sub-Juniors Powerlifting Championships,Yes
M. Newton,M,SBD,Single-ply,,,,M-O,90.0,90,,,,,192.5,,,,,137.5,,,,,225.0,555.0,15,358.86,354.31,339.57,61.24,Yes,,,USAPL,IPF,2002-04-12,USA,TX,Killeen,Collegiate National Powerlifting Championships,Yes
Ademola Adeniran,M,SBD,Raw,25.5,24-34,24-39,MR-O,71.3,74,192.5,205.0,-217.5,,205.0,120.0,-130.0,-137.5,,120.0,230.0,-242.5,-242.5,,230.0,555.0,3,411.66,410.17,397.18,83.07,Yes,USA,AZ,USAPL,IPF,2018-04-14,USA,AZ,,Arizona State Championship,Yes
R. Clary,M,B,Raw,,,,Open,90.0,90,,,,,,,,,,160.0,,,,,,160.0,3,103.46,102.14,97.89,77.15,,,,USPF,IPF,1985-03-30,USA,TX,San Marcos,San Marcos Bench Press and DL,Yes
Joel Friberg,M,SBD,Raw,,,,Open,112.3,120,,,,,212.5,,,,,120.0,,,,,230.0,562.5,2,330.6,329.0,314.65,67.34,Yes,,,SSF,IPF,2015-11-14,Sweden,,,DM i styrkelyft - klassisk Västra Svealands SDF,Yes
四ッ谷鉾貢男,M,D,Single-ply,39.0,35-39,,Open,78.75,80,,,,,,,,,,,-190.0,190.0,-195.0,,190.0,190.0,4,132.25,131.02,126.33,,Yes,,,JPA,IPF,2002-06-16,Japan,,Okazaki,Japanese Push Pull Championships,Yes
Thomas Roels,M,SBD,Raw,23.0,20-23,19-23,Open,65.2,66,167.5,175.0,180.0,,180.0,135.0,140.0,-143.5,,140.0,175.0,185.0,190.0,,190.0,510.0,2,403.25,404.51,393.3,80.02,Yes,Belgium,,VGPF,IPF,2023-08-20,Belgium,,Leuven,Vlaams Kampioenschap - Powerlifting & Bench Press - Classic & Equipped,Yes
Greg Cristich,M,SBD,Single-ply,,,,Open,90.0,90,,,,,222.26,,,,,142.88,,,,,208.65,573.8,6,371.02,366.31,351.07,63.32,,,,USPF,IPF,1984-11-11,USA,IL,Carbondale,SIU-C Open,Yes
Verena Stein,F,SBD,Single-ply,,,,Open,63.5,67.5,-75.0,75.0,85.0,,85.0,37.5,45.0,-47.5,,45.0,100.0,115.0,-125.0,,115.0,245.0,1,262.24,261.55,230.93,44.03,Yes,,,BVDK,IPF,2010-09-11,Germany,HE,Wiesbaden,Hessische Landesmeisterschaft im Kraftdreikampf,Yes
Sònia Ochando Moreno,F,SBD,Raw,22.5,20-23,19-23,Open,56.3,57,70.0,80.0,-87.5,,80.0,42.5,47.5,52.5,,52.5,85.0,100.0,-112.5,,100.0,232.5,6,268.55,272.42,240.94,55.05,Yes,,,AEP,IPF,2024-02-17,Spain,,Barcelona,I Campeonato Cold Moon Sant Adrià de Besòs,Yes
Zinfira Islamova,F,SBD,Single-ply,25.5,24-34,24-39,Open,55.35,56,,,,,165.0,,,,,,,,,,,,DQ,,,,,Yes,Russia,,FPR,IPF,2008-08-20,Russia,NVS,Berdsk,Russian Powerlifting Cup,Yes
Kimberly Walford,F,SBD,Raw,32.0,24-34,24-39,FR-O,63.4,67.5,,,,,125.0,,,,,85.0,,,,,192.5,402.5,1,431.23,430.21,379.85,87.7,Yes,USA,NJ,USAPL,IPF,2011-05-14,USA,MA,Westwood,New England Open,Yes
Stanislava Orlik,F,SBD,Single-ply,14.5,13-15,14-18,Sub-Juniors,57.0,57,,,,,55.0,,,,,27.5,,,,,75.0,157.5,6,180.45,182.76,161.61,30.19,Yes,,,FPR,IPF,2015-11-27,Russia,KLU,Kaluga,Kaluga Oblast Powerlifting Championships,Yes
Evgeniya Chizhevskaya,F,B,Single-ply,42.5,40-44,40-49,Open,61.05,63,,,,,,85.0,90.0,95.0,,95.0,,,,,,95.0,4,104.17,104.5,92.32,58.5,Yes,Russia,,FPR,IPF,2018-11-13,Russia,VLA,Suzdal,Russian Bench Press Championships,Yes
Espen Johansen,M,SBD,Single-ply,17.5,18-19,14-18,Teen 14-18,81.6,82.5,,,,,180.0,,,,,122.5,,,,,200.0,502.5,1,342.53,338.87,326.22,58.61,Yes,,,NSF,IPF,2002-06-01,Norway,,Oslo,Kretsmesterskap,Yes
Liudmila Samoilova,F,B,Raw,56.0,55-59,50-59,Masters 2,71.45,76,,,,,,75.0,80.0,-82.5,,80.0,,,,,,80.0,4,79.98,78.48,69.15,62.86,Yes,Latvia,,IPF,IPF,2025-05-18,Norway,,Drammen,World Classic & Equipped Bench Press Championships,Yes
Kohei Wada,M,B,Raw,54.5,50-54,50-59,Masters 2,119.1,120,,,,,,205.0,215.0,223.5,,223.5,,,,,,223.5,1,128.68,128.72,123.34,94.6,Yes,Japan,,JPA,IPF,2019-11-30,Japan,,Akashi,Japanese Masters Juniors & Sub-Juniors Classic Bench Press Championships,Yes
Noah Corbett,M,SBD,Raw,21.0,20-23,19-23,MR-Jr,82.2,83,195.0,200.0,205.0,,205.0,-165.0,165.0,-167.5,,165.0,175.0,185.0,200.0,,200.0,570.0,1,386.91,382.68,368.28,79.29,Yes,USA,NJ,AMP,IPF,2025-03-15,USA,NJ,Whippany,1st Annual Garden State NJ Open Championships,Yes
Harri Vahtolammi,M,B,Raw,50.0,50-54,50-59,Over 50,78.7,83,,,,,,152.5,158.5,161.0,,161.0,,,,,,161.0,1,112.11,111.07,107.1,83.12,Yes,Finland,,SVNL,IPF,2013-08-17,Finland,,Pietarsaari,Klassisen penkkipunnerruksen SM-kisat,Yes
Sylva Horynová,F,B,Single-ply,18.5,18-19,19-23,Juniors,46.6,48,,,,,,32.5,-35.0,-35.0,,32.5,,,,,,32.5,1,42.86,43.98,39.23,24.81,Yes,,,CSST,IPF,2006-03-11,Czechia,,Krnov,Mistrovství Moravy v Benčpresu Mužů a Žen,Yes
James Blanton,M,D,Raw,,,,Novice,82.5,82.5,,,,,,,,,,,,,,,227.5,227.5,1,154.11,152.4,146.64,,,,,USPF,IPF,1985-01-26,USA,OK,Norman,MSSA Bench & Deadlift Meet,Yes
Mika Bremer,M,SBD,Raw,18.5,18-19,19-23,Open,72.8,74,-177.5,177.5,-187.5,,177.5,120.0,125.0,-130.0,,125.0,205.0,-215.0,-225.0,,205.0,507.5,7,371.21,369.36,357.34,75.14,Yes,Netherlands,,KNKF-SP,IPF,2023-01-28,Netherlands,,Nijmegen,Atlas NK Qualifier,Yes
Dean Parr,M,B,Raw,,,,M-C-Open,75.2,83,,,,,,70.0,75.0,77.5,,77.5,,,,,,77.5,3,55.51,55.12,53.25,40.98,Yes,England,NW,EPA,IPF,2013-09-03,England,,Colne,NW Bench Press Championships,Yes
Vicente Canovas Navarro,M,SBD,Raw,24.5,24-34,24-39,Open,111.9,120,260.0,275.0,290.0,,290.0,165.0,175.0,182.5,,182.5,260.0,275.0,282.5,,282.5,755.0,2,444.32,442.05,422.72,90.53,Yes,,,AEP,IPF,2023-10-20,Spain,,Almensilla,Copa España Powerlifting y Press Banca Raw,Yes
Patricia Bundrick,F,SBD,Single-ply,,,,Open,81.99,82.5,145.0,-152.5,155.0,,155.0,80.0,-85.0,85.0,,85.0,150.0,-160.0,-160.0,,150.0,390.0,5,363.06,352.13,308.36,61.93,,,,USPF,IPF,1983-01-29,USA,IL,Chicago,Women's Nationals,Yes
Samuel Lappalainen,M,SBD,Single-ply,23.5,24-34,24-39,Open,81.85,82.5,-280.0,-290.0,-290.0,,,160.0,167.5,172.5,,172.5,260.0,275.0,-280.0,,275.0,447.5,2,304.5,301.22,289.93,52.1,Yes,Finland,,SVNL,IPF,2010-11-20,Finland,,Joensuu,Voimanoston joukkue SM-finaali,Yes
Denis Morozkin,M,SBD,Single-ply,24.5,24-34,24-39,Open,148.4,125+,,,,,350.0,,,,,210.0,,,,,300.0,860.0,3,463.81,476.55,450.95,77.48,Yes,,,FPR,IPF,2003-08-01,Russia,MOW,Moscow,Moscow City Powerlifting Cup,Yes
Yuliya Vavilova,F,B,Raw,29.5,24-34,24-39,Open,55.05,56,,,,,,72.5,77.5,-82.5,,77.5,,,,,,77.5,1,90.86,92.42,81.78,70.74,Yes,Russia,,FPR,IPF,2009-10-24,Russia,LEN,St. Petersburg,St. Petersburg Raw Bench Press Tournament,Yes
Maksim Latkovskiy,M,SBD,Single-ply,20.5,20-23,19-23,Juniors,109.05,110,,,,,,,,,,,,,,,,,DQ,,,,,Yes,,,UkrainePF,IPF,2009-04-07,Ukraine,,Kolomyia,Ukrainian Junior Powerlifting Championships,Yes
Jake Hardy,M,SBD,Single-ply,17.0,16-17,14-18,M-V,101.3,110,260.0,275.0,-285.0,,275.0,132.5,140.0,-145.0,,140.0,247.5,260.0,265.0,,265.0,680.0,3,416.24,411.75,393.2,70.67,Yes,,,USAPL,IPF,2012-03-23,USA,WI,Wisconsin Dells,High School Nationals,Yes
Joe Bellanca,M,BD,Single-ply,,24-34,,M-O,100.0,100,,,,,,,,,,156.49,,,,,258.55,415.04,1,255.46,252.59,241.25,,Yes,,,USAPL,IPF,2005-01-08,USA,NY,Brewster,State BP & DL Championships,Yes
Tom Cordero,M,SBD,Single-ply,,,,Open,100.0,100,,,,,180.0,,,,,135.0,,,,,250.0,565.0,8,347.77,343.85,328.42,59.08,,,,USPF,IPF,1984-03-24,USA,CA,Clovis,California Novice Championships,Yes
Cameron Preymack,M,SBD,Raw,24.0,24-34,24-39,Open,72.84,74,230.0,247.5,,,247.5,150.0,-160.0,-160.0,,150.0,-252.5,252.5,-272.5,,252.5,650.0,1,475.27,472.88,457.49,96.21,Yes,Canada,SK,CPU,IPF,2019-09-06,Canada,SK,Saskatoon,Western Canadians,Yes
Petr Spacek,M,SBD,Single-ply,25.5,24-34,24-39,Open,85.2,90,,,,,165.0,,,,,120.0,,,,,215.0,500.0,4,332.7,328.73,315.84,56.87,Yes,,,CSST,IPF,1999-11-20,Czechia,,Vranovice,Liga ČR II,Yes
Teemu Saarinen,M,B,Raw,43.5,40-44,40-49,Over 40,103.19,105,,,,,,170.0,175.0,-180.0,,175.0,,,,,,175.0,3,106.29,105.23,100.48,79.0,Yes,,,SVNL,IPF,2017-12-01,Finland,,Tammisaari,Klassisen penkkipunnerruksen SM-kisat,Yes
Evelyn Eisensehr,F,B,Raw,44.5,40-44,40-49,Masters 1,78.62,84,,,,,,90.0,95.0,102.5,,102.5,,,,,,102.5,1,97.43,94.72,83.14,77.88,Yes,Hungary,,IPF,IPF,2018-05-14,Finland,,Vantaa,World Classic Bench Press Championships,Yes
Frank Thompson,M,SBD,Single-ply,18.0,18-19,19-23,M-V,150.3,125+,260.0,282.5,-305.0,,282.5,127.5,142.5,152.5,,152.5,252.5,272.5,285.0,,285.0,720.0,1,386.98,398.26,376.5,64.64,Yes,,,USAPL,IPF,2013-04-05,USA,CO,Denver,High School Nationals,Yes
Jessica Trammel,F,SBD,Single-ply,21.5,20-23,19-23,F-C,70.85,72,160.0,-165.0,-167.5,,160.0,92.5,-97.5,-97.5,,92.5,172.5,185.0,-192.5,,185.0,437.5,7,439.46,431.66,380.4,74.21,Yes,USA,LA,USAPL,IPF,2019-04-12,USA,OH,Columbus,Collegiate Nationals,Yes
Scott Riedl,M,SBD,Single-ply,,20-23,19-23,M-C,81.8,82.5,195.0,215.0,230.0,,230.0,117.5,125.0,137.5,,137.5,210.0,230.0,245.0,,245.0,612.5,8,416.92,412.43,396.99,71.34,Yes,,,USAPL,IPF,2004-04-23,USA,NE,Omaha,Collegiate National Powerlifting Championships,Yes
Ashley Lukey,M,B,Single-ply,,,,Sub-Juniors,67.5,67.5,,,,,,,,,,,,,,,,,DQ,,,,,,,,AusPF,IPF,1993-02-28,Australia,SA,,Colossus Bench Press Challenge 1st Qualifier,Yes
Brendan Darby,M,B,Single-ply,,,,Open,86.75,90,,,,,,192.5,197.5,-200.0,,197.5,,,,,,197.5,1,130.15,128.55,123.41,68.2,Yes,Australia,,PA,IPF,2005-02-19,Australia,QLD,,QLD Juniors and Masters Powerlifting & Bench Press Championships,Yes
Daniel Villacampa Estallo,M,SBD,Raw,21.5,20-23,19-23,JUN,103.69,105,255.0,265.0,270.0,,270.0,160.0,165.0,167.5,,167.5,290.0,307.5,-312.5,,307.5,745.0,1,451.61,447.18,426.99,92.52,Yes,Spain,,AEP,IPF,2019-10-05,Spain,,Bollullos Par del Condado,Campeonato de España Júnior y Subjúnior de Powerlifting,Yes
Martin Widjeskog,M,SBD,Raw,26.5,24-34,24-39,Open,80.05,83,-180.0,190.0,200.0,,200.0,-135.0,140.0,-145.0,,140.0,210.0,220.0,-230.0,,220.0,560.0,1,386.0,382.16,368.21,78.96,Yes,,,SVNL,IPF,2014-11-01,Finland,,Pietarsaari,Klassisen voimanoston kaupunginmestaruus,Yes
Erich Naegele,M,SBD,Single-ply,,,,Open,82.5,82.5,,,,,213.19,,,,,113.4,,,,,208.65,535.24,4,362.57,358.56,345.01,62.03,,,,USPF,IPF,1982-03-13,USA,NY,Gloversville,William Chase Memorial,Yes
Ivan Nikolaev,M,SBD,Single-ply,27.5,24-34,24-39,Open,77.0,83,,,,,215.0,,,,,147.5,,,,,-210.0,,DQ,,,,,Yes,Russia,,FPR,IPF,2013-05-02,Russia,,Bologne,Russian Railways Championships,Yes
Rob Esselens,M,SBD,Raw,24.0,24-34,24-39,Open,93.0,93,250.0,260.0,-265.0,,260.0,150.0,,,,150.0,255.0,275.0,,,275.0,685.0,1,435.83,430.31,411.85,89.61,Yes,Belgium,,VGPF,IPF,2019-02-02,Belgium,,Lebbeke,Interclub 1,Yes
Aleš Janeček,M,B,Single-ply,26.5,24-34,24-39,Open,100.9,110,,,,,,-150.0,-150.0,-150.0,,,,,,,,,DQ,,,,,Yes,,,CSST,IPF,2004-05-22,Czechia,,Vranovice,Mistrovství Moravy v Benčpresu,Yes
Sue Burns,F,B,Raw,50.5,50-54,50-59,FR-M2,60.55,63,,,,,,50.0,-55.0,-55.0,,50.0,,,,,,50.0,1,55.11,55.35,48.9,42.71,Yes,USA,MN,USAPL,IPF,2021-08-21,USA,MN,,Masters Brawl,Yes
D. Neighbors,M,SBD,Single-ply,,,,Senior,,110+,,,,,317.52,,,,,170.1,,,,,274.42,762.04,1,,,,,,,,USPF,IPF,1980-08-20,USA,NY,Nassau,International Police Olympics,Yes
Dariusz Wszoła,M,SBD,Single-ply,20.5,20-23,19-23,Juniors,51.5,52,,,,,207.5,,,,,117.5,,,,,185.0,510.0,1,492.99,505.56,498.16,82.96,Yes,Poland,,EPF,IPF,1999-06-09,Poland,,Tomashov-Lubelski,European Juniors Powerlifting Championships,Yes
Marte Elverum,F,SBD,Single-ply,34.0,24-34,24-39,Open,75.97,76,242.5,-250.0,250.0,,250.0,140.0,147.5,152.5,,152.5,230.0,247.5,-252.5,,247.5,650.0,1,628.83,613.02,538.96,106.67,Yes,Norway,,EPF,IPF,2024-05-07,Luxembourg,,Hamm,European Open Junior and Sub-Junior Equipped Powerlifting Championships,Yes
D. Volkerding,M,SBD,Single-ply,21.0,20-23,19-23,Natural Juniors,67.5,67.5,,,,,102.5,,,,,112.5,,,,,172.5,387.5,1,298.66,298.77,290.01,51.09,,,,USPF,IPF,1996-03-24,USA,CA,Fountain Valley,CA State Juniors/Submasters/Masters,Yes
Artem Kruhlik,M,SBD,Single-ply,17.5,18-19,14-18,Sub-Juniors,81.37,83,260.0,270.0,-277.5,,270.0,155.0,165.0,170.0,,170.0,225.0,232.5,237.5,,237.5,677.5,2,462.57,457.67,440.64,79.16,Yes,Ukraine,,EPF,IPF,2017-05-08,Spain,,Malaga,European Equipped Powerlifting Championships,Yes
Johann Goldstein,M,D,Single-ply,,,50-59,Masters 2,81.1,83,,,,,,,,,,,215.0,230.0,,,230.0,230.0,2,157.34,155.69,149.92,,Yes,Germany,,BVDK,IPF,2016-06-25,Germany,BY,Landshut,Bavaria Cup,Yes
Patrik Westberg,M,SBD,Single-ply,,,,Open,97.0,100,,,,,170.0,,,,,200.0,,,,,240.0,610.0,3,380.56,375.96,359.33,64.75,Yes,,,SSF,IPF,2010-04-24,Sweden,,,Norrlandsmästerskapet Styrkelyft,Yes
Aleksandr Koval,M,SBD,Single-ply,15.5,16-17,14-18,Sub-Juniors,52.0,52,,,,,175.0,,,,,95.0,,,,,165.0,435.0,2,416.64,426.86,420.37,70.18,Yes,Russia,,FPR,IPF,2004-07-01,Russia,LEN,Zelenogorsk,Russian Sub-Juniors Powerlifting Championships,Yes
Ragnar Watlå,M,SBD,Wraps,,,,Open,62.1,67.5,,,,,117.5,,,,,100.0,,,,,130.0,347.5,3,285.28,287.37,280.1,55.95,Yes,,,NSF,IPF,1974-11-09,Norway,,Kristiansand,RM,Yes
Tom Kendal,M,SBD,Raw,,16-17,14-18,M-C-Open,101.4,105,140.0,145.0,150.0,,150.0,100.0,105.0,-110.0,,105.0,180.0,190.0,-200.0,,190.0,445.0,4,272.28,269.35,257.21,55.85,Yes,England,NW,EPA,IPF,2011-12-04,England,,Colne,North West Powerlifting Championships,Yes
Nick Chludzinski,M,B,Raw,15.5,16-17,14-18,MR-T1,73.7,75,,,,,,,,,,100.0,,,,,,100.0,1,72.56,72.14,69.76,53.45,Yes,,,USAPL,IPF,2014-11-22,USA,PA,,Stars and Stripes SQ BP and DL Championships,Yes
MJ Feniak,F,B,Single-ply,,,,Open,56.8,60,,,,,,,,,,60.0,,,,,,60.0,1,68.9,69.82,61.74,38.84,Yes,Canada,BC,CPU,IPF,1997-03-01,Canada,MB,Winnipeg,BP Nationals,Yes
Ionut Rusu,M,SBD,Single-ply,21.5,20-23,19-23,Junior I,67.3,74,,,,,145.0,,,,,95.0,,,,,125.0,365.0,2,281.93,282.09,273.86,48.22,Yes,,,FRPL,IPF,2018-03-31,Romania,,Alba Iulia,Campionatul National de Powerlifting,Yes
Bob Rowe,M,B,Raw,,,,Open,100.0,100,,,,,,,,,,147.42,,,,,,147.42,6,90.74,89.72,85.69,67.54,,,,USPF,IPF,1985-11-09,USA,FL,Key West,Key West Open BP and DL,Yes
Deborah Wilson #2,F,SBD,Raw,68.0,65-69,60-69,FR-M3b,80.8,84,52.5,57.5,60.0,,60.0,30.0,35.0,37.5,,37.5,77.5,82.5,-87.5,,82.5,180.0,1,168.77,163.8,143.57,34.53,Yes,USA,LA,USAPL,IPF,2019-06-22,USA,LA,,Calcasieu Cup,Yes
Jessica Garcia #1,F,SBD,Raw,24.0,24-34,24-39,FR-O,104.7,84+,65.0,70.0,75.0,,75.0,55.0,60.0,70.0,,70.0,75.0,80.0,85.0,,85.0,230.0,8,192.9,189.13,161.5,40.54,Yes,USA,IL,AMP,IPF,2025-03-15,USA,IL,Aurora,MPG Madness,Yes
稲見 大地,M,B,Raw,40.0,40-44,40-49,Masters 1,81.68,83,,,,,,122.5,-127.5,-127.5,,122.5,,,,,,122.5,8,83.45,82.56,79.48,62.04,Yes,,,JPA,IPF,2012-02-26,Japan,,Matsubara,Japanese Classic Bench Press & Firefighter/Police/SDF Bench Press Championships,Yes
Kirill Aseev,M,SBD,Single-ply,19.5,20-23,19-23,Juniors,92.35,93,,,,,,,,,,,,,,,,,DQ,,,,,Yes,,,FPR,IPF,2012-10-19,Russia,BRY,Suzemka,Bryansk Oblast Powerlifting Cup & Juniors Powerlifting Championships,Yes
Mark Maxin,M,SBD,Single-ply,,,,Open,67.5,67.5,,,,,163.29,,,,,102.06,,,,,199.58,464.93,4,358.34,358.47,347.96,61.3,,,,USPF,IPF,1985-02-10,USA,PA,Butler,Keystone Classic Open,Yes
Davendra Sookdeo,M,SBD,Raw,37.0,35-39,24-39,M-O-U,71.77,74,160.0,170.0,-175.0,,170.0,107.5,115.0,-117.5,,115.0,205.0,-215.0,-215.0,,205.0,490.0,3,361.84,360.37,348.86,73.09,Yes,,,GAPLF,IPF,2021-10-24,Guyana,,,Raw Nationals,Yes
Michel Marneur,M,B,Single-ply,50.0,50-54,50-59,Masters 2,92.9,93,,,,,,230.0,240.0,-250.0,,240.0,,,,,,240.0,1,152.78,150.84,144.38,79.43,Yes,France,,FFForce,IPF,2019-01-19,France,,Dreux,Challenge d'Hiver DC BP Centre,Yes
Ozan Ramadan Karaca,M,SBD,Raw,22.0,20-23,19-23,MR-Jr,73.95,74,185.0,195.0,202.5,,202.5,127.5,135.0,140.0,,140.0,170.0,200.0,-202.5,,200.0,542.5,2,392.75,390.41,377.46,79.67,Yes,England,GL,EPA,IPF,2023-01-14,England,,Southampton,White Lights Media Championships,Yes
Eiman De Ocampo,M,SBD,Raw,22.0,20-23,19-23,Juniors,58.9,59,162.5,170.0,176.5,,176.5,95.0,100.0,102.5,,102.5,211.5,220.5,226.5,,226.5,505.5,1,433.26,438.54,428.69,83.72,Yes,New Zealand,,NZPF,IPF,2023-09-06,New Zealand,CAN,Christchurch,New Zealand Nationals,Yes
Marlene Sabathy,F,SBD,Single-ply,22.0,20-23,19-23,Open,56.25,57,155.0,-160.0,165.0,,165.0,87.5,92.5,95.0,,95.0,137.5,145.0,150.0,,150.0,410.0,14,473.84,480.73,425.18,79.25,Yes,Austria,,IPF,IPF,2019-11-18,UAE,,Dubai,World Powerlifting Championships,Yes
William Driggett,M,SBD,Raw,16.5,16-17,14-18,MR-O,111.3,125,182.5,-187.5,-187.5,,182.5,102.5,-107.5,-107.5,,102.5,192.5,202.5,-210.0,,202.5,487.5,10,287.47,285.88,273.33,58.6,Yes,USA,WI,USAPL,IPF,2018-03-11,USA,WI,,WHSPA State Championship,Yes
Natalie Lyness,F,SBD,Raw,,,,F-O,88.4,84+,,,,,115.0,,,,,70.0,,,,,145.0,330.0,3,296.56,287.33,250.16,61.15,Yes,,,IrishPF,IPF,2018-03-10,Ireland,,,March Open,Yes
Jean-Luc Collart,M,SBD,Single-ply,61.5,60-64,60-69,Open,106.11,120,215.0,-225.0,-230.0,,215.0,155.0,160.0,165.0,,165.0,205.0,-220.0,-220.0,,205.0,585.0,3,351.33,348.3,332.63,59.51,Yes,Belgium,,EPF,IPF,2021-09-03,Luxembourg,,Hamm,Western European Powerlifting Championships,Yes
Viktor Marynenko,M,SBD,Raw,24.0,24-34,24-39,Open,113.75,120,,,,,295.0,,,,,202.5,,,,,315.0,812.5,1,475.33,473.51,453.07,96.71,Yes,Ukraine,,UkrainePF,IPF,2012-05-15,Ukraine,,Kerch,Ukrainian Classic Powerlifting Cup,Yes
Vladislav Safin,M,B,Raw,16.5,16-17,14-18,Sub-Juniors,69.9,74,,,,,,,,,,80.0,,,,,,80.0,7,60.15,60.02,58.17,43.98,Yes,,,FPR,IPF,2015-04-11,Russia,CHE,Chelyabinsk,Chelyabinsk Juniors & Sub-Juniors Classic Bench Press Championships,Yes
Aleksey Zhavoronkov,M,SBD,Raw,20.5,20-23,19-23,Juniors,86.9,93,,,,,220.0,,,,,150.0,,,,,220.0,590.0,6,388.46,383.67,368.29,79.81,Yes,Russia,,FPR,IPF,2014-03-26,Russia,TUL,Tula,Russian Classic Powerlifting Championships,Yes
Jessica Fargnoli,F,SBD,Raw,13.0,13-15,,FR-Y,67.22,72,87.5,95.0,100.0,,100.0,50.0,55.0,57.5,,57.5,120.0,127.5,132.5,,132.5,290.0,1,300.11,296.87,261.9,60.98,Yes,USA,CT,USAPL,IPF,2018-12-01,USA,CT,,New England Open Championship,Yes
Kasper Sørensen,M,SBD,Raw,27.5,24-34,24-39,Open,82.16,83,200.0,210.0,215.0,,215.0,147.5,155.0,-160.0,,155.0,242.5,252.5,-260.0,,252.5,622.5,5,422.67,418.05,402.32,86.62,Yes,,,DSF,IPF,2022-06-25,Denmark,,Aalborg SK,DM Klassisk Open,Yes
Bill Baron,M,SBD,Single-ply,,24-34,24-39,Open,110.0,110,,,,,208.65,,,,,131.54,,,,,238.14,578.33,4,342.53,340.34,325.28,57.91,,USA,,USPF,IPF,1980-04-05,USA,OH,Canton,North Canton Easter Holiday Novice Meet,Yes
Kelli Fagan,F,SBD,Raw,34.0,24-34,24-39,Open,61.3,63,142.5,155.0,166.0,,166.0,67.5,72.5,75.0,,75.0,165.0,-177.5,185.5,,185.5,426.5,1,466.49,467.7,413.13,95.01,Yes,,,PA,IPF,2015-05-03,Australia,NSW,Sydney,Top Lifter II,Yes
James Fabian,M,SBD,Raw,,,50-59,Masters 2,81.97,83,145.0,155.0,165.0,,165.0,105.0,-115.0,-115.0,,105.0,155.0,170.0,180.0,,180.0,450.0,1,305.95,302.63,291.28,62.69,Yes,Canada,BC,CPU,IPF,2025-02-08,Canada,BC,Langley,Winter Open,Yes
Mike Rachmiel,M,SBD,Single-ply,,,,Open,90.0,90,,,,,272.5,,,,,172.5,,,,,265.0,710.0,3,459.09,453.26,434.4,78.35,,,,USPF,IPF,1981-03-19,USA,PA,Kutztown,Collegiate Nationals,Yes
Mirko Božić,M,SBD,Raw,28.0,24-34,24-39,Open,103.79,105,250.0,262.5,270.0,,270.0,185.0,195.0,-200.0,,195.0,-310.0,-320.0,-320.0,,,,DQ,,,,,Yes,Serbia,,EPF,IPF,2024-03-12,Croatia,,Velika Gorica,European Open Classic Powerlifting Championships,Yes
K. Mendell,M,SBD,Single-ply,18.5,18-19,,Teen 18-19,74.2,75,195.0,210.0,-212.5,,210.0,145.0,155.0,-157.5,,155.0,195.0,210.0,220.0,,220.0,585.0,8,422.6,419.99,406.0,72.37,,,,USPF,IPF,1981-08-01,USA,AR,Little Rock,Teenage Nationals,Yes
John McComish,M,B,Single-ply,42.5,40-44,40-49,Masters 1,102.7,105,,,,,,180.0,190.0,-225.0,,190.0,,,,,,190.0,2,115.63,114.45,109.28,59.62,Yes,England,,CommonwealthPF,IPF,2011-12-16,England,,Bournemouth,Commonwealth Powerlifting Championships,Yes
Stéphanie Bastien,F,B,Single-ply,49.5,45-49,50-59,Masters 2,82.98,84,,,,,,120.0,125.0,-135.0,,125.0,,,,,,125.0,1,115.69,112.16,98.14,65.58,Yes,France,,FFForce,IPF,2024-11-30,France,,Bordeaux,Championnats de France Powerlifting / Bench Press,Yes
Jack Gibbs,M,SBD,Single-ply,,,,Open,82.5,82.5,,,,,226.8,,,,,167.83,,,,,226.8,621.42,4,420.95,416.29,400.56,72.01,,,,USPF,IPF,1982-05-15,USA,IA,Estherville,Region VII PL Championships,Yes
James Clark #11,M,SBD,Single-ply,20.5,20-23,19-23,Open,82.5,82.5,,,,,242.5,,,,,155.0,,,,,300.0,697.5,2,472.48,467.26,449.6,80.83,,,,USPF,IPF,1983-09-24,USA,IL,Belleville,Scott AFB Midwest Championships,Yes
Lance Slaughter,M,B,Single-ply,35.5,35-39,24-39,Open,66.7,67.5,,,,,,175.0,-185.0,-185.0,,175.0,,,,,,175.0,4,136.06,136.23,132.31,75.11,Yes,USA,,IPF,IPF,1998-12-11,Germany,,Amberg,World Bench Press Championships,Yes
Marc Cardinal,M,SBD,Raw,,,,Open,100.9,105,,,,,242.5,,,,,160.0,,,,,302.5,705.0,2,432.27,427.54,408.3,88.68,Yes,Canada,QC,CPU,IPF,2014-11-08,Canada,QC,Saguenay,Saguenay Open,Yes
Guillaume Amat,M,SBD,Raw,22.5,20-23,19-23,Juniors,73.2,74,160.0,172.5,180.0,,180.0,95.0,102.5,107.5,,107.5,-175.0,-175.0,175.0,,175.0,462.5,7,337.08,335.28,324.3,68.28,Yes,,,FFForce,IPF,2024-04-27,France,,Le Crès,Grand Prix de Printemps de Force Athlétique du Crès,Yes
Maksim Dyukov,M,SBD,Single-ply,19.5,20-23,19-23,Juniors,112.3,120,,,,,200.0,,,,,185.0,,,,,210.0,595.0,1,349.71,348.01,332.83,59.06,Yes,,,FPR,IPF,2019-03-23,Russia,IRK,Irkutsk,Irkutsk Powerlifting Championships,Yes
Aleksey Larionov,M,B,Single-ply,33.5,24-34,24-39,Open,64.6,66,,,,,,157.5,-165.0,-165.0,,157.5,,,,,,157.5,1,125.41,125.89,122.46,69.9,Yes,Russia,,FPR,IPF,2015-02-05,Russia,SVE,Nizhny Tagil,Ural Bench Press Championships,Yes
Andrea Andhor,F,SBD,Raw,26.5,24-34,24-39,FR-O,60.5,63,-120.0,125.0,-130.0,,125.0,65.0,-67.5,-67.5,,65.0,-120.0,-120.0,-120.0,,,,DQ,,,,,Yes,USA,NY,USAPL,IPF,2016-03-19,USA,NY,,Western NY Championships,Yes
Mitsuki Irifune,F,B,Single-ply,20.5,20-23,19-23,Juniors,46.44,47,,,,,,60.0,65.0,70.0,,70.0,,,,,,70.0,3,92.56,94.96,84.73,53.62,Yes,Japan,,IPF,IPF,2015-05-20,Sweden,,Sundsvall,World Bench Press Championships,Yes
Sam Walsh,M,SBD,Raw,20.0,20-23,19-23,MR-Jr,88.0,93,187.5,200.0,210.0,,210.0,120.0,125.0,127.5,,127.5,232.5,250.0,-262.5,,250.0,587.5,3,384.27,379.47,364.04,78.98,Yes,England,SW,EPA,IPF,2024-06-29,England,SW,Cheltenham,ST Summer Showdown,Yes
Maeve Cummins,F,SBD,Raw,28.0,24-34,24-39,F-O,79.6,84,120.0,127.5,135.0,,135.0,65.0,67.5,70.0,,70.0,167.5,180.0,-190.0,,180.0,385.0,1,363.67,353.27,309.9,74.33,Yes,Ireland,,IrishPF,IPF,2019-11-02,Ireland,,Galway,Connacht Championships,Yes
Jenesis Fonder,F,SBD,Raw,21.0,20-23,19-23,FR-TJ,61.25,63,120.0,127.5,132.5,,132.5,75.0,80.0,-82.5,,80.0,150.0,160.0,-162.5,,160.0,372.5,1,407.63,408.74,361.05,83.02,Yes,USA,MN,USAPL,IPF,2019-11-09,USA,MN,,3rd Annual Fall Classic,Yes
Alex Trejo #1,M,SBD,Single-ply,,24-34,,20-24,75.0,75,,,,,170.0,,,,,107.5,,,,,220.0,497.5,2,356.92,354.5,342.53,61.12,,,,USPF,IPF,1984-04-07,USA,CA,Los Angeles,Senior Olympic PL Championships,Yes
Nick Byram,M,SBD,Single-ply,16.5,16-17,14-18,M-T2,125.0,125,,,,,170.1,,,,,108.86,,,,,,,DQ,,,,,Yes,,,USAPL,IPF,2005-07-09,USA,WA,Seattle,Seattle Summer Classic,Yes
Alexandru Cazacu,M,B,Single-ply,16.5,16-17,14-18,Junior II,92.8,93,,,,,,150.0,160.0,-170.0,,160.0,,,,,,160.0,1,101.91,100.61,96.31,52.99,Yes,Romania,,FRPL,IPF,2014-11-22,Romania,,Alba Iulia,Campionatul National de Impins din Culcat,Yes
Hugo Hornero,M,B,Raw,22.0,20-23,19-23,Juniors,85.45,93,,,,,,142.5,147.5,152.5,,152.5,,,,,,152.5,1,101.31,100.1,96.16,75.47,Yes,,,FFForce,IPF,2019-01-19,France,,Crest,Challenge d'Hiver DC BP LAURAF,Yes
Mariya Mironova,F,SBD,Raw,18.5,18-19,19-23,Juniors,71.35,72,,,,,90.0,,,,,77.5,,,,,110.0,277.5,1,277.66,272.5,240.09,56.46,Yes,,,FPR,IPF,2016-04-14,Russia,NIZ,Kstovo,Volga Powerlifting Championships,Yes
Thomas Dillard Jr,M,D,Raw,48.0,45-49,40-49,MR-O,155.0,125+,,,,,,,,,,,,,,,327.5,327.5,1,174.59,180.37,169.9,,Yes,USA,VA,USAPL,IPF,2009-09-19,USA,TN,Elizabethton,Night of the Living Dead,Yes
Amber Hager,F,SBD,Raw,22.5,20-23,19-23,Open,67.87,69,115.0,-125.0,125.0,,125.0,65.0,70.0,72.5,,72.5,160.0,172.5,-182.5,,172.5,370.0,3,380.78,376.16,331.79,77.37,Yes,Netherlands,,KNKF-SP,IPF,2025-02-22,Netherlands,,Groningen,Northside Barbell Winter Cup,Yes
Jens Malmodin,M,B,Raw,,,50-59,Masters 2,89.35,93,,,,,,,,,,127.5,,,,,,127.5,1,82.74,81.7,78.32,61.7,Yes,,,SSF,IPF,2023-08-26,Sweden,,,DM Klassisk Bänkpress,Yes
David Burke,M,SBD,Single-ply,23.0,20-23,24-39,Open,90.0,90,,,,,162.5,,,,,132.5,,,,,220.0,515.0,6,333.0,328.77,315.1,56.83,Yes,,,CPU,IPF,1981-06-20,Canada,ON,London,London Intermediate,Yes
Miroslav Buzek,M,SBD,Single-ply,23.5,24-34,24-39,Open,82.0,82.5,,,,,,,,,,,,,,,,,DQ,,,,,Yes,,,CSST,IPF,1996-02-17,Czechia,,Jihlava,Mistrovstvi Jižní Moravy Mužů a Žen,Yes
Jhamal Williams,M,SBD,Raw,24.0,24-34,24-39,MR-O,104.56,105,287.5,300.0,-310.0,,300.0,185.0,190.0,195.0,,195.0,300.0,325.0,337.5,,337.5,832.5,1,502.93,498.2,475.72,102.99,Yes,USA,FL,AMP,IPF,2025-07-05,USA,FL,Orlando,34th Annual Florida State Championships,Yes
Kenny Mostin,M,SBD,Raw,,,,Open,77.36,83,,,,,185.0,,,,,105.0,,,,,217.5,507.5,8,357.09,354.08,341.67,72.82,Yes,,,LFPH,IPF,2023-03-04,Belgium,,Seraing,2e Tour Interclub,Yes
Mattia Perazzuolo,M,SBD,Raw,27.0,24-34,24-39,Open,100.95,105,270.0,285.0,295.0,,295.0,162.5,167.5,170.0,,170.0,290.0,-310.0,310.0,,310.0,775.0,1,475.09,469.9,448.75,97.47,Yes,Italy,,FIPL,IPF,2019-06-13,Italy,,San Zenone al Lambro,2° Trials Classic Senior di Powerlifting,Yes
Aldrin De Asis,M,SBD,Raw,18.5,18-19,19-23,Juniors,63.53,66,145.0,150.0,155.0,,155.0,92.5,-97.5,-97.5,,92.5,187.5,197.5,205.0,,205.0,452.5,1,364.93,366.87,357.16,71.98,Yes,Canada,BC,CPU,IPF,2019-06-22,Canada,BC,Langley,BCPA Mens Provincials,Yes
Danny Evans,M,SBD,Raw,32.0,24-34,24-39,MR-O,92.5,93,245.0,255.0,-265.0,,255.0,130.0,-135.0,135.0,,135.0,260.0,275.0,285.0,,285.0,675.0,5,430.59,425.12,406.97,88.54,Yes,England,SM,BP,IPF,2023-11-04,N.Ireland,,,Home Nations,Yes
Prasoeur Sek,M,SBD,Raw,32.5,24-34,24-39,MR-O,90.9,93,207.5,220.0,232.5,,232.5,150.0,160.0,-165.0,,160.0,235.0,247.5,-262.5,,247.5,640.0,2,411.77,406.53,389.45,84.67,Yes,USA,RI,USAPL,IPF,2017-07-08,USA,NY,,Liberty Games,Yes
Ranbir Singh Sahota,M,SBD,Single-ply,30.5,24-34,24-39,Open,119.85,120,-360.0,-360.0,-360.0,,,-215.0,220.0,-230.0,,220.0,305.0,320.0,-335.0,,320.0,,DQ,,,,,Yes,England,,EPF,IPF,2014-05-07,Bulgaria,,Sofia,European Open Powerlifting Championships,Yes
Sergiy Kuznetsov #1,M,B,Single-ply,25.5,24-34,24-39,Disabled,47.5,48,,,,,,-100.0,100.0,105.0,,105.0,,,,,,105.0,1,110.0,113.72,112.53,71.76,Yes,,,UkrainePF,IPF,1999-06-26,Ukraine,,Sevastopol,Ukrainian Bench Press Championships,Yes
Phil Randall,M,SBD,Single-ply,19.5,20-23,19-23,M-E-Jun,60.0,60,,,,,120.0,,,,,85.0,,,,,165.0,370.0,1,312.3,315.56,308.15,53.18,Yes,,,BAWLA,IPF,1983-06-06,England,,,Wiltshire County Powerlifting Championships,Yes
Rolf Sjølli,M,SBD,Raw,,45-49,50-59,Masters 50-59,89.9,93,160.0,170.0,175.0,,175.0,110.0,-120.0,-120.0,,110.0,200.0,210.0,215.0,,215.0,500.0,2,323.48,319.38,306.11,66.51,Yes,,,NSF,IPF,2015-05-01,Norway,,Oslo,Nasjonalt utstyrsfritt styrkeløft,Yes
Roberto Celio,M,SBD,Single-ply,,35-39,40-49,Open,99.5,100,,,,,260.0,,,,,160.0,,,,,272.5,692.5,1,427.17,422.3,403.38,72.59,Yes,Canada,ON,CPU,IPF,2010-04-08,Canada,ON,St. Thomas,St. Thomas Open,Yes
Chris Smith #33,M,SBD,Single-ply,,,40-49,M1,86.4,90,,,,,240.0,,,,,152.5,,,,,225.0,617.5,7,407.81,402.83,386.78,69.69,Yes,England,,BAWLA,IPF,2000-04-22,UK,,Birmingham,British Masters Powerlifting Championships,Yes
Patrícia Rodrigues,F,SBD,Single-ply,,,,Juniors,47.8,48,,,,,75.0,,,,,35.0,,,,,100.0,210.0,1,271.82,278.98,248.39,45.43,Yes,Brazil,,FESUPO,IPF,2003-09-05,Brazil,,São Paulo,Campeonato Sudamericano de Powerlifting,Yes
Christiaan Smit,M,SBD,Raw,14.5,13-15,14-18,Sub-Juniors,82.1,83,120.0,130.0,140.0,,140.0,65.0,72.5,-77.5,,72.5,140.0,150.0,-160.0,,150.0,362.5,6,246.23,243.55,234.4,50.46,Yes,,,SAPF,IPF,2023-03-30,South Africa,,,South Africa Classic Powerlifting Championships,Yes
Kenneth Leisinger,M,B,Raw,67.5,65-69,60-69,MR-M,83.0,83,,,,,,107.5,110.0,-117.5,,110.0,,,,,,110.0,1,74.26,73.42,70.63,55.25,Yes,USA,MN,USAPL,IPF,2018-03-17,USA,SD,,South Dakota State Powerlifting Championships,Yes
Josh Davis,M,SBD,Raw,21.5,20-23,19-23,MR-O,62.5,66,125.0,132.5,,,132.5,90.0,-102.5,-107.5,,90.0,-145.0,150.0,-172.5,,150.0,372.5,1,304.26,306.32,298.46,59.77,Yes,USA,NE,USAPL,IPF,2018-04-28,USA,NE,,Nebraska State Championship,Yes
Jaston Dhaliwal,M,SBD,Raw,,,,Sub-Juniors,116.3,120,,,,,175.0,,,,,115.0,,,,,197.5,487.5,1,282.97,282.43,270.45,57.46,Yes,Canada,BC,CPU,IPF,2017-09-08,Canada,MB,Winnipeg,Western Canadian Championship,Yes
Natalya Veretennikova,F,SBD,Single-ply,19.5,20-23,19-23,Open,59.0,60,-85.0,85.0,-90.0,,85.0,40.0,-45.0,45.0,,45.0,-105.0,105.0,-110.0,,105.0,235.0,6,263.3,265.44,234.58,44.09,Yes,,,FPR,IPF,1991-02-07,USSR,,Tomsk,Russian Powerlifting Championships,Yes
Blake Daylor,M,SBD,Raw,22.5,20-23,19-23,MR-Jr,73.7,74,155.0,167.5,175.0,,175.0,105.0,110.0,115.0,,115.0,200.0,-212.5,230.0,,230.0,520.0,1,377.3,375.13,362.73,76.5,Yes,USA,CA,USAPL,IPF,2017-07-07,USA,NV,Reno,Southwest Regional,Yes
Naomi Prince,F,B,Raw,,,,Open,,,,,,,,,,,,56.7,,,,,,56.7,10,,,,,,USA,,USPF,IPF,1984-02-25,USA,IL,Evanston,Midwestern Open Bench Press,Yes
Elisa Obbers,F,SBD,Raw,,,19-23,Juniors,69.8,72,92.5,100.0,107.5,,107.5,40.0,42.5,45.0,,45.0,110.0,115.0,120.0,,120.0,272.5,1,276.01,271.63,239.45,56.1,Yes,Belgium,,VGPF,IPF,2019-05-18,Belgium,,Merchtem,Interclub 3,Yes
Pertti Nurmi,M,SBD,Single-ply,43.5,40-44,40-49,Over 40,82.5,82.5,,,,,225.0,,,,,140.0,,,,,225.0,590.0,3,399.66,395.24,380.3,68.37,Yes,,,SVNL,IPF,1982-05-29,Finland,,Humppila,Veteraanien M40 voimanoston SM-kisat,Yes
Jonathan Kocabas,M,B,Raw,30.0,24-34,24-39,Open,84.6,93,,,,,,,,,,135.0,,,,,,135.0,1,90.18,89.12,85.65,67.15,Yes,Belgium,,LFPH,IPF,2016-03-12,Belgium,,Comines,3e Tour Interclub Bench,Yes
Amit Selberg,M,B,Single-ply,31.5,24-34,24-39,Open,73.5,75,,,,,,195.0,-200.0,200.0,,200.0,,,,,,200.0,5,145.37,144.56,139.8,78.34,Yes,Sweden,,IPF,IPF,2008-06-25,Czechia,,Prague,World Bench Press Championships,Yes
Dan Mellon,M,SBD,Single-ply,40.5,40-44,40-49,Class II,75.0,75,,,,,,,,,,,,,,,,503.49,10,361.21,358.77,346.66,61.86,,USA,,USPF,IPF,1984-09-22,USA,IA,Ames,Cyclone Class II,Yes
Jón Geir Ásgeirsson,M,SBD,Single-ply,18.5,18-19,19-23,Open,100.0,100,,,255.0,,255.0,,,165.0,,165.0,,,240.0,,240.0,660.0,3,406.24,401.67,383.64,69.02,Yes,,,KRAFT,IPF,1999-01-01,Iceland,,Reykjavík,Íslandsmeistaramót í kraftlyftingum,Yes
Nikolay Khramtsov,M,SBD,Single-ply,59.5,55-59,60-69,Masters 3,86.2,90,140.0,-150.0,-150.0,,140.0,-90.0,100.0,,,100.0,140.0,155.0,-165.0,,155.0,395.0,1,261.19,258.01,247.76,44.64,Yes,,,UkrainePF,IPF,1999-04-14,Ukraine,,Odessa,Ukrainian Masters Powerlifting Championships,Yes
Danielle Strange,F,SBD,Raw,23.5,24-34,24-39,FR-O,97.81,84+,182.5,195.0,205.0,,205.0,80.0,85.0,90.0,,90.0,170.0,180.0,-190.0,,180.0,475.0,8,408.9,398.15,342.98,85.23,Yes,USA,NY,USAPL,IPF,2017-10-10,USA,FL,Orlando,Raw National Championships,Yes
Jan-Arve Nygård,M,SBD,Raw,,,40-49,Masters 40-49,104.1,105,185.0,195.0,-202.5,,195.0,110.0,115.0,120.0,,120.0,190.0,200.0,210.0,,210.0,525.0,7,317.73,314.68,300.47,65.08,Yes,,,NSF,IPF,2025-03-28,Norway,,Hamar,Brumunddal AK NM Veteran UF,Yes
Andriy Sytnyk,M,SBD,Single-ply,17.5,18-19,14-18,Open,88.8,90,,,,,240.0,,,,,157.5,,,,,292.5,690.0,2,449.21,443.55,425.35,76.7,Yes,Ukraine,,UkrainePF,IPF,2006-05-25,Ukraine,,Gorlovka,Donetsk Powerlifting Cup,Yes
Matthew Guadron,M,SBD,Raw,26.5,24-34,24-39,MR-O,80.4,83,205.0,215.0,-220.0,,215.0,140.0,145.0,-147.5,,145.0,207.5,220.0,227.5,,227.5,587.5,3,403.92,399.83,385.16,82.65,Yes,USA,CA,USAPL,IPF,2021-09-18,USA,CA,,California State Championships,Yes
Racheal Paveglio,F,SBD,Raw,38.5,35-39,24-39,FR-O,121.56,84+,177.5,185.0,192.5,,192.5,100.0,105.0,-110.0,,105.0,192.5,210.0,215.0,,215.0,512.5,1,409.74,408.88,346.22,87.67,Yes,USA,NC,USAPL,IPF,2021-07-10,USA,NC,,North Carolina State Championship,Yes
Nina Ruuhivirta,F,B,Raw,40.5,40-44,40-49,Open,81.81,84,,,,,,90.0,97.5,-102.5,,97.5,,,,,,97.5,3,90.86,88.14,77.19,73.24,Yes,Finland,,SVNL,IPF,2018-02-23,Finland,,Tammela,Klassisen penkkipunnerruksen SM-kisat,Yes
John Razon,M,SBD,Raw,16.5,16-17,14-18,MR-O,71.7,74,180.0,-187.5,187.5,,187.5,105.0,-110.0,112.5,,112.5,190.0,202.5,215.0,,215.0,515.0,3,380.55,379.03,366.94,76.86,Yes,England,,EPA,IPF,2022-12-10,UK,,Stalybridge,North West Christmas Spectacular,Yes
Helena Mariella Decker,F,SBD,Raw,23.0,20-23,19-23,Juniors,58.6,63,147.5,157.5,162.5,,162.5,90.0,95.0,-97.5,,95.0,172.5,182.5,190.0,,190.0,447.5,1,503.58,508.16,449.13,102.86,Yes,Germany,,BVDK,IPF,2024-10-18,Germany,NRW,Köln,Deutsche Meisterschaft KDK der Jugend/Junioren Classic,Yes
Wagner Alves Almeida,M,B,Single-ply,34.5,24-34,24-39,Open,127.5,125+,,,,,,250.0,-260.0,-282.5,,250.0,,,,,,250.0,3,140.82,141.91,135.7,72.1,Yes,Brazil,,FESUPO,IPF,2008-11-21,Argentina,,Villa Maria,Campeonato Sudamericano de Fuerza en Banco,Yes
Natahlie Fernandes,F,SBD,Raw,44.0,40-44,40-49,Masters 1,51.2,52,45.0,-55.0,60.0,,60.0,42.5,50.0,52.5,,52.5,80.0,90.0,-100.0,,90.0,202.5,1,249.51,255.48,226.6,51.83,Yes,,,FFForce,IPF,2018-05-26,France,,Villefranche-sur-Saône,Deuxième Pas FA PL DC BP LAURAF,Yes
Trey Cunningham #1,M,SBD,Single-ply,21.0,20-23,19-23,M-O,60.0,60,,,,,207.5,,,,,127.5,,,,,230.0,565.0,1,476.88,481.87,470.55,81.2,Yes,USA,,USAPL,IPF,2001-03-10,USA,LA,Alexandria,Collegiate National Powerlifting Championships,Yes
Jaouad Ouazil,M,SBD,Raw,19.5,20-23,19-23,Juniors,89.23,93,235.0,250.0,-260.0,,250.0,132.5,137.5,-140.0,,137.5,230.0,250.0,260.0,,260.0,647.5,11,420.5,415.19,398.06,86.45,Yes,Netherlands,,KNKF-SP,IPF,2025-05-10,Netherlands,,Stramproy,Junioren NK Powerliften,Yes
Aleksey Mardashev,M,B,Raw,20.5,20-23,19-23,Open,103.3,105,,,,,,185.0,190.0,-195.0,,190.0,,,,,,190.0,1,115.35,114.2,109.05,85.72,Yes,,,FPR,IPF,2014-12-21,Russia,BRY,Navlya,Navlya Сlassic Bench Press Championships,Yes
Anatoliy Fisenko,M,SBD,Single-ply,21.5,20-23,19-23,Open,105.0,105,,,,,315.0,,,,,240.0,,,,,270.0,825.0,6,497.55,492.98,470.75,84.33,Yes,,,FPR,IPF,2014-10-06,Russia,ORL,Oryol,Russian Powerlifting Cup,Yes
Fredrik Sørbø,M,SBD,Single-ply,19.0,18-19,19-23,Juniors 19-23,119.0,120,250.0,266.5,272.5,,272.5,-200.0,200.0,-212.5,,200.0,245.0,265.0,-275.0,,265.0,737.5,1,424.74,424.84,407.07,71.51,Yes,Norway,,NSF,IPF,2012-09-29,Norway,,Bergen,Syd-Norsk Styrkeløft,Yes
Evgeniy Rusin,M,SBD,Single-ply,21.0,20-23,19-23,Open,82.5,82.5,,,,,275.0,,,,,165.0,,,,,255.0,695.0,2,470.79,465.59,447.98,80.54,Yes,,,FPR,IPF,2008-05-29,Russia,KHM,Khanty-Mansiysk,Ugra Cup,Yes
Nina Le Blevenec,F,B,Raw,45.0,45-49,40-49,Masters 1,56.5,57,,,,,,50.0,55.0,-57.5,,55.0,,,,,,55.0,3,63.38,64.26,56.83,49.23,Yes,France,,FFForce,IPF,2017-06-03,France,,Cambrai,Championnats de France de Développé Couché,Yes
Ahmed Gliza,M,B,Single-ply,,,,Open,90.15,93,,,,,,,,,,180.0,,,,,,180.0,1,116.29,114.81,110.03,60.66,Yes,,,SSF,IPF,2013-09-28,Sweden,,,DM BP Mellersta Norrland,Yes
Dean Smith-Lawrence,M,SBD,Raw,21.0,20-23,19-23,MR-Jr,92.3,93,150.0,160.0,-165.0,,160.0,75.0,80.0,85.0,,85.0,152.5,167.5,175.0,,175.0,420.0,2,268.2,264.79,253.51,55.15,Yes,England,,EPA,IPF,2024-07-06,England,SW,,Gloucestershire Powerlifting Open,Yes
Jerry Moylan,M,SBD,Single-ply,28.0,24-34,24-39,Open,81.5,82.5,272.5,287.5,-292.5,,287.5,160.0,-172.5,172.5,,172.5,265.0,280.0,-292.5,,280.0,740.0,3,504.77,499.4,480.79,86.38,,USA,,USPF,IPF,1981-07-13,USA,ID,Boise,Junior Nationals,Yes
Ilya Samsonov,M,SBD,Raw,12.5,13-15,,Sub-Juniors,38.1,48,,,,,55.0,,,,,32.5,,,,,65.0,152.5,2,193.84,203.65,201.96,31.91,Yes,Russia,,FPR,IPF,2012-06-17,Russia,CHE,Chelyabinsk,Chelyabinsk City Juniors & Sub-Juniors Classic Powerlifting Championships,Yes
Nicholas Neou,M,SBD,Raw,20.5,20-23,19-23,MR-Jr,82.0,83,205.0,217.5,227.5,,227.5,132.5,140.0,142.5,,142.5,225.0,237.5,240.0,,240.0,610.0,1,414.64,410.14,394.75,84.96,Yes,USA,MD,USAPL,IPF,2017-05-13,USA,MD,,Maryland State Championships,Yes
Keiko Nakai,F,SBD,Single-ply,36.5,35-39,24-39,Open,51.7,52,-125.0,125.0,-132.5,,125.0,-87.5,87.5,-90.0,,87.5,137.5,145.0,-152.5,,145.0,357.5,3,437.52,447.67,396.91,73.1,Yes,Australia,,CommonwealthPF,IPF,2013-12-05,New Zealand,AKL,Auckland,Commonwealth & Oceania Championships,Yes
Chris Mackie,M,BD,Raw,23.0,20-23,,M-C-Open,87.0,90,,,,,,,,,,120.0,,,,,260.0,380.0,1,250.04,246.96,237.04,,Yes,,,BAWLA,IPF,2004-10-23,UK,,London,Greater London Open Push and Pull,Yes
Nora Szücs,F,SBD,Single-ply,19.5,20-23,19-23,Juniors,69.5,75,,,,,130.0,,,,,70.0,,,,,142.5,342.5,4,347.75,342.43,301.9,58.66,Yes,Hungary,,EPF,IPF,2002-05-19,Hungary,,Balatonlelle,European Juniors Powerlifting Championships,Yes
Jessica Halcovith,F,SBD,Raw,,,,Open,68.15,69,127.5,132.5,137.5,,137.5,72.5,-77.5,-77.5,,72.5,127.5,132.5,137.5,,137.5,347.5,2,356.79,352.25,310.68,72.5,Yes,Canada,NB,CPU,IPF,2023-07-08,Canada,NB,Moncton,Battle at the Factory,Yes
Alexis Simbajon,F,SBD,Raw,25.0,24-34,24-39,FR-O,62.9,63,115.0,127.5,-135.0,,127.5,72.5,-80.0,-80.0,,72.5,115.0,-135.0,-135.0,,115.0,315.0,2,339.12,338.7,299.09,68.99,Yes,USA,FL,AMP,IPF,2025-03-08,USA,FL,Ocala,3rd Annual Brick City Open,Yes
Eirik Bø Rolfsen,M,SBD,Raw,,16-17,14-18,Teen 14-18,81.1,83,-100.0,105.0,110.0,,110.0,75.0,-80.0,85.0,,85.0,130.0,140.0,155.0,,155.0,350.0,1,239.42,236.92,228.14,49.02,Yes,,,NSF,IPF,2022-06-11,Norway,,Stavanger,Åpent stevne,Yes
Dmitriy Ermilov,M,SBD,Single-ply,19.5,20-23,19-23,Open,64.95,67.5,,,,,235.0,,,,,135.0,,,,,200.0,570.0,1,452.0,453.56,441.06,77.23,Yes,Russia,,FPR,IPF,2007-05-27,Russia,LEN,St. Petersburg,St. Petersburg University Powerlifting Championships,Yes
Clément Bret,M,SBD,Raw,25.0,24-34,24-39,Seniors,104.6,105,215.0,230.0,237.5,,237.5,170.0,182.5,187.5,,187.5,250.0,260.0,275.0,,275.0,700.0,1,422.82,418.85,399.95,86.58,Yes,,,FFForce,IPF,2019-12-21,France,,Woippy,Régional FA PL Grand Est,Yes
Simon Kelsall,M,SBD,Raw,46.0,45-49,40-49,Masters 1,91.9,93,170.0,185.0,192.5,,192.5,125.5,-130.0,-130.0,,125.5,200.0,215.0,-220.0,,215.0,533.0,1,341.08,336.75,322.45,70.13,Yes,New Zealand,,NZPF,IPF,2016-04-01,New Zealand,AKL,Auckland,Auckland Powerlifting Championships,Yes
Bhupendra Soni,M,SBD,Single-ply,39.5,35-39,40-49,Open,95.56,105,155.0,,,,155.0,100.0,,,,100.0,155.0,,,,155.0,410.0,16,257.54,254.36,243.21,43.85,Yes,,,PI,IPF,2019-08-20,India,,Dinhata,Indian Powerlifting Championships,Yes
Gennadiy Krechin,M,B,Single-ply,38.0,35-39,24-39,Open,100.7,105,,,,,,-252.5,-252.5,-255.0,,,,,,,,,DQ,,,,,Yes,,,KPF,IPF,2012-03-26,Kazakhstan,,Taldykorgan,Republic Kazakhstan Powerlifting Cup,Yes
B. Stephens,M,SBD,Single-ply,,,,,56.0,56,,,,,142.43,,,,,79.83,,,,,164.65,386.91,2,346.31,352.22,345.34,58.7,,,,USPF,IPF,1986-06-28,USA,KY,Fort Knox,Region VI Championships,Yes
Barrianne Perkins,F,SBD,Single-ply,23.0,20-23,24-39,F-O,59.1,60,82.5,-95.0,95.0,,95.0,50.0,52.5,55.0,,55.0,110.0,122.5,-137.5,,122.5,272.5,8,304.99,307.39,271.65,51.08,Yes,,,USAPL,IPF,2009-03-27,USA,LA,Baton Rouge,Collegiate Nationals,Yes
Heiðar Valur Sigurhjartarson,M,B,Single-ply,18.0,18-19,14-18,Open,102.0,110,,,,,,,,,,110.0,,,,,,110.0,1,67.14,66.43,63.43,34.63,Yes,,,KRAFT,IPF,1997-12-31,Iceland,,Akureyri,Akureyrarmót í bekkpressu,Yes
Tim Griffin,M,SBD,Raw,,24-34,24-39,MR-O,81.6,83,129.3,-142.9,142.9,,142.9,79.4,83.9,-88.5,,83.9,142.9,156.5,174.6,,174.6,401.4,1,273.61,270.69,260.59,56.05,Yes,,,USAPL,IPF,2015-09-19,USA,CT,,TEF Meet,Yes
Branimir Babić,M,SBD,Raw,,,,Open,88.95,93,185.0,192.5,197.5,,197.5,125.0,-132.5,135.0,,135.0,222.5,232.5,-247.5,,232.5,565.0,4,367.51,362.88,347.96,75.55,Yes,Croatia,,HPLS,IPF,2021-12-18,Croatia,,Virovitica,ELUIR Classic Powerlifting i Bench Press,Yes
Dmitriy Alypov,M,B,Single-ply,17.5,18-19,14-18,Sub-Juniors,64.9,67.5,,,,,,135.0,140.0,-147.5,,140.0,,,,,,140.0,1,111.08,111.47,108.41,61.82,Yes,,,FPR,IPF,2010-02-23,Russia,KEM,Leninsk-Kuznetsky,Siberian Bench Press Championships,Yes
Tom Gonzalez,M,SBD,Single-ply,,,,Novice,82.5,82.5,,,,,192.5,,,,,147.5,,,,,197.5,537.5,6,364.1,360.07,346.46,62.29,,,,USPF,IPF,1983-09-17,USA,TX,Austin,Texas Cup,Yes
W. Tomasello,M,SBD,Single-ply,,,,Teen,82.5,82.5,,,,,215.46,,,,,127.01,,,,,226.8,569.26,3,385.61,381.35,366.93,65.97,,,,USPF,IPF,1980-03-22,USA,NE,Doniphan,Nebraska State Teenage,Yes
Andrey Andrichenko,M,SBD,Single-ply,32.0,24-34,24-39,Open,92.35,93,,,,,282.5,,,,,180.0,,,,,270.0,732.5,3,467.64,461.69,442.01,79.73,Yes,Russia,,FPR,IPF,2019-05-15,Russia,KYA,Krasnoyarsk,Centre of Asia,Yes
Ahmed Farid Hamed,M,SBD,Raw,36.0,35-39,24-39,Open,104.3,105,-235.0,235.0,-252.5,,235.0,172.5,182.5,190.0,,190.0,250.0,-270.0,282.5,,282.5,707.5,1,427.85,423.77,404.65,87.62,Yes,UAE,,UAEPL,IPF,2024-10-19,UAE,DXB,Al Barsha,SBD UAE Power Meet 16,Yes
Sam Ahmed,M,SBD,Raw,,,,MR-O,115.7,120,202.5,212.5,220.0,,220.0,110.0,120.0,-130.0,,120.0,207.5,225.0,240.0,,240.0,580.0,4,337.27,336.47,322.14,68.51,Yes,,,BP,IPF,2025-06-14,England,NW,Raw Strength Gym,Summer Slam 25,Yes
Jens Jepsen,M,SBD,Single-ply,36.5,35-39,24-39,Open,114.0,125,,,,,230.0,,,,,170.0,,,,,252.5,652.5,1,381.42,380.03,363.66,64.36,Yes,Denmark,,DSF,IPF,2007-06-23,Denmark,,Aarhus,Nordland Cup,Yes
Joseph Soden,M,SBD,Raw,21.5,20-23,19-23,MR-Jr,73.55,74,162.5,175.0,-185.0,,175.0,110.0,115.0,117.5,,117.5,180.0,192.5,205.0,,205.0,497.5,2,361.45,359.42,347.57,73.27,Yes,USA,CA,USAPL,IPF,2019-02-10,USA,CA,,Convoy Strength Open,Yes
Yuriy Boldyrev,M,B,Single-ply,24.5,24-34,24-39,Open,81.6,82.5,,,,,,,,,,195.0,,,,,,195.0,2,132.92,131.5,126.59,70.26,Yes,Belarus,,BelPF,IPF,2007-05-03,Belarus,,Oshmyany,Belarus Universiade,Yes
Frank Wohjan,M,B,Single-ply,51.5,50-54,50-59,Masters 2,102.3,105,,,,,,145.0,150.0,-155.0,,150.0,,,,,,150.0,3,91.44,90.49,86.4,47.16,Yes,,,BVDK,IPF,2016-03-16,Germany,BE,Berlin,LM BB Bankdruecken,Yes
Igor Kudrjaschow,M,B,Raw,34.0,24-34,24-39,Open,99.06,105,,,,,,-175.0,175.0,-182.5,,175.0,,,,,,175.0,1,108.16,106.91,102.13,80.53,Yes,Germany,,BVDK,IPF,2022-04-09,Germany,NRW,Essen,Bezirksmeisterschaft Bankdrücken Westfalen,Yes
Dylan Gabor,M,SBD,Raw,16.5,16-17,14-18,MR-T2,72.7,74,157.5,162.5,167.5,,167.5,105.0,110.0,-115.0,,110.0,162.5,172.5,177.5,,177.5,455.0,1,333.11,331.48,320.72,67.42,Yes,USA,FL,USAPL,IPF,2021-05-29,USA,FL,,42nd Annual Florida Sunshine State Games,Yes
Artem Tsarkov,M,SBD,Single-ply,16.5,16-17,14-18,Sub-Juniors,51.95,52,,,,,152.5,,,,,75.0,,,,,137.5,365.0,3,349.91,358.53,353.1,58.93,Yes,,,UkrainePF,IPF,2009-04-07,Ukraine,,Kolomyia,Ukrainian Sub-Junior Powerlifting Championships,Yes
T. Justin Cooper,M,SBD,Raw,26.5,24-34,24-39,MR-O,102.3,105,280.0,292.5,-305.0,,292.5,175.0,182.5,-187.5,,182.5,320.0,335.0,-347.5,,335.0,810.0,1,493.76,488.63,466.58,101.23,Yes,USA,MD,USAPL,IPF,2019-08-24,USA,PA,,Mid-Atlantic Regionals,Yes
Rakshith V,M,B,Raw,20.0,20-23,19-23,Juniors,91.7,93,,,,,,130.0,142.5,-155.0,,142.5,,,,,,142.5,6,91.29,90.13,86.31,68.08,Yes,,,PI,IPF,2023-01-19,India,MH,Aurangabad,National Classic Bench Press Championship,Yes
Jeff Scaparra,M,SBD,Single-ply,18.5,18-19,,M-C,90.0,90,,,,,210.0,,,,,135.0,,,,,247.5,592.5,4,383.11,378.25,362.51,65.38,Yes,,,USAPL,IPF,2002-11-23,USA,TX,Austin,Longhorn Open,Yes
Matěj Adamík,M,SBD,Raw,19.5,20-23,19-23,Juniors,91.55,93,210.0,225.0,235.0,,235.0,145.0,155.0,165.0,,165.0,235.0,250.0,265.0,,265.0,665.0,3,426.35,420.93,403.12,87.67,Yes,,,CSST,IPF,2024-04-27,Czechia,,Benešov,Mistrovství České republiky juniorů v klasickém silovém trojboji,Yes
Markus Messmer,M,SBD,Raw,23.0,20-23,19-23,Juniors,72.5,74,185.0,190.0,195.0,,195.0,122.5,-127.5,127.5,,127.5,187.5,197.5,207.5,,207.5,530.0,2,388.73,386.9,374.38,78.64,Yes,,,BVDK,IPF,2021-12-18,Germany,BW,Karlsruhe,BWG Meisterschaften im Kraftdreikampf EQ und Raw,Yes
Mark Cucinella,M,SBD,Single-ply,59.5,55-59,60-69,Masters 3,74.43,75,192.5,197.5,202.5,,202.5,127.5,-132.5,-132.5,,127.5,-195.0,205.0,212.5,,212.5,542.5,2,391.11,388.63,375.64,66.98,Yes,USA,,IPF,IPF,2010-09-27,Czechia,,Pilsen,World Masters Powerlifting Championships,Yes
R. Jouttas,M,SBD,Single-ply,,,,Open,82.5,82.5,,,,,195.04,,,,,149.69,,,,,195.04,539.78,5,365.64,361.6,347.93,62.55,,,,USPF,IPF,1980-02-03,USA,IL,Aurora,Illinois Jr State Championships,Yes
Risto Kinnunen,M,SBD,Single-ply,,,,Open,98.3,100,,,,,252.5,,,,,142.5,,,,,270.0,665.0,4,412.41,407.56,389.39,70.12,Yes,,,SVNL,IPF,1990-12-15,Finland,,Vaasa,Voimanoston joukkue SM-finaali,Yes
Donna Delleree,F,SBD,Single-ply,,45-49,,Masters 45-49,82.5,82.5,,,,,165.0,,,,,105.0,,,,,167.5,437.5,1,406.06,393.74,344.65,69.3,,USA,,USPF,IPF,1991-05-18,USA,NC,High Point,Masters Nationals,Yes
Aleksandr Yamont,M,SBD,Single-ply,11.5,5-12,,Sub-Juniors,41.9,43,,,,,45.0,,,,,27.5,,,,,70.0,142.5,7,171.37,179.3,177.94,28.02,Yes,Belarus,,BelPF,IPF,2016-01-27,Belarus,,Oshmyany,Belarus Powerlifting Championships,Yes
Valentin Bukov,M,SBD,Single-ply,16.5,16-17,14-18,Sub-Juniors,90.0,90,,,,,170.0,,,,,95.0,,,,,180.0,445.0,2,287.74,284.09,272.27,49.1,Yes,Estonia,,EJTL,IPF,2006-03-19,Estonia,,Kõrveküla,Estonian Powerlifting Championships,Yes
Brandon Lee #10,M,B,Single-ply,,,,M-Jr,118.1,120,,,,,,197.5,207.5,215.5,,215.5,,,,,,215.5,1,124.43,124.37,119.15,63.76,Yes,England,,EPA,IPF,2025-04-05,England,EM,Northampton,English Bench Press Champs,Yes
Aleksandr Vinyukov,M,SBD,Raw,19.5,20-23,19-23,Open,104.7,105,,,,,222.5,,,,,135.0,,,,,255.0,612.5,2,369.82,366.37,349.84,75.72,Yes,Russia,,FPR,IPF,2019-11-16,Russia,ME,Yoshkar-Ola,Mari El Classic Powerlifting Cup,Yes
Pablo de Haro Muñoz,M,SBD,Raw,17.5,18-19,14-18,SBJ,63.97,66,155.0,165.0,-170.0,,165.0,110.0,-115.0,-115.0,,110.0,170.0,180.0,-187.5,,180.0,455.0,3,365.0,366.73,356.9,72.11,Yes,Spain,,AEP,IPF,2018-05-26,Spain,,Chiva,3º Open Nacional de Powerlifting,Yes
Lisa Hanke,F,SBD,Raw,20.5,20-23,19-23,Newcomer,55.7,57,,,,,112.5,,,,,65.0,,,,,115.0,292.5,1,340.25,345.61,305.74,69.83,Yes,,,BVDK,IPF,2021-04-30,Germany,,,ClubClash,Yes
Jennifer Howe,F,SBD,Raw,30.5,24-34,24-39,FR-O,126.3,84+,-97.5,-107.5,110.0,,110.0,67.5,75.0,-82.5,,75.0,130.0,145.0,-152.5,,145.0,330.0,2,261.24,261.5,220.98,56.12,Yes,USA,OR,USAPL,IPF,2018-07-01,USA,OR,,Bridgetown Barbell B-Q,Yes
Christian Pearce,M,SBD,Raw,18.5,18-19,19-23,Juniors,73.4,74,,,,,165.0,,,,,105.0,,,,,185.0,455.0,1,331.02,329.19,318.37,67.08,Yes,Canada,SK,CPU,IPF,2014-09-13,Canada,SK,Regina,Saskatchewan Provincials,Yes
Leo Xavier Gabriel,M,SBD,Raw,31.0,24-34,24-39,Guest,98.3,105,145.0,155.0,165.0,,165.0,102.5,-107.5,-110.0,,102.5,175.0,185.0,192.5,,192.5,460.0,G,285.27,281.92,269.35,58.59,Yes,,,OEVK,IPF,2023-04-29,Austria,,,OÖ Landesmeisterschaft im Kraftdreikampf RAW,Yes
Roman Kornev,M,SBD,Raw,47.5,45-49,40-49,Open,92.5,93,,,,,230.0,,,,,170.0,,,,,250.0,650.0,1,414.64,409.38,391.9,85.26,Yes,,,FPR,IPF,2019-03-28,Russia,LEN,St. Petersburg,Russian Masters Classic Powerlifting Championships,Yes
Irene King,F,B,Single-ply,53.5,50-54,50-59,Open,76.7,82.5,,,,,,,,,,107.5,,,,,,107.5,2,103.48,100.8,88.58,58.33,Yes,Canada,NL,CPU,IPF,2008-04-13,Canada,ON,St Catherines,Canadian Championship,Yes
Jenny Adolfsson,F,B,Raw,34.5,24-34,24-39,Open,62.6,63,,,,,,,,,,100.0,,,,,,100.0,1,107.97,107.92,95.3,83.75,Yes,Sweden,,SSF,IPF,2017-07-03,Sweden,,,SM-veckan Borås - Klassisk bänkpress,Yes
Jimmy Grenblad,M,B,Raw,36.5,35-39,24-39,Open,91.5,93,,,,,,,,,,155.0,,,,,,155.0,3,99.4,98.14,93.99,74.13,Yes,Sweden,,SSF,IPF,2018-05-12,Sweden,,,DM klassisk bänkpress MNSF,Yes
Camille Pailha,F,SBD,Raw,16.0,16-17,14-18,Sub-Juniors,70.5,72,75.0,85.0,92.5,,92.5,50.0,55.0,62.5,,62.5,90.0,105.0,120.0,,120.0,275.0,1,276.99,272.25,239.94,56.31,Yes,France,,FFForce,IPF,2016-05-28,France,,Villefranche-sur-Saône,Deuxième Pas FA PL DC BP LAURAF,Yes
Pavel Schauer,M,SBD,Single-ply,50.5,50-54,50-59,Open,73.8,75,,,,,200.0,,,,,,,,,,,,DQ,,,,,Yes,Czechia,,CSST,IPF,2002-03-18,Czechia,,Lovosice,Mistrovství Čech Mužů a Žen v Silovém Trojboji,Yes
Réjean Dallaire,M,B,Raw,70.5,70-74,70-999,Masters 4,115.9,120,,,,,,130.0,-132.5,,,130.0,,,,,,130.0,1,75.55,75.38,72.18,55.68,Yes,Canada,QC,CPU,IPF,2019-11-16,Canada,QC,Drummondville,Quebec Provincials,Yes
Matt Gary,M,SBD,Raw,42.0,40-44,40-49,MR-O,104.4,105,195.0,205.0,212.5,,212.5,140.0,147.5,-155.0,,147.5,245.0,260.0,272.5,,272.5,632.5,20,382.34,378.72,361.63,78.3,Yes,USA,,USAPL,IPF,2014-07-17,USA,CO,,Raw Nationals,Yes
Quinten Ulschmid,M,SBD,Raw,25.5,24-34,24-39,MR-O,99.8,105,175.0,185.0,205.0,,205.0,-130.0,-135.0,135.0,,135.0,200.0,215.0,227.5,,227.5,567.5,4,349.61,345.65,330.15,71.76,Yes,USA,MN,USAPL,IPF,2016-10-22,USA,MN,Alexandria,Noonan Barbell Raw Open,Yes
M. McCutcheon,M,SBD,Single-ply,,,,Open,125.0,125,,,,,315.0,,,,,182.5,,,,,262.5,760.0,2,430.73,433.08,414.45,72.34,,,,USPF,IPF,1982-01-16,USA,AR,Little Rock,Arkansas New Years Open,Yes
Aaron Ulriksen,M,SBD,Raw,,,19-23,Juniors,78.75,83,142.5,150.0,160.0,,160.0,90.0,-97.5,102.5,,102.5,182.5,192.5,200.0,,200.0,462.5,1,321.92,318.94,307.52,65.76,Yes,Canada,SK,CPU,IPF,2022-01-22,Canada,SK,Saskatoon,Rise Open,Yes
松森 誠次,M,B,Raw,53.0,50-54,50-59,Masters 2,82.44,83,,,,,,160.0,165.0,167.5,,167.5,,,,,,167.5,1,113.51,112.26,108.02,84.43,Yes,,,JPA,IPF,2016-11-26,Japan,,Tokyo,Japanese Classic Bench Press Championships,Yes
Mohamed Yusuf Saleem,M,SBD,Raw,20.5,20-23,19-23,Men's Raw Junior,80.95,83,165.0,177.5,182.5,,182.5,97.5,105.0,-107.5,,105.0,195.0,-205.0,-205.0,,195.0,482.5,4,330.42,326.98,314.89,67.64,Yes,,,MAP,IPF,2024-01-20,Malaysia,,Kuala Lumpur,Strength Academy Classic,Yes
Magdalena Bialek,F,SBD,Single-ply,,,,Juniorki do lat 23,83.2,84,210.0,222.5,230.0,,230.0,110.0,117.5,-122.5,,117.5,185.0,202.5,-210.5,,202.5,550.0,1,508.4,492.83,431.14,86.83,Yes,Poland,,PZKFiTS,IPF,2013-11-23,Poland,,Minsk Mazowiecki,Polish Powerlifting Championships,Yes
Alain Kuntz,M,SBD,Raw,30.5,24-34,24-39,Seniors,81.9,83,175.0,185.0,192.5,,192.5,112.5,-120.0,120.0,,120.0,210.0,225.0,237.5,,237.5,550.0,7,374.12,370.07,356.2,76.65,Yes,,,FFForce,IPF,2024-05-18,Germany,,Willstätt,HEROAD MEET 2,Yes
Chad Smith,M,SBD,Raw,30.0,24-34,24-39,MR-O,98.7,100,272.5,280.0,285.0,,285.0,-205.0,205.0,215.0,,215.0,250.0,272.5,-277.5,,272.5,772.5,1,478.21,472.64,451.53,98.2,Yes,,,USAPL,IPF,2010-07-16,USA,CO,Denver,Raw Nationals,Yes
Janine Eickhoff,F,B,Raw,36.0,35-39,24-39,Open,,84+,,,,,,,,,,40.0,,,,,,40.0,1,,,,,Yes,,,BVDK,IPF,2017-08-19,Germany,NI,Tostedt,LM Niedersachsen Bankdruecken,Yes
Chuck Brunson,M,B,Single-ply,31.5,24-34,24-39,Open,67.5,67.5,,,,,,,,,,167.5,,,,,,167.5,1,129.1,129.15,125.36,71.03,,USA,,USPF,IPF,1994-08-27,USA,WV,Parkersburg,National Bench Press,Yes
Danil Vershinin,M,B,Single-ply,18.5,18-19,19-23,Juniors,73.0,74,,,,,,150.0,-165.0,,,150.0,,,,,,150.0,1,109.52,108.95,105.4,59.11,Yes,,,FPR,IPF,2019-07-11,Russia,SVE,Rezh,Ural Juniors & Sub-Juniors Bench Press Championships,Yes
Nicole Fadini,F,SBD,Raw,24.0,24-34,24-39,Senior,48.85,52,105.0,110.0,115.0,,115.0,65.0,67.5,70.0,,70.0,-125.0,125.0,-132.5,,125.0,310.0,13,394.97,405.27,360.32,82.79,Yes,Italy,,FIPL,IPF,2022-08-07,Italy,,S.Zenone al Lambro,6 Gara Nazionale Open di Powerlifting Classic Femminile Finali,Yes
Christian Puntel,M,SBD,Raw,46.0,45-49,40-49,Open,91.6,93,155.0,-165.0,170.0,,170.0,120.0,127.5,-132.5,,127.5,190.0,205.0,-210.0,,205.0,502.5,8,322.08,317.98,304.53,66.23,Yes,,,KDKS,IPF,2023-05-07,Switzerland,,Biel-Bienne,Championnat Suisse Romand,Yes
David Berube #1,M,SBD,Raw,27.0,24-34,24-39,MR-SO,58.9,59,67.5,75.0,-92.5,,75.0,-55.0,55.0,-80.0,,55.0,100.0,112.5,117.5,,117.5,247.5,1,212.13,214.72,209.89,40.99,Yes,USA,TX,USAPL,IPF,2018-12-01,USA,TX,,Collegiate Cup & Texas Open,Yes
Sergiy Lyutnik,M,D,Single-ply,31.5,24-34,24-39,Open,58.95,59,,,,,,,,,,,,,,,150.0,150.0,1,128.47,130.03,127.1,,Yes,,,UkrainePF,IPF,2013-05-17,Ukraine,,Ternopil',Ukrainian Deadlift Championships,Yes
Casey Brown,M,SBD,Single-ply,40.0,40-44,40-49,M-M1,67.5,67.5,,,,,215.0,,,,,145.15,,,,,242.67,602.82,1,464.62,464.78,451.16,79.47,Yes,USA,,USAPL,IPF,2003-09-21,USA,WY,Cheyenne,State Open PL & BP Championships,Yes
Ryan Love,M,SBD,Single-ply,20.0,20-23,19-23,M-Jr,67.5,67.5,150.0,-162.5,162.5,,162.5,107.5,112.5,117.5,,117.5,187.5,,-192.5,,187.5,467.5,1,360.32,360.45,349.89,61.63,Yes,USA,PA,USAPL,IPF,2010-03-20,USA,PA,State College,Pennsylvania State Powerlifting Championships,Yes
Michael Mounce,M,SBD,Single-ply,,,,Class II,90.0,90,,,,,245.0,,,,,165.0,,,,,250.0,660.0,4,426.76,421.34,403.81,72.83,,,,USPF,IPF,1990-08-18,USA,TX,Galveston,Texas Cup,Yes
Veronika Miškolciová,F,D,Raw,15.0,13-15,14-18,Dorastenky,62.5,,,,,,,,,,,,-100.0,110.0,117.5,,117.5,117.5,2,126.99,126.96,112.11,,Yes,Slovakia,,SAFKST,IPF,2023-06-24,Slovakia,,Bánovce nad Bebravou,Biggie's Deadlift Cup,Yes
Oleksandr Daragan,M,B,Single-ply,51.5,50-54,50-59,Masters 2,100.2,105,,,,,,,,,,130.0,,,,,,130.0,1,79.95,79.05,75.5,41.29,Yes,,,UkrainePF,IPF,2016-02-14,Ukraine,,Kolomyia,Ukrainian Bench Press Championship,Yes
H. Stanton,F,SBD,Single-ply,,,,F-E-Open,60.0,60,,,,,97.5,,,,,40.0,,,,,115.0,252.5,3,279.91,281.51,248.73,46.9,Yes,,,BAWLA,IPF,1985-01-27,UK,,Kidderminster,West Midlands Women's Championships,Yes
Rasmus Gonge,M,SBD,Raw,21.5,20-23,19-23,Open,81.8,83,,,,,110.0,,,,,95.0,,,,,182.5,387.5,4,263.77,260.93,251.16,54.04,Yes,,,DSF,IPF,2013-05-18,Denmark,,Aalborg,AaSK Open Klassisk,Yes
John Brace,M,SBD,Single-ply,,,,Open,100.0,100,,,,,269.89,,,,,188.24,,,,,244.94,703.07,4,432.75,427.88,408.67,73.52,,,,USPF,IPF,1982-03-13,USA,WI,Eau Claire,Wisconsin State Championships,Yes
Dominique Mouchet,M,SBD,Single-ply,62.5,60-64,60-69,Masters 3,81.3,83,190.0,-202.5,-202.5,,190.0,95.0,100.0,105.0,,105.0,190.0,200.0,-202.5,,200.0,495.0,3,338.13,334.56,322.13,57.86,Yes,France,,EPF,IPF,2018-07-03,Czechia,,Pilsen,European Masters Championships,Yes
Riitta Kolehmainen,F,SBD,Single-ply,,,40-49,Over 40,67.5,67.5,,,,,125.0,,,,,67.5,,,,,152.5,345.0,1,356.18,352.11,310.61,59.98,Yes,,,SVNL,IPF,1994-04-23,Finland,,,Veteraanien M40 voimanoston SM-kisat,Yes
Hynek Janulík,M,SBD,Single-ply,25.5,24-34,24-39,Open,79.8,82.5,,,,,195.0,,,,,100.0,,,,,180.0,475.0,10,328.02,324.8,312.98,56.15,Yes,,,CSST,IPF,2005-02-12,Czechia,,Podivín,Mistrovství Jižní Moravy,Yes
F. Daniels,M,SBD,Single-ply,,,,Open,82.5,82.5,,,,,181.44,,,,,113.4,,,,,183.71,478.54,21,324.16,320.58,308.46,55.46,,,,USPF,IPF,1983-04-30,USA,IA,Ames,Iowa Women's State & Ames Class II Open,Yes
Marcus White,M,SBD,Single-ply,,,,M-JV,50.9,52,105.0,120.0,125.0,,125.0,67.5,-75.0,-75.0,,67.5,120.0,-135.0,-135.0,,120.0,312.5,2,305.5,313.66,309.28,51.35,Yes,,,USAPL,IPF,2006-03-31,USA,NE,Omaha,High School Nationals,Yes
Max Emil Bergvik,M,SBD,Raw,,20-23,19-23,Juniors 19-23,54.82,59,-120.0,120.0,-130.0,,120.0,70.0,-80.0,,,70.0,150.0,160.0,-165.0,,160.0,350.0,1,319.27,325.39,319.44,60.25,Yes,,,NSF,IPF,2024-02-24,Norway,,Mo i Rana,Rana KK Åpent Stevne,Yes
Anna Petrosyan,F,SBD,Single-ply,16.5,16-17,14-18,Open,44.2,47,,,,,37.5,,,,,35.0,,,,,65.0,137.5,5,188.73,193.02,173.04,31.61,Yes,,,FPR,IPF,2015-10-22,Russia,BRY,Suzemka,Bryansk Oblast Powerlifting Cup & Juniors Powerlifting Championships,Yes
Ville Luntinen,M,SBD,Raw,32.5,24-34,24-39,Open,95.85,105,205.0,215.0,225.0,,225.0,137.5,-147.5,147.5,,147.5,225.0,235.0,-252.5,,235.0,607.5,2,381.07,376.38,359.85,78.32,Yes,,,SVNL,IPF,2024-10-19,Finland,,Helsinki,Klassisen voimanoston 32. Helsingin Aluemestaruuskilpailu,Yes
Corey Wiggins,M,SBD,Raw,,20-23,19-23,M-C-Open,71.07,74,180.0,187.5,197.5,,197.5,110.0,-117.5,120.0,,120.0,150.0,,,,150.0,467.5,7,347.52,346.34,335.42,70.09,Yes,England,SW,EPA,IPF,2018-04-14,England,,,South West Open,Yes
Janelle Bowhay,F,SBD,Raw,25.0,24-34,24-39,Open,56.0,57,50.0,52.5,57.5,,57.5,40.0,42.5,45.0,,45.0,80.0,85.0,-90.0,,85.0,187.5,1,217.33,220.61,195.14,44.58,Yes,Hong Kong,,PA,IPF,2013-04-20,Australia,NSW,Sydney,Total Strength Elite Max II,Yes
Daniel Royer,M,B,Single-ply,,,60-69,Masters 3,97.85,105,,,,,,-95.0,-95.0,95.0,,95.0,,,,,,95.0,1,59.04,58.33,55.74,30.55,Yes,Canada,QC,CPU,IPF,2024-02-18,Canada,ON,Belleville,Central Canadian Championships,Yes
Amanda Weinkauf,F,SBD,Raw,43.5,40-44,40-49,FR-O,90.7,84+,70.0,80.0,90.0,,90.0,55.0,60.0,-65.0,,60.0,115.0,125.0,137.5,,137.5,287.5,2,255.44,247.63,215.08,52.81,Yes,USA,MN,USAPL,IPF,2020-10-31,USA,MN,,Monsters Bash,Yes
John Parr,M,SBD,Single-ply,,45-49,40-49,Open,125.0,125,,,,,288.03,,,,,167.83,,,,,276.69,732.55,1,415.18,417.44,399.48,69.73,,USA,,USPF,IPF,1982-03-06,USA,MI,Caseville,Caseville Open,Yes
Paulina Pawyza,F,SBD,Raw,15.5,16-17,14-18,Sub-Juniors,68.27,72,75.0,85.0,95.0,,95.0,50.0,-55.0,-55.0,,50.0,90.0,100.0,-110.0,,100.0,245.0,4,251.29,248.04,218.76,51.06,Yes,Poland,,EPF,IPF,2015-03-21,Czechia,,Pilsen,1st European Women's Classic Championships,Yes
Yoon-Saw Yang,M,SBD,Raw,20.5,20-23,19-23,Juniors,73.61,74,-217.5,-222.5,222.5,,222.5,110.0,115.0,117.5,,117.5,225.0,237.5,250.0,,250.0,590.0,1,428.43,425.99,411.94,86.86,Yes,Canada,AB,CPU,IPF,2024-06-09,Canada,AB,Calgary,Alberta Powerlifting Union Provincial Championships,Yes
Daniel Fröhlich,M,D,Single-ply,38.0,35-39,24-39,Open,131.8,125+,,,,,,,,,,,270.0,-285.0,,,270.0,270.0,3,150.56,152.34,145.4,,Yes,Germany,,BVDK,IPF,2010-12-03,Germany,,Klötze,Deutsche Meisterschaften im Kreuzheben,Yes
Lasse Moreau,M,SBD,Raw,52.5,50-54,50-59,Open,80.6,83,170.0,180.0,-185.0,,180.0,-100.0,105.0,-112.5,,105.0,180.0,200.0,-202.5,,200.0,485.0,12,332.97,329.56,317.44,68.14,Yes,Denmark,,DSF,IPF,2018-11-16,Denmark,,Tårnby,TSK Cup Klassisk,Yes
Natalya Shabusova,F,B,Single-ply,16.5,16-17,14-18,Sub-Juniors,56.75,57,,,,,,52.5,57.5,62.5,,62.5,,,,,,62.5,1,71.81,72.77,64.36,40.48,Yes,Russia,,FPR,IPF,2012-02-10,Russia,KYA,Krasnoyarsk,Krasnoyarsk Krai Juniors & Sub-Juniors Bench Press Championships,Yes
Kathrine Holmgaard Bak,F,B,Raw,43.0,40-44,40-49,Masters 1,64.6,69,,,,,,80.0,85.0,-90.0,,85.0,,,,,,85.0,3,90.05,89.58,79.08,69.97,Yes,Denmark,,IPF,IPF,2024-05-22,USA,TX,Austin,World Bench Press Championships,Yes
Stephanie Przybyla,F,SBD,Raw,30.5,24-34,24-39,FR-O,69.5,72,70.0,75.0,80.0,,80.0,42.5,47.5,-52.5,,47.5,90.0,100.0,112.5,,112.5,240.0,4,243.68,239.95,211.55,49.52,Yes,USA,CA,USAPL,IPF,2018-08-25,USA,CA,,Anchored Open,Yes
Lorne Caughlin,M,SBD,Raw,60.5,60-64,60-69,MR-M3a,94.7,105,-135.0,135.0,145.0,,145.0,102.5,105.0,-110.0,,105.0,145.0,155.0,162.5,,162.5,412.5,1,260.21,256.96,245.77,53.49,Yes,USA,LA,USAPL,IPF,2018-09-02,USA,LA,,Nola Invitational,Yes
Jaroslav Kozák,M,SBD,Single-ply,47.5,45-49,40-49,Open,55.4,56,,,,,135.0,,,,,75.0,,,,,150.0,360.0,1,325.31,331.21,324.95,55.1,Yes,Czechia,,CSST,IPF,1995-02-21,Czechia,,Jihlava,Mistrovstvi Jizni Mor Muzu,Yes
Konstan Yarkevich,M,SBD,Single-ply,17.5,18-19,14-18,Juniors,74.3,75,,,,,250.0,,,,,145.0,,,,,250.0,645.0,5,465.53,462.63,447.19,79.72,Yes,Belarus,,EPF,IPF,1998-05-18,Russia,VLA,Vladimir,European Juniors Powerlifting Championships,Yes
Steve Petrencak,M,B,Single-ply,54.0,50-54,50-59,Masters 2,58.94,59,,,,,,132.5,135.0,-142.5,,135.0,,,,,,135.0,2,115.64,117.04,114.41,66.61,Yes,USA,,IPF,IPF,2022-05-21,Kazakhstan,,Almaty,World Bench Press Championships,Yes
R. Mallorey,M,SBD,Single-ply,,,,Open,90.0,90,,,,,137.5,,,,,110.0,,,,,187.5,435.0,4,281.27,277.7,266.15,48.0,,,,USPF,IPF,1981-07-11,USA,OK,Norman,Boomer Classic,Yes
Shelley Sandiford,F,SBD,Raw,44.0,40-44,40-49,Masters 1,50.7,52,,,,,65.0,,,,,52.5,,,,,135.0,252.5,1,313.28,320.96,284.8,65.18,Yes,Canada,ON,CPU,IPF,2014-11-29,Canada,ON,Hamilton,OPA Classic Provincials,Yes
Matti Kangasmäki,M,SBD,Single-ply,60.5,60-64,60-69,Over 60,82.3,82.5,-180.0,-180.0,-180.0,,,,,,,,,,,,,,DQ,,,,,Yes,Finland,,SVNL,IPF,2010-03-26,Finland,,Leppävesi Laukaa,Veteraanien voimanoston SM-kisat,Yes
Ismaiel Abrahams,M,SBD,Raw,,,,MR-O,72.9,74,195.0,202.5,210.0,,210.0,95.0,102.5,107.5,,107.5,220.0,232.5,237.5,,237.5,555.0,5,405.59,403.53,390.38,82.12,Yes,England,,EPA,IPF,2022-05-28,England,,Manchester,All England,Yes
Evgeniy Naumov,M,B,Raw,,,,Open,90.0,93,,,,,,,,,,122.5,,,,,,122.5,2,79.21,78.2,74.95,59.07,Yes,Russia,,FPR,IPF,2012-04-28,Russia,CHE,Chelyabinsk,Chelyabinsk Universities Classic Bench Press Spartakiad,Yes
Donald Steele,M,SBD,Single-ply,,,60-69,M-M3a,75.0,75,,,,,82.55,,,,,64.86,,,,,119.75,267.17,1,191.67,190.37,183.95,32.82,Yes,USA,,USAPL,IPF,2002-09-14,USA,MI,,Hall of Fame PL Meet,Yes
Ekaterina Mavchun,F,B,Raw,20.5,20-23,19-23,Open,50.75,52,,,,,,35.0,37.5,40.0,,40.0,,,,,,40.0,1,49.59,50.81,45.08,39.16,Yes,,,FPR,IPF,2014-02-28,Russia,LEN,St. Petersburg,St. Petersburg Classic Bench Press Championships,Yes
Harry Lee,M,SBD,Raw,15.0,13-15,14-18,MR-Sj,50.6,53,70.0,75.0,-80.0,,75.0,35.0,37.5,42.5,,42.5,85.0,87.5,-90.0,,87.5,205.0,1,201.56,207.07,204.24,36.84,Yes,Isle of Man,,ManxPL,IPF,2023-09-02,Isle of Man,,Douglas,Powerlifting Championships,Yes
Michael Williams #9,M,SBD,Raw,31.5,24-34,24-39,MR-O,82.6,83,145.0,155.0,165.0,,165.0,105.0,112.5,-120.0,,112.5,225.0,237.5,252.5,,252.5,530.0,4,358.77,354.79,341.36,73.55,Yes,USA,,USAPL,IPF,2015-11-21,USA,MD,,Maryland State Championship,Yes
Dave Sheffield,M,SBD,Single-ply,,,,Open,75.0,75,,,,,224.53,,,,,120.2,,,,,231.33,576.06,5,413.28,410.48,396.62,70.78,,,,USPF,IPF,1982-10-09,USA,OH,North Canton,North Canton Fall Open,Yes
Laila Breaux,F,SBD,Single-ply,15.5,16-17,14-18,F-O,97.2,84+,107.5,112.5,-117.5,,112.5,50.0,55.0,-62.5,,55.0,87.5,97.5,107.5,,107.5,275.0,7,237.32,230.97,199.11,41.07,Yes,USA,LA,USAPL,IPF,2019-11-23,USA,LA,,Pelican State Open and Louisiana Collegiate Championships,Yes
Evie Bus,F,SBD,Raw,22.5,20-23,19-23,Juniors,81.65,84,-100.0,-105.0,105.0,,105.0,60.0,65.0,-67.5,,65.0,120.0,130.0,140.0,,140.0,310.0,2,289.17,280.52,245.71,59.21,Yes,Netherlands,,KNKF-SP,IPF,2018-10-13,Netherlands,ZH,Delft,Dutch Student Championships,Yes
Sigurd Farstad Iversen,M,B,Raw,18.5,18-19,19-23,Juniors 19-23,72.5,74,,,,,,105.0,-115.0,-115.0,,105.0,,,,,,105.0,1,77.01,76.65,74.17,56.61,Yes,,,NSF,IPF,2018-11-16,Norway,,Elnesvågen,Klubbstevne,Yes
Eduard Nekrasov,M,SBD,Raw,34.0,24-34,24-39,Open,81.9,83,,,,,160.0,,,,,110.0,,,,,240.0,510.0,3,346.91,343.16,330.3,71.08,Yes,Russia,,FPR,IPF,2016-04-24,Russia,MUR,Murmansk,Murmansk Oblast Classic Powerlifting Championships,Yes
Daniel Dørge,M,B,Single-ply,22.5,20-23,19-23,Juniors,92.65,93,,,,,,155.0,162.5,167.5,,167.5,,,,,,167.5,1,106.77,105.41,100.9,55.53,Yes,,,DSF,IPF,2016-04-30,Denmark,,Videbæk SS,Jørgen Krog Cup Bænkpres,Yes
Sue Dillard,F,D,Raw,57.0,55-59,50-59,FR-M2b,82.9,84,,,,,,,,,,,-120.0,-120.0,-120.0,,,,DQ,,,,,Yes,USA,VA,USAPL,IPF,2019-05-04,USA,VA,,Virginia Ladies of Iron and Virginia State Championships,Yes
Luisa Torrisi,F,D,Raw,35.5,35-39,24-39,Open,70.27,72,,,,,,,,,,,122.5,132.5,-142.5,,132.5,132.5,4,133.7,131.47,115.88,,Yes,Italy,,FIPL,IPF,2018-02-23,Italy,,Vaiano,18° Campionato Italiano di Stacco e 4° Campionato Classic Raw di Stacco,Yes
Dmitriy Likhachev,M,SBD,Single-ply,20.5,20-23,19-23,Open,89.95,93,,,,,270.0,,,,,185.0,,,,,265.0,720.0,1,465.68,459.77,440.66,79.47,Yes,Russia,,FPR,IPF,2017-10-27,Russia,PER,Perm,Perm Krai Powerlifting Championships,Yes
Tristan Young,M,B,Raw,,,,Under 16,90.0,90,,,,,,,,,,35.0,,,,,,35.0,8,22.63,22.34,21.41,16.88,Yes,Australia,VIC,PA,IPF,2002-01-01,Australia,,,Australian Schools Postal Bench Press,Yes
A. Lee,M,SBD,Single-ply,6.5,5-12,,Open,75.0,75,,,,,167.5,,,,,115.0,,,,,205.0,487.5,3,349.74,347.37,335.65,59.9,,,,USPF,IPF,1987-08-08,USA,CA,San Jose,Pacific Coast Open,Yes
Vyacheslav Ilyasov,M,B,Raw,33.5,24-34,24-39,Open,94.3,105,,,,,,80.0,-100.0,110.0,,110.0,,,,,,110.0,11,69.53,68.65,65.68,51.84,Yes,,,FPR,IPF,2019-11-04,Russia,NVS,Novosibirsk,Dynamo Classic Bench Press Championships,Yes
Jacopo Fantuzzi,M,SBD,Single-ply,23.5,24-34,24-39,Open,73.41,74,225.0,235.0,245.0,,245.0,165.0,170.0,-175.0,,170.0,205.0,215.0,225.0,,225.0,640.0,5,465.56,463.0,447.78,79.73,Yes,,,FIPL,IPF,2016-10-13,Italy,,Terni,XVI Coppa Italia,Yes
Phuoc Tho Nguyen Tran,M,SBD,Raw,,,,Open,90.92,93,200.0,212.5,222.5,,222.5,150.0,160.0,170.0,,170.0,200.0,217.5,232.5,,232.5,625.0,3,402.08,396.96,380.28,82.67,Yes,,,NSF,IPF,2021-08-21,Norway,,Lillestrøm,RM styrkeløft utstyrsfritt,Yes
Aiden Saggers,M,SBD,Raw,17.0,16-17,14-18,Sub-Juniors,73.8,75,85.0,90.0,-110.0,,90.0,85.0,95.0,-100.0,,95.0,110.0,130.0,-140.0,,130.0,315.0,2,228.35,227.02,219.51,46.31,Yes,,,NZPF,IPF,2010-11-20,New Zealand,WGN,Wellington,Bledisbro Open,Yes
Irina Verkholamova,F,SBD,Raw,33.5,24-34,24-39,Open,53.2,57,,,,,75.0,,,,,65.0,,,,,95.0,235.0,2,281.97,287.82,254.93,58.21,Yes,,,FPR,IPF,2015-10-16,Russia,KLU,Kaluga,Kaluga Oblast Classic Powerlifting Summer Spartakiad,Yes
Audi Claros,M,SBD,Raw,40.0,40-44,40-49,MR-M1a,65.1,66,157.5,-165.0,165.0,,165.0,107.5,115.0,120.0,,120.0,212.5,222.5,227.5,,227.5,512.5,1,405.7,407.02,395.76,80.47,Yes,USA,CA,USAPL,IPF,2019-06-29,USA,CA,,California State Championships,Yes
Pavel Ershov,M,SBD,Single-ply,26.5,24-34,24-39,Open,103.6,105,,,,,325.0,,,,,245.0,,,,,290.0,860.0,2,521.5,516.37,493.05,88.45,Yes,Russia,,FPR,IPF,2016-04-07,Russia,KYA,Krasnoyarsk,Centre of Asia,Yes
R. Wooden,M,SBD,Single-ply,,,,Open,52.0,52,,,,,75.0,,,,,55.0,,,,,105.0,235.0,2,225.08,230.6,227.1,37.91,Yes,,,CPU,IPF,1981-04-12,Canada,ON,London,Great Lakes Open,Yes
Nora Kristin Larsen,F,B,Raw,20.5,20-23,19-23,Juniors 19-23,83.56,84,,,,,,95.0,102.5,105.0,,105.0,,,,,,105.0,1,96.86,93.88,82.1,78.44,Yes,Norway,,NSF,IPF,2022-11-25,Norway,,Lillestrøm,NM benkpress utstyrsfritt,Yes
Csaba Huszár,M,B,Raw,17.5,18-19,14-18,Juniors,64.6,66,,,,,,-90.0,90.0,-95.0,,90.0,,,,,,90.0,5,71.66,71.94,69.98,51.65,Yes,,,Hunpower,IPF,2024-03-23,Hungary,,Budapest,TANÉVI FEKVENYOMÁS DIÁKOLIMPIA,Yes
Renz Yoriek Sibol,M,B,Raw,,,,Novice,48.6,53,,,,,,,,,,65.0,,,,,,65.0,3,66.52,68.61,67.82,43.75,Yes,,,PAP,IPF,2016-03-05,Philippines,,Imus,Bench Press Championships,Yes
Fredrik Larsson,M,B,Single-ply,,,,Open,91.25,93,,,,,,,,,,170.0,,,,,,170.0,2,109.17,107.78,103.23,56.87,Yes,,,SSF,IPF,2012-10-13,Sweden,,,DM BP Västra Götaland,Yes
Kenneth McCoy,M,SBD,Single-ply,,,,Open,90.0,90,,,,,222.26,,,,,124.74,,,,,240.4,587.4,4,379.81,374.99,359.39,64.82,,,,USPF,IPF,1980-05-10,USA,VA,Ronoake,Ronoake Valley Open,Yes
B. Lippincott,M,SBD,Single-ply,,,,Teen,67.5,67.5,,,,,157.5,,,,,110.0,,,,,202.5,470.0,2,362.25,362.38,351.76,61.96,,,,USPF,IPF,1982-03-20,USA,NY,Warwick,New York State Teenage-SubMasters-Masters Championships,Yes
Veronica Gidlund,F,SBD,Raw,,,,Open,81.84,84,,,,,127.5,,,,,70.0,,,,,167.5,365.0,9,340.09,329.88,288.9,69.65,Yes,,,SSF,IPF,2015-07-02,Sweden,,Sundsvall,SM-veckan - klassisk styrkelyft,Yes
Dan Ruer,M,SBD,Single-ply,,,,Master,90.0,90,,,,,172.37,,,,,129.27,,,,,192.78,494.42,1,319.69,315.63,302.5,54.56,Yes,,,USAPL,IPF,1997-04-05,USA,MN,Willmar,MDSA Minnesota State and Open,Yes
Milan Daalhuisen,M,SBD,Raw,21.5,20-23,19-23,Juniors,86.12,93,162.5,172.5,-185.0,,172.5,120.0,127.5,135.0,,135.0,185.0,200.0,,,200.0,507.5,8,335.74,331.66,318.5,68.96,Yes,Netherlands,,KNKF-SP,IPF,2021-07-17,Netherlands,,Weert,Subjunioren & Junioren NK Powerliften Classic,Yes
Lottie Hall #1,F,SBD,Single-ply,36.0,35-39,24-39,F-G,69.0,69,150.0,157.5,162.5,,162.5,67.5,70.0,72.5,,72.5,130.0,140.0,-150.0,,140.0,375.0,G,382.31,376.82,332.26,64.46,Yes,England,,EPA,IPF,2024-01-14,England,NW,Liverpool,North West Team Comp,Yes
Konstantin Anikushkin,M,SBD,Raw,19.5,20-23,19-23,Open,73.85,74,,,,,175.0,,,,,122.5,,,,,212.5,510.0,3,369.55,367.38,355.21,74.95,Yes,Russia,,FPR,IPF,2021-04-22,Russia,KYA,Krasnoyarsk,Krasnoyarsk Krai Powerlifting Championships,Yes
Ali Aliakbar,M,B,Single-ply,28.5,24-34,24-39,Open,148.5,125+,,,,,,-310.0,-310.0,-310.0,,,,,,,,,DQ,,,,,Yes,Iran,,IPF,IPF,2005-01-12,Sweden,,Stockholm,World Open Bench Press Championships,Yes
Frank Schulze,M,B,Single-ply,49.5,45-49,50-59,Masters 2,96.7,105,,,,,,175.0,182.5,190.0,,190.0,,,,,,190.0,1,118.7,117.26,112.08,61.48,Yes,Germany,,BVDK,IPF,2011-06-18,Germany,ST,Oranienbaum,Sachsen-Anhalt-Meisterschaften im Bankdrücken,Yes
Hunter Soileau #1,F,SBD,Single-ply,18.5,18-19,19-23,F-O,83.6,84,167.5,177.5,187.5,,187.5,85.0,95.0,107.5,,107.5,132.5,142.5,-147.5,,142.5,437.5,1,403.48,391.07,342.01,68.93,Yes,USA,LA,USAPL,IPF,2017-11-18,USA,LA,,Abbeville Open and Collegiate Championships,Yes
Adriano Silva Revilla,M,SBD,Raw,,20-23,19-23,Juniors,116.61,120,225.0,235.0,240.0,,240.0,142.5,152.5,-160.0,,152.5,262.5,272.5,-277.5,,272.5,665.0,1,385.65,385.0,368.7,78.28,Yes,Canada,ON,CPU,IPF,2023-03-11,Canada,ON,Ancaster,Western Strength Collegiate Classic,Yes
Pteticha Jr,M,SBD,Single-ply,,50-54,50-59,Masters 50-54,110.0,110,,,,,292.5,,,,,172.5,,,,,282.5,747.5,1,442.72,439.9,420.43,74.85,,,,USPF,IPF,1993-05-14,USA,TX,Irving,Masters Nationals,Yes
Viktor Samúelsson,M,SBD,Raw,28.5,24-34,24-39,Open,104.5,105,272.5,282.5,-292.5,,282.5,185.0,195.0,-200.0,,195.0,300.0,315.0,-330.0,,315.0,792.5,12,478.88,474.36,452.95,98.06,Yes,Iceland,,IPF,IPF,2022-06-06,South Africa,,Sun City,World Classic Powerlifting Championships,Yes
Nasser Al Tamimi Saleh,M,SBD,Single-ply,21.5,20-23,19-23,Juniors,69.9,75,185.0,-202.5,202.5,,202.5,-100.0,-100.0,100.0,,100.0,-200.0,-210.0,-210.0,,,,DQ,,,,,Yes,Oman,,AsianPF,IPF,2007-05-02,Taiwan,,Kaohsiung,Asian Powerlifting Championships,Yes
Dmitriy Basov,M,SBD,Raw,28.5,24-34,24-39,Open,73.55,74,,,,,200.0,,,,,107.5,,,,,260.0,567.5,1,412.31,409.99,396.48,83.58,Yes,Russia,,FPR,IPF,2016-11-10,Russia,LEN,St. Petersburg,St. Petersburg Classic Powerlifting Cup,Yes
Sigve Valentinsen,M,B,Single-ply,53.5,50-54,50-59,Masters 50-59,86.89,93,,,,,,220.0,-227.5,227.5,,227.5,,,,,,227.5,1,149.8,147.95,142.02,78.48,Yes,Norway,,NSF,IPF,2014-03-22,Norway,,Bergen,NM Benkpress,Yes
Yevgen Kuksin,M,SBD,Single-ply,42.5,40-44,40-49,Masters 1,83.3,90,170.0,177.5,182.5,,182.5,120.0,125.0,-127.5,,125.0,210.0,217.5,225.0,,225.0,532.5,1,358.76,354.69,341.13,61.36,Yes,,,UkrainePF,IPF,1993-04-21,Ukraine,,Makeyevka,Ukrainian Masters Powerlifting Championships,Yes
Darya Gudkova,F,SBD,Single-ply,17.5,18-19,14-18,Open,56.2,57,,,,,125.0,,,,,70.0,,,,,137.5,332.5,5,384.5,390.13,345.06,64.31,Yes,,,FPR,IPF,2015-11-26,Russia,MOW,Moscow,Moscow Powerlifting Championships,Yes
Nick Hammer,M,SBD,Raw,41.5,40-44,40-49,MR-M1,113.0,120,220.0,245.0,257.5,,257.5,165.0,175.0,182.5,,182.5,270.0,287.5,295.0,,295.0,735.0,1,431.01,429.13,410.51,87.75,Yes,USA,NC,USAPL,IPF,2020-09-26,USA,SC,,Palmetto Classic,Yes
Dale Campbell,M,SBD,Single-ply,,,,Open,125.0,125,,,,,200.0,,,,,170.0,,,,,230.0,600.0,1,340.05,341.91,327.2,57.11,,Australia,,AusPF,IPF,1993-06-10,Australia,NT,Katherine,Open/Novice Competition,Yes
Amer Prasovic,M,SBD,Raw,19.0,18-19,19-23,Open,84.3,93,152.5,162.5,170.0,,170.0,117.5,122.5,127.5,,127.5,210.0,222.5,230.0,,230.0,527.5,9,353.04,348.92,335.4,72.45,Yes,,,KDKS,IPF,2023-07-08,Switzerland,,Fällanden,ORS Cup,Yes
Aleksey Golubev,M,SBD,Raw,29.5,24-34,24-39,Open,92.4,93,,,,,205.0,,,,,170.0,,,,,240.0,615.0,2,392.52,387.53,371.0,80.71,Yes,Russia,,FPR,IPF,2011-11-11,Russia,LEN,St. Petersburg,St. Petersburg Classic Powerlifting Championships,Yes
Keyla Sarai Quintanar Cano,F,B,Raw,,,,Open,56.5,57,,,,,,50.0,57.5,-60.0,,57.5,,,,,,57.5,1,66.26,67.18,59.42,51.46,Yes,,,FEMEPO,IPF,2022-07-23,Mexico,NL,San Pedro,Campeonato Estatal de Powerlifting y Bench Press de Nuevo Leon,Yes
Brayden Hendley,M,SBD,Raw,19.5,20-23,19-23,MR-C,92.6,93,145.0,155.0,-165.0,,155.0,107.5,112.5,-115.0,,112.5,175.0,187.5,-200.0,,187.5,455.0,13,290.1,286.41,274.17,59.65,Yes,USA,TX,USAPL,IPF,2017-12-02,USA,TX,,Texas Open & Collegiate Cup,Yes
Nikolay Sokolov #1,M,SBD,Single-ply,39.0,35-39,24-39,Open,73.15,74,,,,,295.0,,,,,200.0,,,,,255.0,750.0,1,546.85,543.96,526.16,93.65,Yes,Russia,,FPR,IPF,2018-12-20,Russia,MOW,Moscow,Moscow City Powerlifting Championships,Yes
Bill Kaminsky,M,B,Raw,24.5,24-34,24-39,Open,100.0,100,,,,,,,,,,181.44,,,,,,181.44,3,111.68,110.42,105.47,83.12,,USA,,USPF,IPF,1981-09-05,USA,PA,Ambridge,Western Pennsylvania Bench Press,Yes
Enkhjargal Damdin,M,SBD,Single-ply,51.5,50-54,50-59,Masters 2,91.9,93,245.0,257.5,-262.5,,257.5,175.0,-185.0,185.0,,185.0,220.0,-230.0,-230.0,,220.0,662.5,4,423.96,418.56,400.8,72.3,Yes,Mongolia,,IPF,IPF,2018-10-02,Mongolia,,Ulaanbaatar,World Masters Powerlifting Championships,Yes
Lee Christie,M,B,Raw,,,40-49,M-C-M1,110.1,120,,,,,,135.0,140.0,-145.0,,140.0,,,,,,140.0,2,82.89,82.37,78.72,61.34,Yes,,,ScottishPL,IPF,2014-04-13,Scotland,,,Bench Press Championship,Yes
Erland Tjelle,M,B,Single-ply,22.5,20-23,19-23,Juniors,94.6,100,,,,,,,,,,190.0,,,,,,190.0,1,119.91,118.41,113.26,62.23,Yes,,,DSF,IPF,2010-01-29,Denmark,,Rødovre,ER Open Bænkpres,Yes
Andrey Tarasenko,M,SBD,Single-ply,22.5,20-23,19-23,Open,82.3,82.5,,,,,295.0,,,,,200.0,,,,,295.0,790.0,1,535.88,530.0,510.02,91.68,Yes,,,FPR,IPF,1998-01-17,Russia,KYA,Bogotol,Siberian Powerlifting Championships,Yes
Igor Golikov,M,SBD,Raw,40.5,40-44,40-49,Open,107.15,120,,,,,190.0,,,,,157.5,,,,,240.0,587.5,2,351.48,348.64,333.01,71.86,Yes,Russia,,FPR,IPF,2021-12-18,Russia,VOR,Voronezh,Voronezh Oblast Cup,Yes
Norbert Pongor,M,SBD,Raw,23.5,24-34,24-39,Team,95.9,105,,,,,210.0,,,,,140.0,,,,,240.0,590.0,5,370.0,365.45,349.4,76.04,Yes,,,Hunpower,IPF,2025-04-06,Hungary,,Budapest,Powerlifting Team Championships,Yes
Sergey Mor,M,SBD,Single-ply,30.5,24-34,24-39,Open,82.35,82.5,310.0,-320.0,320.0,,320.0,215.0,-222.5,222.5,,222.5,310.0,317.5,325.0,,325.0,867.5,1,588.24,581.78,559.83,100.64,Yes,Russia,,FPR,IPF,2000-09-27,Russia,KDA,Sochi,Russian Powerlifting Cup,Yes
Evgeniy Padalkin,M,B,Single-ply,33.5,24-34,24-39,Open,77.45,83,,,,,,170.0,180.0,185.0,,185.0,,,,,,185.0,1,130.08,128.97,124.45,69.37,Yes,,,FPR,IPF,2013-05-10,Russia,IRK,Irkutsk,Irkutsk Victory Cup,Yes
Bastian Grüner,M,SBD,Single-ply,32.0,24-34,24-39,Open,121.15,120+,265.0,280.0,-295.0,,280.0,195.0,-205.0,-205.0,,195.0,250.0,265.0,-275.0,,265.0,740.0,1,423.65,424.52,406.8,71.26,Yes,Germany,,BVDK,IPF,2019-01-19,Germany,,Bautzen-Fellbach-Potsdam-Unterölsbach,1. Wettkampftag Bundesliga Kraftdreikampf,Yes
David Charnock,M,SBD,Raw,56.0,55-59,50-59,MR-M2,104.8,105,192.5,205.0,210.0,,210.0,120.0,127.5,-135.0,,127.5,210.0,230.0,-240.0,,230.0,567.5,3,342.52,339.34,324.03,70.13,Yes,England,NW,BP,IPF,2021-07-24,England,,Moulton,British Classic Masters Powerlifting Championships,Yes
Kyohei Yokoyama,M,SBD,Single-ply,24.0,24-34,24-39,Open,114.2,120,270.0,-280.0,290.0,,290.0,240.0,-250.0,250.0,,250.0,230.0,250.0,-270.0,,250.0,790.0,3,461.51,459.9,440.11,77.87,Yes,Japan,,JPA,IPF,2018-06-16,Japan,,Tsukuba,Japanese Powerlifting Championships,Yes
M. Bijdevier,M,SBD,Single-ply,,,,Open,125.7,125+,190.0,-200.0,,,190.0,170.0,175.0,-180.0,,175.0,220.0,230.0,-237.5,,230.0,595.0,2,336.63,338.68,323.93,56.52,Yes,Netherlands,,NPB,IPF,2004-09-19,Netherlands,NH,Alkmaar,North Dutch B-Class Powerlifting Championships,Yes
Julia Kandler,F,B,Raw,26.0,24-34,24-39,Open,69.8,76,,,,,,-70.0,72.5,-77.5,,72.5,,,,,,72.5,1,73.43,72.27,63.71,57.52,Yes,,,OEVK,IPF,2022-09-25,Austria,,,Wiener Landesmeisterschaft Bankdrücken Classic,Yes
Ágoston Flekács,M,SBD,Single-ply,17.5,18-19,14-18,Sub-Juniors,92.3,93,190.0,212.5,225.0,,225.0,135.0,142.5,147.5,,147.5,225.0,240.0,-252.5,,240.0,612.5,6,391.13,386.16,369.7,66.69,Yes,Hungary,,IPF,IPF,2014-09-01,Hungary,,Oroshaza,World Sub-Juniors & Juniors Powerlifting Championships,Yes
Tarryn Valle,F,SBD,Raw,46.0,45-49,40-49,Masters 1,51.3,52,85.0,90.0,-92.5,,90.0,50.0,55.0,-57.5,,55.0,132.5,140.0,-142.5,,140.0,285.0,3,350.69,359.02,318.41,72.81,Yes,South Africa,,CommonwealthPF,IPF,2024-10-04,South Africa,,Sun City,Commonwealth Championships,Yes
Joseph Diva,M,SBD,Raw,31.0,24-34,24-39,Open,65.5,66,195.0,205.0,-210.0,,205.0,145.0,150.0,155.0,,155.0,237.5,250.0,260.0,,260.0,620.0,13,488.54,489.89,476.2,97.04,Yes,England,,IPF,IPF,2024-06-15,Lithuania,,Druskininkai,World Classic Powerlifting Championships,Yes
Vitalij Bondarenko,M,B,Single-ply,42.0,40-44,40-49,Masters 1,102.2,105,,,,,,210.0,220.0,-230.0,,220.0,,,,,,220.0,1,134.16,132.76,126.77,69.19,Yes,,,BVDK,IPF,2016-05-21,Germany,NRW,Essen,Bezirksmeisterschaft Bankdrücken Westfalen,Yes
John Noguera,M,B,Raw,62.5,60-64,60-69,Masters 3,91.71,93,,,,,,112.5,117.5,-122.5,,117.5,,,,,,117.5,3,75.27,74.31,71.16,56.13,Yes,Canada,,CommonwealthPF,IPF,2019-09-15,Canada,,St Johns,Commonwealth Championships,Yes
Jerry Marentette,M,SBD,Raw,60.5,60-64,60-69,Masters 3,82.24,83,182.5,192.5,196.5,,196.5,117.5,122.5,125.0,,125.0,225.0,232.5,237.5,,237.5,559.0,1,379.34,375.19,361.06,77.74,Yes,Canada,,IPF,IPF,2017-06-14,Belarus,,Minsk,World Classic Powerlifting Championships,Yes
Aleksandr Korolkov,M,SBD,Single-ply,20.5,20-23,19-23,Open,65.3,66,,,,,,,,,,,,,,,,,DQ,,,,,Yes,Belarus,,BelPF,IPF,2014-10-14,Belarus,,Minsk,Belarus' Powerlifting Cup,Yes
Alex Thübeck,M,SBD,Raw,22.5,20-23,19-23,Juniors,118.4,120,,,,,272.5,,,,,192.5,,,,,285.0,750.0,3,432.68,432.57,414.43,87.7,Yes,Sweden,,SSF,IPF,2023-04-20,Sweden,,,SM U & J Klassisk Styrkelyft,Yes
Melissa Stone #1,F,SBD,Raw,,,,Open,68.6,72,,,,,115.0,,,,,65.0,,,,,160.0,340.0,1,347.77,343.05,302.52,70.67,Yes,Canada,NS,CPU,IPF,2015-05-23,Canada,NS,Lower Sackville,Nova Scotia Provincial Championship,Yes
Ali Hamdan,M,SBD,Raw,18.5,18-19,19-23,Juniors,92.79,93,240.0,-250.0,,,240.0,155.0,162.5,-170.0,,162.5,-265.0,-265.0,-265.0,,,,DQ,,,,,Yes,Norway,,IPF,IPF,2018-06-06,Canada,,Calgary,World Classic Powerlifting Championships,Yes
Bryce Krawczyk,M,SBD,Raw,35.0,35-39,24-39,Open,117.85,120,292.5,312.5,320.0,,320.0,187.5,200.0,205.0,,205.0,335.0,352.5,-375.0,,352.5,877.5,3,507.03,506.68,485.38,102.82,Yes,Canada,,NAPF,IPF,2023-08-08,Cayman Islands,,,North American Regional Powerlifting Championships,Yes
Kristoffer Skadsem Eikeland,M,B,Single-ply,,,,Open,104.7,105,,,,,,-290.0,290.0,-307.5,,290.0,,,,,,290.0,2,175.1,173.47,165.64,90.17,Yes,Norway,,NSF,IPF,2019-03-23,Norway,,Fredrikstad,NM benkpress utstyr,Yes
Brittany Danda,F,SBD,Raw,17.5,18-19,14-18,FR-T,61.4,67.5,97.5,105.0,-112.5,,105.0,55.0,57.5,60.0,,60.0,120.0,130.0,-142.5,,130.0,295.0,2,322.33,323.09,285.39,65.64,Yes,USA,WI,USAPL,IPF,2016-07-23,USA,WI,,WHSPA Raw State Championship,Yes
Suzanne Richards,F,SBD,Raw,44.0,40-44,40-49,F-C-M1,51.1,52,77.5,80.0,82.5,,82.5,52.5,-55.0,-55.0,,52.5,120.0,-122.5,-122.5,,120.0,255.0,3,314.64,322.19,285.8,65.37,Yes,England,,BP,IPF,2017-03-11,UK,,,British Masters Classic,Yes
Laura Loper,F,B,Single-ply,,,,Open,,,,,,,,,,,,45.36,,,,,,45.36,10,,,,,,,,USPF,IPF,1985-03-02,USA,IL,Evanston,Miller Bench Press Championships,Yes
Raimo Aulis Sipiläinen,M,B,Single-ply,52.5,50-54,50-59,Masters 2,129.0,125+,,,,,,-197.5,-197.5,197.5,,197.5,,,,,,197.5,2,110.85,111.86,106.91,56.76,Yes,Finland,,EPF,IPF,2002-08-15,Czechia,,Nymburk,European Masters Bench Press Championships,Yes
Scott Boyer,M,SBD,Raw,27.5,24-34,24-39,MR-O,72.3,74,150.0,160.0,165.0,,165.0,95.0,100.0,105.0,,105.0,190.0,200.0,205.0,,205.0,475.0,1,349.04,347.45,336.24,70.58,Yes,USA,PA,USAPL,IPF,2017-04-23,USA,PA,,Pittsburgh Raw Open,Yes
Alexander Lazarev,M,SBD,Single-ply,21.5,20-23,19-23,Juniors,85.6,90,,,,,270.0,,,,,180.0,,,,,270.0,720.0,8,477.88,472.13,453.51,81.68,Yes,Ukraine,,IPF,IPF,1997-09-12,Slovakia,,Bratislava,World Juniors Powerlifting Championships,Yes
Karoline Tanche-Larsen,F,B,Raw,22.5,20-23,19-23,Open,83.48,84,,,,,,92.5,97.5,-100.0,,97.5,,,,,,97.5,1,89.98,87.22,76.28,72.85,Yes,Norway,,NSF,IPF,2018-12-01,Norway,,Bergen,NM benkpress utstyrsfritt,Yes
Sam Harrison #1,M,SBD,Single-ply,,,,M-E-Open,109.9,110,,,,,340.0,,,,,240.0,,,,,285.0,865.0,1,512.49,509.19,486.64,86.65,Yes,England,,BAWLA,IPF,2008-10-25,England,,London,Greater London Powerlifting Championships,Yes
Oleksandr Dolynchuk,M,SBD,Single-ply,17.5,18-19,14-18,Sub-Juniors,55.45,56,100.0,-110.0,-110.0,,100.0,70.0,-75.0,-75.0,,70.0,110.0,-120.0,-120.0,,110.0,280.0,5,252.81,257.38,252.5,42.82,Yes,,,UkrainePF,IPF,1991-01-18,Ukraine,,Gorlovka,Ukrainian Sub-Juniors Powerlifting Championships,Yes
Marte Braar Wæge,F,SBD,Raw,,20-23,19-23,Juniors 19-23,79.05,84,102.5,110.0,115.0,,115.0,47.5,52.5,,,52.5,130.0,137.5,145.0,,145.0,312.5,1,296.22,287.87,252.62,60.52,Yes,,,NSF,IPF,2022-10-21,Norway,,Sande,Klubbstevne,Yes
Lucas Steeneke,M,SBD,Raw,19.5,20-23,19-23,Open,99.8,105,195.0,207.5,217.5,,217.5,135.0,142.5,-147.5,,142.5,-245.0,245.0,255.0,,255.0,615.0,3,378.87,374.58,357.78,77.77,Yes,Netherlands,,KNKF-SP,IPF,2023-01-28,Netherlands,,Nijmegen,Atlas NK Qualifier,Yes
Artur Amirov,M,SBD,Single-ply,17.5,18-19,14-18,Open,63.75,67.5,,,,,165.0,,,,,95.0,,,,,200.0,460.0,2,369.99,371.85,361.94,63.18,Yes,Russia,,FPR,IPF,2001-05-20,Russia,YAN,Noyabrsk,Noyabrsk Powerlifting Championships,Yes
David Larsson,M,SBD,Single-ply,,,,Open,99.7,100,,,,,310.0,,,,,200.0,,,,,270.0,780.0,4,480.73,475.27,453.96,81.69,Yes,,,SSF,IPF,2009-02-28,Sweden,,,SM Styrkelyft,Yes
Martin Veselý,M,B,Raw,32.5,24-34,24-39,Open,118.5,120,,,,,,180.0,190.0,,,190.0,,,,,,190.0,3,109.58,109.56,104.97,80.59,Yes,Czechia,,CSST,IPF,2022-11-13,Czechia,,Rakovník,Otevřené mistrovství České republiky mužů a žen v klasickém benčpresu,Yes
Karel Schoř,M,SBD,Single-ply,41.5,40-44,40-49,Masters 1,82.8,90,,,,,190.0,,,,,130.0,,,,,215.0,535.0,5,361.66,357.62,344.05,61.87,Yes,Czechia,,CSST,IPF,1997-09-13,Czechia,,Pacov,Mistrovství ČR Masters,Yes
Andrew Lulham,M,SBD,Single-ply,30.5,24-34,24-39,Open,74.8,75,210.0,220.0,-225.0,,220.0,140.0,-145.0,-145.0,,140.0,222.5,232.5,-237.5,,232.5,592.5,2,425.8,422.98,408.75,72.92,Yes,Australia,QLD,PA,IPF,2005-04-23,Australia,QLD,,Australian Juniors & Masters and QLD State Championships,Yes
Morgan Armour,F,SBD,Raw,,,,Open,93.7,84+,-145.0,155.0,162.5,,162.5,80.0,87.5,-92.5,,87.5,132.5,142.5,-150.0,,142.5,392.5,1,343.89,333.85,289.0,71.34,Yes,Canada,NB,CPU,IPF,2019-11-16,Canada,NB,Moncton,Hub City Open,Yes
Jack Brennan #3,M,SBD,Raw,19.0,18-19,19-23,M-O,80.4,83,150.0,160.0,-167.5,,160.0,80.0,87.5,-90.0,,87.5,170.0,182.5,185.0,,185.0,432.5,16,297.36,294.34,283.55,60.84,Yes,Ireland,,IrishPF,IPF,2021-09-23,Ireland,,,Junior & Master Nationals,Yes
Mariya Chibisova,F,B,Single-ply,18.5,18-19,19-23,Open,57.0,57,,,,,,,,,,52.5,,,,,,52.5,1,60.15,60.92,53.87,33.89,Yes,,,FPR,IPF,2014-02-07,Russia,KLU,Zhukov,Kaluga Oblast Bench Press Championships,Yes
Irina Tyro,F,SBD,Single-ply,20.5,20-23,19-23,Open,71.1,72,,,,,-150.0,,,,,,,,,,,,DQ,,,,,Yes,,,FPR,IPF,2015-12-04,Russia,KHA,Khabarovsk,Far Eastern Powerlifting Championships,Yes
Yuriy Gurevich,M,SBD,Raw,60.5,60-64,60-69,Masters 3,81.1,82.5,,,,,177.5,,,,,105.0,,,,,195.0,477.5,1,326.64,323.22,311.25,66.88,Yes,Russia,,FPR,IPF,2010-11-28,Russia,LEN,St. Petersburg,St. Petersburg Classic Powerlifting Championships,Yes
Petr Hrubý,M,SBD,Single-ply,44.5,40-44,40-49,Open,66.9,67.5,,,,,195.0,,,,,130.0,,,,,200.0,525.0,2,407.27,407.7,395.91,69.65,Yes,Czechia,,CSST,IPF,1997-03-16,Czechia,,Jablonec N. N.,Mistrovstvi Čech Žen,Yes
Jayson Plouffe,M,SBD,Raw,,,,Sub-Juniors,73.3,74,-167.5,175.0,185.0,,185.0,95.0,-100.0,100.0,,100.0,182.5,200.0,220.0,,220.0,505.0,2,367.72,365.73,353.73,74.51,Yes,Canada,QC,CPU,IPF,2025-05-03,Canada,QC,Montreal,Beefy Classic,Yes
Mario Pacione,M,SBD,Raw,28.0,24-34,24-39,MR-O,148.0,125+,,,,,225.0,,,,,227.5,,,,,295.0,747.5,1,403.43,414.37,392.19,79.74,Yes,,,USAPL,IPF,2009-07-18,USA,CA,San Diego,California State Games,Yes
Antonio Eddie Agapito,M,SBD,Single-ply,31.5,24-34,24-39,Open,72.9,75,,,,,140.0,,,,,147.5,,,,,170.0,457.5,9,334.34,332.64,321.8,57.25,Yes,,,AsianPF,IPF,1997-10-31,Taiwan,,Chanhua,Asian Powerlifting Championships,Yes
Morgan Cahill,F,SBD,Raw,,20-23,19-23,Juniors,83.0,84,,,,,135.0,,,,,70.0,,,,,135.0,340.0,1,314.65,305.04,266.9,64.51,Yes,Canada,AB,CPU,IPF,2016-03-12,Canada,AB,Calgary,United Barbell Open,Yes
Christoph Würflinger,M,B,Raw,35.0,35-39,24-39,Open,162.0,120+,,,,,,190.0,200.0,-207.5,,200.0,,,,,,200.0,1,105.39,109.44,102.56,75.19,Yes,Austria,,OEVK,IPF,2023-10-07,Austria,,,Salzburger Landesmeisterschaft Bank Classic,Yes
František Hromas,M,SBD,Single-ply,66.5,65-69,60-69,Masters 3,101.4,105,100.0,115.0,-122.5,,115.0,-110.0,115.0,120.0,,120.0,110.0,120.0,135.0,,135.0,370.0,9,226.39,223.95,213.86,38.44,Yes,Czechia,,IPF,IPF,2014-09-21,Czechia,,Pilsen,World Masters Powerlifting Championships,Yes
Gaby Lesting,F,SBD,Single-ply,44.5,40-44,40-49,F-E-M1,57.8,60,,,,,115.0,,,,,72.5,,,,,135.0,322.5,1,366.15,370.17,327.24,61.28,Yes,UK,,BAWLA,IPF,2004-11-28,UK,,Dover,South East Counties Championships,Yes
Russell Rolle,M,SBD,Single-ply,26.5,24-34,24-39,Novice,82.5,82.5,,,,,217.72,,,,,124.74,,,,,247.21,589.67,1,399.44,395.02,380.09,68.33,,,,USPF,IPF,1984-08-18,USA,NJ,Glassboro,South Jersey Open,Yes
Willibald Gottschalk,M,B,Single-ply,53.0,50-54,50-59,Masters 2,72.95,74,,,,,,100.0,-135.0,-135.0,,100.0,,,,,,100.0,2,73.05,72.67,70.3,39.43,Yes,,,BVDK,IPF,2019-04-13,Germany,BY,Unterölsbach,25. Oberölsbacher Champion-Cup,Yes
Tamana Barakzai,F,SBD,Raw,,,,Open,59.17,63,110.0,115.0,-120.0,,115.0,55.0,-57.5,60.0,,60.0,110.0,117.5,122.5,,122.5,297.5,5,332.72,335.29,296.3,67.91,Yes,Canada,ON,CPU,IPF,2023-07-01,Canada,ON,Vaughan,Classic AF,Yes
Roman Korbakov,M,SBD,Single-ply,34.5,24-34,24-39,Open,105.5,110,,,,,285.0,,,,,150.0,,,,,230.0,665.0,7,400.29,396.72,378.84,67.83,Yes,,,FPR,IPF,2010-12-09,Russia,VGG,Kamyshin,Svetlana Stepanova Memorial Tournament,Yes
Jimbo Parker,M,SBD,Single-ply,,,,Class I,75.0,75,,,,,217.72,,,,,133.81,,,,,240.4,591.94,2,424.67,421.79,407.55,72.73,,,,USPF,IPF,1982-04-24,USA,AL,Dothan,Deep South Class I Championships,Yes
B. van Lier,M,SBD,Single-ply,,,,Open,99.8,100,,,,,285.0,,,,,165.0,,,,,285.0,735.0,5,452.8,447.67,427.59,76.94,Yes,,,NPB,IPF,1985-04-06,Netherlands,,Den Haag,Dutch Powerlifting Championships,Yes
Vladimir Lukyanenko,M,SBD,Single-ply,46.5,45-49,40-49,Open,72.1,75,,,,,200.0,,,,,132.5,,,,,190.0,522.5,10,384.65,382.97,370.67,65.86,Yes,Russia,,FPR,IPF,2003-01-18,Russia,LEN,St. Petersburg,St. Petersburg Powerlifting Championships,Yes
C. Richardson,M,SBD,Single-ply,,,,Open,90.0,90,,,,,181.44,,,,,138.35,,,,,197.31,517.1,15,334.36,330.11,316.38,57.06,,,,USPF,IPF,1981-12-12,USA,MA,Whitman,Eastern States Novice,Yes
Tímea Aklan,F,SBD,Raw,28.5,24-34,24-39,Open,68.85,72,,,,,122.5,,,,,57.5,,,,,150.0,330.0,4,336.85,332.1,292.85,68.45,Yes,,,Hunpower,IPF,2018-04-27,Hungary,,Kisbér,Hungarian National Raw Championships,Yes
Gustavo Fernández,M,SBD,Raw,22.5,20-23,19-23,Juniors,63.3,66,120.0,130.0,135.0,,135.0,80.0,85.0,90.0,,90.0,160.0,172.5,-180.0,,172.5,397.5,4,321.47,323.29,314.79,63.35,Yes,,,FALPO,IPF,2021-11-20,Argentina,BA,Buenos Aires,Campeonato Nacional de Powerlifting,Yes
Andreas Vogl,M,B,Single-ply,30.5,24-34,24-39,Open,110.0,110,,,,,,,,,,152.5,,,,,,152.5,6,90.32,89.75,85.77,46.39,Yes,,,BVDG,IPF,1998-10-01,Germany,BY,Amberg,Bayerische Meisterschaften im Bankdrücken,Yes
Aleksey Kuznetsov,M,SBD,Raw,23.5,24-34,24-39,Open,71.2,74,,,,,190.0,,,,,120.0,,,,,250.0,560.0,9,415.77,414.3,401.2,83.88,Yes,Russia,,FPR,IPF,2018-12-06,Russia,KHA,Khabarovsk,Far Eastern Classic Powerlifting Championships,Yes
Jonnie Candito,M,SBD,Raw,21.5,20-23,19-23,MR-O,82.1,83,237.5,245.0,-250.0,,245.0,132.5,140.0,-145.0,,140.0,257.5,-265.0,-265.0,,257.5,642.5,12,436.43,431.67,415.45,89.43,Yes,USA,,USAPL,IPF,2014-07-17,USA,CO,,Raw Nationals,Yes
Myrna Jacobs,F,B,Raw,,,,Open,,,,,,,,,,,,68.04,,,,,,68.04,4,,,,,,,,USPF,IPF,1985-06-08,USA,NY,Pelham Manor,Metrofit Athletic Club BP Meet,Yes
Valentin Zimin,M,B,Raw,24.5,24-34,24-39,Open,74.0,74,,,,,,165.0,172.5,-177.5,,172.5,,,,,,172.5,1,124.83,124.08,119.96,91.99,Yes,,,FPR,IPF,2014-02-13,Russia,CU,Cheboksary,Volga Bench Press Championships,Yes
Evelin Aulik,F,B,Raw,35.5,35-39,24-39,Open,70.6,72,,,,,,50.0,-57.5,-62.5,,50.0,,,,,,50.0,5,50.32,49.45,43.58,39.48,Yes,,,EJTL,IPF,2018-11-17,Estonia,,Kunda,EMV klassikalises lamades surumises,Yes
Kim Are Jacobsen,M,SBD,Single-ply,,20-23,19-23,Juniors 19-23,70.0,75,,,,,195.0,,,,,112.5,,,,,195.0,502.5,1,377.46,376.57,364.94,64.61,Yes,Norway,,NSF,IPF,2001-03-03,Norway,,Florø,Klubbstevne,Yes
Miha Zabavnik,M,SBD,Raw,24.5,24-34,24-39,O,81.12,83,165.0,175.0,182.5,,182.5,112.5,120.0,-125.0,,120.0,180.0,190.0,200.0,,200.0,502.5,13,343.69,340.1,327.49,70.37,Yes,Slovenia,,PLZS,IPF,2023-04-02,Slovenia,,Kidricevo,Drzavno prvenstvo v klasicnem powerliftingu,Yes
Ion Chobanu,M,SBD,Single-ply,14.5,13-15,14-18,Sub-Juniors,75.0,75,,,,,80.0,,,,,65.0,,,,,120.0,265.0,6,190.12,188.83,182.45,32.56,Yes,Russia,,FPR,IPF,2010-04-16,Russia,YAN,Noyabrsk,Yamalo-Nenets Autonomous Okrug Sub-Juniors Powerlifting Championships,Yes
Aleksandr Eybog,M,SBD,Single-ply,32.5,24-34,24-39,Open,104.3,105,,,,,320.0,,,,,200.0,,,,,297.5,817.5,12,494.37,489.66,467.56,83.81,Yes,Russia,,FPR,IPF,2012-05-22,Russia,LEN,St. Petersburg,White Nights,Yes
Aleksandr Shpak,M,SBD,Single-ply,33.5,24-34,24-39,Open,92.05,93,,,,,315.0,,,,,280.0,,,,,292.5,887.5,1,567.49,560.27,536.46,96.77,Yes,Russia,,FPR,IPF,2014-05-13,Russia,MOW,Moscow,Moscow Lights,Yes
Alex Summers,M,SBD,Raw,,18-19,14-18,M-C-U18,50.1,53,100.0,110.0,-120.0,,110.0,65.0,67.5,-72.5,,67.5,110.0,-117.5,120.0,,120.0,297.5,1,295.37,303.73,299.75,53.75,Yes,England,SE,EPA,IPF,2018-06-02,England,,Dover,South East Classic Championships,Yes
Malena Beecken,F,SBD,Raw,22.5,20-23,19-23,Open,92.0,84+,155.0,162.5,170.0,,170.0,82.5,85.0,-87.5,,85.0,190.0,200.0,-210.0,,200.0,455.0,5,401.77,389.7,338.0,83.18,Yes,,,BVDK,IPF,2024-04-26,Germany,HE,Niestetal,Deutsche Meisterschaft der Aktiven Classic,Yes
Jesus Perez,M,SBD,Raw,17.0,16-17,14-18,MR-Sj,89.2,93,-125.0,125.0,132.5,,132.5,57.5,62.5,67.5,,67.5,152.5,157.5,167.5,,167.5,367.5,2,238.7,235.69,225.97,49.07,Yes,USA,AZ,AMP,IPF,2022-04-30,USA,AZ,Glendale,WSS High School Invitational,Yes
Bruno Škevin,M,SBD,Raw,,,19-23,Juniors,99.2,105,220.0,235.0,245.0,,245.0,117.5,122.5,127.5,,127.5,272.5,-287.5,-287.5,,272.5,645.0,1,398.4,393.81,376.19,81.79,Yes,Croatia,,HPLS,IPF,2017-03-11,Croatia,,Pitomača,1. Pitomača Open u powerliftingu & benchpressu,Yes
Egor Rayfikesht,M,SBD,Single-ply,17.5,18-19,14-18,Sub-Juniors,79.2,83,,,,,240.0,,,,,145.0,,,,,220.0,605.0,5,419.67,415.68,400.7,71.84,Yes,,,FPR,IPF,2012-03-21,Russia,NVS,Berdsk,Russian Juniors & Sub-Juniors Powerlifting Championships,Yes
Isaac M De Villa,M,SBD,Raw,27.0,24-34,24-39,Open,64.85,66,,,,,185.0,,,,,115.0,,,,,205.0,505.0,9,400.92,402.35,391.3,79.46,Yes,,,PAP,IPF,2024-02-20,Philippines,,,National Classic Powerlifting Championships,Yes
Aleksey Lukashevich,M,SBD,Raw,14.5,13-15,14-18,Sub-Juniors,62.4,66,,,,,95.0,,,,,65.0,,,,,125.0,285.0,9,233.08,234.69,228.69,45.77,Yes,,,FPR,IPF,2019-04-05,Russia,CHE,Chelyabinsk,Chelyabinsk Oblast Sub-Juniors Classic Powerlifting Championships,Yes
Elina Rönnqvist,F,SBD,Single-ply,25.5,24-34,24-39,Open,71.45,72,,,,,227.5,,,,,137.5,,,,,200.0,565.0,1,564.89,554.3,488.35,95.44,Yes,Sweden,,SSF,IPF,2018-03-23,Sweden,,Skellefteå,SM-veckan - styrkelyft,Yes
Andreas Heinz,M,B,Raw,49.5,45-49,50-59,Masters 2,91.95,93,,,,,,110.0,117.5,122.5,,122.5,,,,,,122.5,2,78.37,77.37,74.09,58.44,Yes,,,BVDK,IPF,2016-06-04,Germany,TH,Gotha,TLM Bankdruecken,Yes
Taina Hatanpää,F,B,Single-ply,34.5,24-34,24-39,Open,75.0,75,,,,,,,,,,72.5,,,,,,72.5,3,70.61,68.92,60.63,39.75,Yes,Finland,,SVNL,IPF,1998-03-14,Finland,,Mäntsälä,Penkkipunnerruksen SM -kisat,Yes
P. Pecola Jr,M,SBD,Single-ply,,,,Open,100.0,100,,,,,147.42,,,,,136.08,,,,,185.97,469.47,8,288.97,285.71,272.89,49.09,,,,USPF,IPF,1983-03-26,USA,NH,Pembroke,New Hampshire State,Yes
D. Viars,M,SBD,Single-ply,,,,Novice,67.5,67.5,,,,,165.56,,,,,131.54,,,,,192.78,489.88,3,377.57,377.71,366.63,64.58,,,,USPF,IPF,1988-10-08,USA,FL,Lakeland,Southern States Powerlifting,Yes
Nuša Železnik,F,SBD,Raw,18.5,18-19,19-23,O,76.4,84,157.5,167.5,172.5,,172.5,80.0,85.0,90.0,,90.0,167.5,180.0,192.5,,192.5,455.0,1,438.89,427.64,375.89,89.49,Yes,Slovenia,,PLZS,IPF,2019-10-19,Slovenia,,Cirkovce,Štajerska Open,Yes
B. McGiwan,M,B,Single-ply,,,,Open,,125+,,,,,,,,,,206.38,,,,,,206.38,2,,,,,,,,USPF,IPF,1988-02-27,USA,FL,Tampa,Florida State Bench Press,Yes
Viktor Kurzenev,M,SBD,Raw,25.0,24-34,24-39,Open,82.55,83,,,,,220.0,,,,,140.0,,,,,220.0,580.0,5,392.75,388.4,373.71,80.51,Yes,Russia,,FPR,IPF,2018-11-01,Russia,,Sevastopol,Russian Armed Forces Classic Powerlifting Championships,Yes
G. Landis,M,SBD,Single-ply,,18-19,,Teen 18-19,90.0,90,,,,,154.22,,,,,145.15,,,,,215.46,514.83,4,332.89,328.66,314.99,56.81,,,,USPF,IPF,1983-02-19,USA,PA,Leighton,Pennsylvania Teenage Championships,Yes
Jackie Baldwin,F,SBD,Raw,53.5,50-54,50-59,FR-M2,118.35,84+,62.5,70.0,77.5,,77.5,57.5,62.5,-67.5,,62.5,100.0,110.0,117.5,,117.5,257.5,1,207.43,206.42,175.05,44.25,Yes,USA,NY,USAPL,IPF,2019-07-20,USA,NY,,2nd Annual Eat Rite Sports Expo,Yes
Justin Nutt,M,SBD,Raw,25.0,24-34,24-39,MR-O,116.7,120,245.0,260.0,277.5,,277.5,125.0,137.5,142.5,,142.5,285.0,302.5,-317.5,,302.5,722.5,1,418.88,418.21,400.52,85.02,Yes,USA,ME,AMP,IPF,2023-10-29,USA,MA,Stoneham,Scary Strong 2,Yes
Ted Longo,M,SBD,Single-ply,43.5,40-44,40-49,M-M1a,88.25,90,215.0,-230.0,-230.0,,215.0,130.0,-140.0,-140.0,,130.0,215.0,225.0,232.5,,232.5,577.5,4,377.17,372.45,357.26,64.41,Yes,USA,,USAPL,IPF,2007-05-04,USA,WI,Milwaukee,Masters Nationals,Yes
K Shivprasad,M,SBD,Raw,43.5,40-44,40-49,Masters 1,65.4,66,110.0,112.5,130.0,,130.0,70.0,80.0,85.0,,85.0,140.0,160.0,170.0,,170.0,385.0,1,303.72,304.59,296.1,60.31,Yes,India,,AsianPF,IPF,2017-12-04,India,,Kerala,Asian Classic Powerlifting Championships,Yes
Jack Cullen,M,SBD,Raw,17.0,16-17,14-18,Sub-Juniors,72.75,74,-167.5,180.0,187.5,,187.5,90.0,97.5,102.5,,102.5,175.0,190.0,195.0,,195.0,485.0,3,354.92,353.16,341.68,71.84,Yes,New Zealand,,NZPF,IPF,2023-09-06,New Zealand,CAN,Christchurch,New Zealand Nationals,Yes
Irani Rodrigues Barbosa,F,SBD,Raw,32.5,24-34,24-39,Open,51.85,52,110.0,115.0,120.0,,120.0,75.0,-80.0,-80.0,,75.0,125.0,135.0,145.0,,145.0,340.0,1,415.26,424.8,376.59,86.07,Yes,Brazil,,FESUPO,IPF,2019-04-12,Brazil,,Sao Paulo,Arnold Rogue Classic Powerlifting Grand Prix,Yes
Jakub Graczyk,M,SBD,Raw,28.5,24-34,24-39,Seniorzy,104.69,105,-242.5,242.5,255.0,,255.0,145.0,147.5,150.0,,150.0,285.0,-300.0,300.0,,300.0,705.0,7,425.69,421.71,402.69,87.16,Yes,Poland,,PZKFiTS,IPF,2022-09-09,Poland,,Będzin,Mistrzostwa Polski w Trójboju Siłowym Klasycznym,Yes
Florian Magnier,M,SBD,Raw,28.5,24-34,24-39,Seniors,73.7,74,227.5,237.5,250.0,,250.0,167.5,172.5,182.5,,182.5,245.0,260.0,270.0,,270.0,702.5,1,509.71,506.78,490.04,103.35,Yes,,,FFForce,IPF,2024-02-04,France,,Stains,Open On lève ça,Yes
Tatyana Kryazheva,F,SBD,Single-ply,31.5,24-34,24-39,Open,66.5,67.5,140.0,150.0,-155.0,,150.0,82.5,-85.0,87.5,,87.5,150.0,-152.5,,,150.0,387.5,3,403.53,399.78,352.75,67.91,Yes,USSR,,FPR,IPF,1995-03-02,Russia,ORE,Gai,Russian Powerlifting Championships,Yes
Ivan Baryshnikov,M,SBD,Single-ply,19.5,20-23,19-23,Open,82.4,83,,,,,230.0,,,,,160.0,,,,,210.0,600.0,12,406.72,402.24,387.05,69.58,Yes,Russia,,FPR,IPF,2015-04-17,Russia,BA,Salavat,Rebublic of Bashkortostan Powerlifting Championships,Yes
Os Bui,M,SBD,Raw,,,19-23,Juniors,58.08,59,125.0,130.0,140.0,,140.0,102.5,107.5,-112.5,,107.5,157.5,167.5,-180.0,,167.5,415.0,2,359.92,364.79,356.88,69.25,Yes,Canada,MB,CPU,IPF,2023-08-10,Canada,MB,Brandon,Western Canadian Championship,Yes
Irina Korolyova,F,SBD,Single-ply,30.5,24-34,24-39,Open,55.3,57,,,,,120.0,,,,,57.5,,,,,115.0,292.5,6,341.89,347.57,307.52,57.16,Yes,,,FPR,IPF,2013-05-15,Russia,MOW,Moscow,Moscow Lights,Yes
Aleksandr Melekhov,M,SBD,Single-ply,30.5,24-34,24-39,Open,82.2,82.5,,,,,255.0,,,,,182.5,,,,,230.0,667.5,9,453.1,448.14,431.27,77.52,Yes,,,FPR,IPF,2006-01-19,Russia,VLG,Cherepovets,North-West Federal District Championships,Yes
Vladislav Nedelko,M,SBD,Single-ply,20.5,20-23,19-23,Open,72.5,74,,,,,125.0,,,,,135.0,,,,,125.0,385.0,G,282.38,281.05,271.95,48.35,Yes,,,FPR,IPF,2020-11-16,Russia,CHE,Chelyabinsk,Chelyabinsk Oblast Powerlifting Championsghips,Yes
Bill Henderson #2,M,SBD,Single-ply,39.0,35-39,24-39,Open,110.0,110,,,,,300.0,,,,,192.5,,,,,300.0,792.5,2,469.37,466.38,445.74,79.35,Yes,New Zealand,,NZPF,IPF,1999-08-21,New Zealand,AKL,Auckland,New Zealand National Powerlifting Championships,Yes
Mariya Potekhina,F,SBD,Raw,15.5,16-17,14-18,Open,70.7,72,,,,,100.0,,,,,55.0,,,,,135.0,290.0,4,291.64,286.54,252.52,59.29,Yes,Russia,,FPR,IPF,2019-11-07,Russia,KYA,Krasnoyarsk,Krasnoyarsk Krai Classic Powerlifting Championships,Yes
Daniel Jesus Coti Tavic,M,SBD,Raw,17.0,16-17,14-18,Open,59.06,66,83.91,-102.06,-102.06,,83.91,-52.16,-52.16,-52.16,,,,,,,,,DQ,,,,,Yes,,,Fedepotencia,IPF,2023-03-25,Guatemala,,Santa Cruz del Quiche,Campeonato Departamental Open Powerlifting Quiche,Yes
Dmitriy Porushonkov,M,SBD,Single-ply,36.5,35-39,24-39,Open,109.5,120,,,,,320.0,,,,,230.0,,,,,300.0,850.0,2,504.29,500.92,478.69,85.28,Yes,,,FPR,IPF,2014-04-26,Russia,NIZ,Arzamas,Nizhny Novgorod Oblast Powerlifting Cup,Yes
Ilnur Valinurov,M,B,Single-ply,15.5,16-17,14-18,Juniors,48.0,53,,,,,,40.0,45.0,50.0,,50.0,,,,,,50.0,4,51.82,53.52,52.93,33.53,Yes,,,FPR,IPF,2015-01-06,Russia,PER,Krasnokamsk,Perm Krai Juniors Bench Press Championships,Yes
P. Cicero,M,SBD,Single-ply,,,,Open,100.0,100,,,,,237.5,,,,,157.5,,,,,235.0,630.0,5,387.77,383.41,366.2,65.88,Yes,,,USAPL,IPF,1998-03-14,USA,OR,Medford,Oregon State,Yes
Austin Cooper #3,M,SBD,Single-ply,18.5,18-19,19-23,M-O,102.1,105,147.5,-157.5,160.0,,160.0,102.5,-110.0,112.5,,112.5,167.5,182.5,187.5,,187.5,460.0,8,280.64,277.7,265.17,47.63,Yes,,,USAPL,IPF,2015-04-11,USA,MD,,Equinox Open,Yes
William Rodgers #1,M,SBD,Raw,,,,M-C-Open,119.4,120,240.0,260.0,,,260.0,150.0,-155.0,-155.0,,150.0,300.0,320.0,-325.0,,320.0,730.0,2,419.95,420.19,402.63,85.05,Yes,Scotland,,ScottishPL,IPF,2016-06-04,Scotland,,Motherwell,Classic Powerlifting Championships,Yes
Kobe De Win,M,SBD,Raw,18.0,18-19,14-18,Sub-Juniors,65.2,66,,,,,165.0,,,,,95.0,,,,,210.0,470.0,2,371.62,372.79,362.45,73.74,Yes,Belgium,,KBGV,IPF,2022-09-24,Belgium,,Lebbeke,Belgisch Kampioenschap - Championnats de Belgique - Sub-Juniors - Powerlifting - Classic,Yes
Eddy Authen,M,B,Single-ply,16.5,16-17,14-18,Teen 14-18,73.4,75,,,,,,,,,,72.5,,,,,,,DQ,,,,,Yes,,,NSF,IPF,2003-04-14,Norway,,Askim,Seriestevne,Yes
Joe Hubbard,M,SBD,Single-ply,66.0,65-69,60-69,Masters,,,,,,,140.0,,,,,77.5,,,,,165.0,382.5,4,,,,,,USA,,USPF,IPF,1985-07-13,USA,TX,Austin,Texas Grande,Yes
Evgeniy Churin,M,SBD,Single-ply,19.5,20-23,19-23,Juniors,72.1,74,,,,,182.5,,,,,127.5,,,,,190.0,500.0,9,368.09,366.48,354.7,63.03,Yes,,,FPR,IPF,2017-01-24,Russia,UD,Izhevsk,Russian Juniors & Sub-Juniors Powerlifting Championships,Yes
Stian Orvedal,M,B,Single-ply,,,19-23,Juniors 19-23,76.3,82.5,,,,,,107.5,-112.5,-112.5,,107.5,,,,,,107.5,3,76.29,75.7,73.09,40.8,Yes,,,NSF,IPF,1998-05-23,Norway,,Sande,Benk-cup,Yes
Isaak Hufanda,M,SBD,Raw,,,19-23,Juniors,108.08,120,-135.0,135.0,150.0,,150.0,75.0,-85.0,-87.5,,75.0,165.0,175.0,187.5,,187.5,412.5,2,245.96,244.1,233.19,50.25,Yes,Canada,BC,CPU,IPF,2023-07-29,Canada,BC,Coquitlam,BCPA Summer Open,Yes
J. Brown,M,B,Raw,,,,Open,90.0,90,,,,,,,,,,176.9,,,,,,176.9,1,114.38,112.93,108.23,85.3,,,,USPF,IPF,1982-03-28,USA,MD,Baltimore,Novice Maryland Bench Press,Yes
Joshua Broussard,M,SBD,Raw,21.5,20-23,19-23,MR-Jr,81.6,83,220.0,232.5,237.5,,237.5,142.5,155.0,165.0,,165.0,262.5,275.0,285.0,,285.0,687.5,1,468.63,463.62,446.32,95.99,Yes,USA,FL,USAPL,IPF,2018-09-01,USA,FL,,2nd Annual North Florida Open Championships,Yes
Josef Lipka,M,SBD,Raw,41.5,40-44,40-49,Open,91.3,93,185.0,195.0,-205.0,,195.0,135.0,-145.0,,,135.0,255.0,-270.0,,,255.0,585.0,5,375.57,370.79,355.15,77.22,Yes,Czechia,,CSST,IPF,2018-09-22,Czechia,,Nymburk,Mistrovství východních Čech mužů a žen v klasickém silovém trojboji,Yes
R. Dixon,M,SBD,Single-ply,,,,Novice,125.0,125,,,,,220.0,,,,,130.0,,,,,210.0,560.0,1,317.38,319.11,305.38,53.3,,,,USPF,IPF,1984-07-28,USA,OK,Norman,Summer Nationals,Yes
Terry O'Neill,M,SBD,Single-ply,,,,Open,121.9,125,,,,,260.0,,,,,160.0,,,,,290.0,710.0,2,405.65,406.75,389.74,68.21,Yes,England,,BAWLA,IPF,2003-09-27,UK,,Tysley,All Midlands Powerlifting Championships,Yes
Deyanna Respress,F,SBD,Raw,34.5,24-34,24-39,FR-O,110.2,90+,,,,,160.0,,,,,80.0,,,,,172.5,412.5,1,339.82,335.26,285.36,71.87,Yes,,,USAPL,IPF,2014-06-28,USA,GA,,Powerlifting for Pink,Yes
Naris Khusniyarov,M,B,Raw,55.5,55-59,50-59,Masters 2,103.5,105,,,,,,172.5,175.0,-187.5,,175.0,,,,,,175.0,1,106.16,105.11,100.37,78.88,Yes,,,FPR,IPF,2016-08-11,Russia,LEN,Zelenogorsk,Russian Masters Bench Press Championships,Yes
Robson Andre de Lima Leite,M,SBD,Raw,40.5,40-44,40-49,Novice,81.8,83,167.5,175.0,185.0,,185.0,127.5,-132.5,-132.5,,127.5,225.0,235.0,-250.0,,235.0,547.5,4,372.68,368.66,354.86,76.35,Yes,Brazil,,CBLB,IPF,2021-10-09,Brazil,,,Campeonato Brasileiro De Powerlifting,Yes
Coline Specque,F,B,Raw,17.0,16-17,14-18,Sub-Juniors,64.7,72,,,,,,45.0,47.5,-50.0,,47.5,,,,,,47.5,G,50.27,50.0,44.14,39.07,Yes,,,FFForce,IPF,2017-11-19,France,,Loos,Départemental DC BP Hauts-de-France,Yes
Irina Lyzhina,F,SBD,Single-ply,20.0,20-23,19-23,Open,65.4,72,,,,,130.0,,,,,67.5,,,,,150.0,347.5,1,365.45,362.91,320.3,61.45,Yes,Russia,,FPR,IPF,2016-02-26,Russia,KEM,Kemerovo,Siberian Juniors & Students Powerlifting Championships,Yes
Greg Arnold,M,B,Single-ply,,,,Open,82.5,82.5,,,,,,,,,,165.56,,,,,,165.56,2,112.15,110.91,106.72,59.18,,USA,,USPF,IPF,1987-07-18,USA,FL,Largo,Suncoast Fitness Bench Press,Yes
Oleksandr Borisoglibskiy,M,SBD,Raw,22.0,20-23,19-23,Juniors,71.7,74,,,,,155.0,,,,,110.0,,,,,200.0,465.0,8,343.6,342.23,331.31,69.4,Yes,Ukraine,,UkrainePF,IPF,2014-02-17,Ukraine,,Kramatorsk,Donetsk Classic Powerlifting Championships,Yes
Damir Tulybaev,M,SBD,Single-ply,41.0,40-44,40-49,Open,91.46,93,,,,,220.0,,,,,145.0,,,,,230.0,595.0,14,381.66,376.8,360.88,65.09,Yes,,,FPR,IPF,2015-11-25,Russia,MOW,Moscow,Moscow City Powerlifting Championships,Yes
Karel Maala Raya,F,B,Single-ply,26.5,24-34,24-39,Open,67.8,75,,,,,,65.0,75.0,-80.0,,75.0,,,,,,75.0,1,77.23,76.3,67.31,43.33,Yes,Philippines,,AsianPF,IPF,2010-08-13,Philippines,,Manila,Asian Bench Press Championship,Yes
Vitaliy Teteutsa,M,B,Single-ply,41.5,40-44,40-49,Masters 1,64.8,67.5,,,,,,,,,,150.0,,,,,,150.0,1,119.15,119.59,116.31,66.35,Yes,Ukraine,,UkrainePF,IPF,2009-04-04,Ukraine,,Lvov,Ukrainian Masters Bench Press Championships,Yes
Haley Hoffer,F,SBD,Raw,25.5,24-34,24-39,FR-O,77.4,84,102.5,-110.0,112.5,,112.5,77.5,-82.5,-82.5,,77.5,112.5,125.0,-150.0,,125.0,315.0,3,301.81,293.76,258.06,61.58,Yes,USA,SD,USAPL,IPF,2017-07-08,USA,IA,,Iowa State Championship,Yes
Margriet Ponse,F,SBD,Raw,39.0,35-39,24-39,Open,60.14,63,115.0,120.0,125.0,,125.0,67.5,-72.5,-72.5,,67.5,150.0,157.5,162.5,,162.5,355.0,1,392.96,395.07,349.06,80.11,Yes,Netherlands,,KNKF-SP,IPF,2024-09-29,Netherlands,,Beuningen,Speijers Sports Powerlift Cup,Yes
Petra Höglund,F,B,Raw,46.0,45-49,40-49,Masters 1,70.9,76,,,,,,77.5,82.5,-87.5,,82.5,,,,,,82.5,4,82.84,81.36,71.7,65.03,Yes,Sweden,,IPF,IPF,2021-10-22,Lithuania,,Vilnius,World Bench Press Championships,Yes
Domenick Fonio,M,SBD,Raw,54.5,50-54,50-59,MR-M2,131.1,120+,205.0,-227.5,-237.5,,205.0,145.0,160.0,-170.0,,160.0,235.0,257.5,,,257.5,622.5,1,347.68,351.56,335.66,69.69,Yes,USA,PA,USAPL,IPF,2017-02-04,USA,PA,,Winter Open,Yes
Daniel Pearson #1,M,SBD,Raw,16.0,16-17,14-18,MR-Sj,103.7,105,-175.0,175.0,177.5,,177.5,112.5,115.0,-117.5,,115.0,195.0,205.0,212.5,,212.5,505.0,6,306.11,303.11,289.42,62.71,Yes,England,SW,BP,IPF,2022-05-12,England,,Birmingham,British Junior & Sub-Junior Championships,Yes
Ekaterina Maksimova,F,B,Single-ply,15.5,16-17,14-18,Open,50.4,52,,,,,,27.5,32.5,-37.5,,32.5,,,,,,32.5,5,40.49,41.5,36.83,23.12,Yes,,,FPR,IPF,2016-08-27,Russia,KLU,Kaluga,Kaluga Oblast Bench Press Cup,Yes
N. Fukua,M,SBD,Single-ply,,,,Juniors,75.0,75,,,,,180.0,,,,,100.0,,,,,200.0,480.0,6,344.36,342.03,330.48,58.97,Yes,,,JPA,IPF,1990-09-23,Japan,,Urawa,Japanese Juniors Powerlifting Championships,Yes
呉 漢洙,M,B,Raw,51.0,50-54,50-59,Masters 2,69.84,74,,,,,,110.0,-115.0,-115.0,,110.0,,,,,,110.0,2,82.76,82.58,80.03,60.51,Yes,,,JPA,IPF,2011-07-03,Japan,,Fukushima,Osaka Bench Press Championships,Yes
T. Kinzie,M,SBD,Single-ply,,16-17,14-18,Teen 16-17,82.5,82.5,,,,,135.0,,,,,107.5,,,,,180.0,422.5,4,286.2,283.04,272.34,48.96,,,,USPF,IPF,1983-05-21,USA,OK,Yukon,Oklahoma Teenage Championship,Yes
Darryl Guinto,M,SBD,Raw,22.5,20-23,19-23,MR-O,81.3,83,215.0,227.5,-232.5,,227.5,120.0,125.0,127.5,,127.5,227.5,237.5,-242.5,,237.5,592.5,4,404.73,400.46,385.58,82.88,Yes,USA,NJ,USAPL,IPF,2021-07-09,USA,NJ,,New Jersey State Championship,Yes
Arne Nomerstad,M,B,Single-ply,47.5,45-49,40-49,Masters 40-49,108.9,110,,,,,,,,,,155.0,,,,,,155.0,1,92.15,91.5,87.43,47.35,Yes,Norway,,NSF,IPF,2002-07-16,Norway,,Lørenskog,Klubbstevne,Yes
Connor Challinor,M,SBD,Raw,24.5,24-34,24-39,MR-O,103.2,105,230.0,255.0,-272.5,,255.0,135.0,145.0,147.5,,147.5,230.0,255.0,265.0,,265.0,667.5,1,405.42,401.35,383.23,83.08,Yes,England,SE,EPA,IPF,2021-11-20,England,,Dover,South East Open Championships,Yes
Derek Roblyer,M,SBD,Single-ply,17.0,16-17,14-18,M-V,73.4,75,152.5,165.0,-167.5,,165.0,102.5,110.0,112.5,,112.5,-182.5,182.5,-207.5,,182.5,460.0,13,334.65,332.81,321.87,57.31,Yes,USA,,USAPL,IPF,2006-03-31,USA,NE,Omaha,High School Nationals,Yes
Jules Geoffroy,M,SBD,Raw,21.5,20-23,19-23,Juniors,74.0,74,-225.0,225.0,-227.5,,225.0,137.5,-142.5,142.5,,142.5,272.5,285.0,-295.0,,285.0,652.5,6,472.18,469.35,453.77,95.79,Yes,France,,FFForce,IPF,2024-04-13,France,,Villepinte,Championnats de France Jeunes de Force Athlétique,Yes
Senan Gamidov,M,SBD,Single-ply,24.5,24-34,24-39,Open,81.0,83,,,,,260.0,,,,,170.0,,,,,255.0,685.0,3,468.92,464.04,446.87,80.25,Yes,Russia,,FPR,IPF,2015-04-16,Russia,KYA,Krasnoyarsk,Centre of Asia,Yes
Evgeniy Glushchenko #2,M,SBD,Single-ply,16.5,16-17,14-18,Open,72.5,74,120.0,140.0,-150.0,,140.0,100.0,105.0,-110.0,,105.0,170.0,185.0,-200.0,,185.0,430.0,7,315.39,313.9,303.74,54.01,Yes,,,FPR,IPF,2015-06-06,Russia,ROS,Rostov-on-Don,Rostov Oblast Powerlifting Cup,Yes
Janna Isabell Braathen,F,SBD,Single-ply,,18-19,14-18,Teen 14-18,64.1,67.5,,,,,67.5,,,,,40.0,,,,,65.0,172.5,1,183.59,182.86,161.43,30.84,Yes,,,NSF,IPF,2000-03-26,Norway,,Sundbyfoss,Klubbstevne,Yes
Aleksey Abramov,M,B,Single-ply,22.5,20-23,19-23,Juniors,129.4,120+,,,,,,-275.0,275.0,-282.5,,275.0,,,,,,275.0,2,154.2,155.67,148.75,78.96,Yes,Russia,,FPR,IPF,2013-03-07,Russia,KEM,Kemerovo,Russian Juniors & Sub-Juniors Bench Press Championships,Yes
H. Eikeleboom,M,SBD,Single-ply,,,,Open,,125+,,,,,260.0,,,,,170.0,,,,,275.0,705.0,4,,,,,Yes,,,NPB,IPF,1986-04-05,Netherlands,ZH,Den Haag,Dutch Powerlifting Championships,Yes
Kevin Won,M,SBD,Raw,,,19-23,Juniors,64.3,66,,,,,140.0,,,,,87.5,,,,,180.0,407.5,1,325.61,327.01,318.16,64.41,Yes,Canada,BC,CPU,IPF,2016-03-20,Canada,BC,Richmond,BCPA Winter Open,Yes
Curt Hammonds,M,SBD,Single-ply,16.5,16-17,14-18,Teen 16-17,75.0,75,,,,,182.5,,,,,97.5,,,,,192.5,472.5,4,338.98,336.68,325.32,58.05,,,,USPF,IPF,1984-08-05,USA,IL,Chicago,Teenage National Championships,Yes
Oisín Ryan-Nolan,M,SBD,Raw,16.0,16-17,14-18,M-SJ,54.0,59,90.0,100.0,105.0,,105.0,57.5,65.0,-70.0,,65.0,125.0,137.5,145.0,,145.0,315.0,3,291.29,297.32,292.15,54.66,Yes,,,IrishPF,IPF,2024-09-07,Ireland,,,September Open,Yes
Jake Shevik,M,SBD,Raw,36.5,35-39,24-39,MR-O,92.7,93,152.5,160.0,165.0,,165.0,102.5,107.5,-112.5,,107.5,165.0,182.5,187.5,,187.5,460.0,1,293.13,289.41,277.03,60.27,Yes,USA,MN,USAPL,IPF,2018-09-29,USA,MN,,Solcana Novice Meet,Yes
Michael Goodwin,M,SBD,Raw,34.0,24-34,24-39,MR-O,99.9,105,215.0,235.0,255.0,,255.0,147.5,160.0,170.0,,170.0,235.0,255.0,275.0,,275.0,700.0,2,431.05,426.18,407.06,88.47,Yes,England,SE,EPA,IPF,2022-12-17,England,,Cheltenham,ST Christmas Classic,Yes
Nick-Julien Ebisch,M,SBD,Raw,19.0,18-19,19-23,Juniors,82.3,83,120.0,130.0,-140.0,,130.0,90.0,97.5,102.5,,102.5,150.0,160.0,-167.5,,160.0,392.5,4,266.24,263.32,253.4,54.57,Yes,,,BVDK,IPF,2017-04-29,Germany,SN,Eibau,LM Sachsen KDK,Yes
Claire Bailey,F,B,Single-ply,38.0,35-39,24-39,Open,52.0,52,,,,,,45.0,-47.5,47.5,,47.5,,,,,,47.5,1,57.9,59.22,52.49,32.92,Yes,UK,,BAWLA,IPF,2003-05-17,UK,,Birmingham,British Bench Press Championships,Yes
Zane Hamilton,M,SBD,Raw,24.0,24-34,24-39,MR-O,71.2,75,135.0,145.0,150.0,,150.0,100.0,107.5,-120.0,,107.5,170.0,177.5,185.0,,185.0,442.5,3,328.53,327.37,317.02,66.28,Yes,,,USAPL,IPF,2012-12-15,USA,TX,San Antonio,Southside Classic,Yes
Ivan Georgiev,M,SBD,Raw,17.5,18-19,14-18,Sub-Juniors,116.05,120,225.0,245.0,255.0,,255.0,197.5,208.0,-212.5,,208.0,287.5,306.5,312.5,,312.5,775.5,1,450.48,449.53,430.44,91.49,Yes,Bulgaria,,IPF,IPF,2022-08-31,Turkey,,Istanbul,World Junior Classic Powerlifting Championships,Yes
Jeff Johnson,M,SBD,Single-ply,,,,Class II,125.0,125,,,,,200.0,,,,,147.5,,,,,237.5,585.0,5,331.55,333.36,319.02,55.68,,USA,,USPF,IPF,1985-07-13,USA,TX,Austin,Texas Grande,Yes
Sarah Katz,F,SBD,Raw,51.5,50-54,50-59,FR-M,75.1,84,55.0,60.0,62.5,,62.5,35.0,-40.0,42.5,,42.5,75.0,80.0,85.0,,85.0,190.0,3,184.93,180.47,158.74,37.67,Yes,USA,NH,USAPL,IPF,2019-09-28,USA,NH,,Arkitect Fitness Open,Yes
Rhys Davies #2,M,SBD,Raw,24.0,24-34,24-39,MR-O,91.9,93,-140.0,-140.0,-140.0,,,-100.0,-100.0,-100.0,,,-160.0,-300.0,-300.0,,,,DQ,,,,,Yes,Scotland,,ScottishPL,IPF,2023-04-29,Scotland,,Glasgow,Scottish Equipped Championships and Spring Open,Yes
Yuriy Balyshov,M,B,Raw,34.0,24-34,24-39,Open,82.65,83,,,,,,100.0,110.0,-115.0,,110.0,,,,,,110.0,8,74.44,73.61,70.82,55.37,Yes,Russia,,FPR,IPF,2019-11-04,Russia,NVS,Novosibirsk,Dynamo Classic Bench Press Championships,Yes
Herb Greenidge,M,B,Single-ply,52.5,50-54,50-59,Masters 2,83.7,90,,,,,,,,,,170.0,,,,,,170.0,1,114.23,112.92,108.58,60.15,Yes,Canada,ON,CPU,IPF,2007-05-12,Canada,ON,Waterloo,Ontario Benchpress,Yes
Vyacheslav Shimanskiy,M,SBD,Raw,31.5,24-34,24-39,Open,90.55,93,,,,,240.0,,,,,165.0,,,,,240.0,645.0,1,415.79,410.5,393.32,85.49,Yes,,,FPR,IPF,2016-11-18,Russia,IRK,Cheremkhovo,Irkutsk Oblast Powerlifting Championships,Yes
James Mohns,M,SBD,Raw,24.0,24-34,24-39,Open,118.5,120,,,,,235.0,,,,,182.5,,,,,255.0,672.5,1,387.86,387.79,371.54,78.61,Yes,Canada,SK,CPU,IPF,2015-01-24,Canada,SK,Saskatoon,Saskatchewan Strength Symposium,Yes
Vyacheslav Ignatev,M,SBD,Single-ply,20.5,20-23,19-23,Open,59.0,59,,,,,185.0,,,,,110.0,,,,,180.0,475.0,1,406.54,411.43,402.15,69.16,Yes,,,FPR,IPF,2013-11-29,Russia,IRK,Cheremkhovo,Irkutsk Oblast Powerlifting Championships,Yes
Ewen Le Berre,M,SBD,Raw,17.0,16-17,14-18,Sub-Juniors,72.9,74,95.0,102.5,110.0,,110.0,50.0,57.5,-62.5,,57.5,145.0,155.0,167.5,,167.5,335.0,1,244.81,243.57,235.63,49.57,Yes,,,FFForce,IPF,2018-05-26,France,,Brest,Deuxième Pas FA PL DC BP Bretagne,Yes
Sebastian Nübel,M,B,Single-ply,21.5,20-23,19-23,Juniors,102.0,110,,,,,,175.0,187.5,,,187.5,,,,,,187.5,1,114.44,113.23,108.13,59.03,Yes,,,BVDK,IPF,2009-10-10,Germany,NRW,Essen,LM Bankdrücken NRW,Yes
Emil B Eriksen,M,SBD,Raw,21.5,20-23,19-23,Juniors,145.71,120+,-245.0,245.0,-260.0,,245.0,150.0,165.0,-175.0,,165.0,240.0,260.0,280.0,,280.0,690.0,1,373.98,383.34,363.21,74.05,Yes,,,DSF,IPF,2023-04-01,Denmark,,VK Kono,DM Klassisk,Yes
Gabe Madgwick,M,SBD,Raw,18.5,18-19,19-23,MR-T3,112.0,120,175.0,185.0,197.5,,197.5,112.5,120.0,127.5,,127.5,190.0,207.5,-227.5,,207.5,532.5,1,313.28,311.69,298.07,63.83,Yes,USA,MI,USAPL,IPF,2021-07-17,USA,MI,,Midwest Performance Championship,Yes
Philip Luu,M,B,Raw,23.5,24-34,24-39,Open,87.5,93,,,,,,,,,,125.0,,,,,,125.0,1,82.0,80.98,77.71,61.13,Yes,Canada,ON,CPU,IPF,2014-05-31,Canada,ON,Toronto,Toronto Supershow,Yes
Karl Bivans,M,SBD,Single-ply,45.5,45-49,40-49,Open,140.0,125+,,,,,240.0,,,,,160.0,,,,,230.0,630.0,2,345.25,352.05,334.63,57.74,Yes,USA,,FPR,IPF,1994-08-05,Russia,LEN,St. Petersburg,Russia vs. USA Meet,Yes
Jonathan Cayco,M,SBD,Raw,23.5,24-34,24-39,MR-O,89.8,93,225.0,242.5,245.0,,245.0,162.5,175.0,-182.5,,175.0,265.0,287.0,295.0,,295.0,715.0,2,462.84,456.97,438.0,95.16,Yes,USA,CA,USAPL,IPF,2016-05-14,USA,CA,Mountain View,Boss of NorCal II,Yes
Eamon McKiernan,M,SBD,Raw,19.0,18-19,19-23,MR-O,99.6,105,170.0,182.5,190.0,,190.0,105.0,112.5,-117.5,,112.5,200.0,215.0,227.5,,227.5,530.0,9,326.79,323.07,308.59,67.08,Yes,Isle of Man,,BP,IPF,2024-12-14,Scotland,,Glasgow,Home Nations,Yes
Theophil Kurz,M,SBD,Raw,18.0,18-19,19-23,Juniors,72.7,74,160.0,-170.0,172.5,,172.5,85.0,92.5,-100.0,,92.5,180.0,-200.0,200.0,,200.0,465.0,4,340.44,338.77,327.77,68.9,Yes,,,OEVK,IPF,2025-06-20,Austria,,,ÖM Kraftdreikampf Classic,Yes
Redda Haddou,M,SBD,Single-ply,21.5,20-23,19-23,Juniors,74.3,75,,,,,250.0,,,,,155.0,,,,,235.0,640.0,8,461.93,459.04,443.73,79.11,Yes,France,,IPF,IPF,2000-09-13,Taiwan,,Kao Ci,World Juniors Powerlifting Championships,Yes
Niklas Landström,M,SBD,Single-ply,23.5,24-34,24-39,Open,,125+,,,,,295.0,,,,,195.0,,,,,295.0,785.0,5,,,,,Yes,Sweden,,SSF,IPF,1998-09-18,Sweden,,Borlänge,SM seniorer,Yes
Falk Loewert,M,SBD,Raw,19.5,20-23,19-23,Juniors,96.25,105,140.0,160.0,172.5,,172.5,105.0,115.0,120.0,,120.0,195.0,220.0,-235.0,,220.0,512.5,3,320.87,316.94,302.98,65.94,Yes,,,BVDK,IPF,2025-01-11,Germany,NRW,Köln,Colonia Winter Cup,Yes
Achim Kircher,M,B,Single-ply,31.5,24-34,24-39,Open,99.7,100,,,,,,-212.5,-217.5,-217.5,,,,,,,,,DQ,,,,,Yes,Germany,,EPF,IPF,2000-08-18,Finland,,Kajaani,European Bench Press Championships,Yes
Håkon Mørk Solaas,M,B,Single-ply,,20-23,19-23,Juniors 19-23,101.8,105,,,,,,125.0,132.5,140.0,,140.0,,,,,,140.0,1,85.52,84.61,80.8,44.12,Yes,,,NSF,IPF,2011-09-24,Norway,,Skedsmo,Klubbstevne,Yes
A. Tenoso,F,SBD,Single-ply,,,,Open,60.0,60,,,,,47.5,,,,,42.5,,,,,90.0,180.0,2,199.54,200.68,177.31,33.43,,,,USPF,IPF,1983-10-15,USA,OR,Portland,Portland Championships,Yes
Alexandra Guðlaugsdóttir,F,SBD,Single-ply,19.5,20-23,19-23,Juniors,74.85,84,-145.0,145.0,155.0,,155.0,85.0,92.5,-100.0,,92.5,145.0,160.0,-167.5,,160.0,407.5,2,397.32,387.87,341.22,67.33,Yes,Iceland,,NordicPF,IPF,2013-02-23,Iceland,,Reykjavík,Nordic Sub-Juniors & Juniors Powerlifting Championships,Yes
Blake Giberson,M,B,Single-ply,,,60-69,Masters 3,115.8,120,,,,,,,,,,155.0,,,,,,155.0,1,90.11,89.9,86.07,46.19,Yes,Canada,ON,CPU,IPF,2013-05-04,Canada,ON,Belle River,Belle River Open,Yes
James Walker #10,M,SBD,Raw,,,,MR-Jr,60.4,66,100.0,112.5,120.0,,120.0,62.5,67.5,-70.0,,67.5,140.0,152.5,165.0,,165.0,352.5,2,295.91,298.83,291.7,57.6,Yes,,,EPA,IPF,2024-03-03,England,,Liverpool,Liverpool Varsity,Yes
Brandon Cespedes Morales,M,SBD,Raw,20.5,20-23,19-23,Juniors,88.04,93,160.0,170.0,180.0,,180.0,140.0,-147.5,-147.5,,140.0,170.0,180.0,190.0,,190.0,510.0,2,333.5,329.33,315.94,68.54,Yes,Costa Rica,,NAPF,IPF,2019-08-06,Costa Rica,,San Jose,Pan-American Powerlifting Championships,Yes
Alexandros Zaxaris,M,SBD,Raw,15.0,13-15,14-18,Sub-Junior,71.35,74,80.0,92.5,100.0,,100.0,-80.0,-90.0,-90.0,,,100.0,115.0,-125.0,,115.0,,DQ,,,,,Yes,,,HPF,IPF,2022-12-10,Greece,PEL,Patras,Greek Nationals,Yes
Rick Greenwald,M,B,Raw,,,,Open,75.0,75,,,,,,,,,,124.74,,,,,,124.74,3,89.49,88.88,85.88,66.05,,,,USPF,IPF,1985-08-04,USA,MN,Golden Valley,Minnesota State Bench Press,Yes
Konstantin Makovskiy,M,SBD,Single-ply,47.0,45-49,40-49,Masters 1,105.9,110,,,,,230.0,,,,,155.0,,,,,235.0,620.0,3,372.64,369.39,352.76,63.13,Yes,Russia,,FPR,IPF,2005-08-18,Russia,LEN,St. Petersburg,Russian Masters Powerlifting Championships,Yes
Tereza Herrmannová,F,SBD,Raw,18.5,18-19,19-23,Juniors,62.05,63,125.0,132.5,138.5,,138.5,57.5,62.5,65.0,,65.0,-132.5,-132.5,,,,,DQ,,,,,Yes,Czechia,,CSST,IPF,2018-10-20,Czechia,,Sedlčany,Mistrovství České republiky juniorů a dorostu v klasickém silovém trojboji,Yes
Jevon Mateo,M,SBD,Single-ply,,16-17,14-18,M-T2,67.5,67.5,,,,,185.07,,,,,104.78,,,,,227.7,517.55,1,398.9,399.04,387.34,68.23,Yes,,,USAPL,IPF,2002-12-15,USA,PA,King of Prussia,American Open PL Championships,Yes
John Pavlic,M,SBD,Single-ply,,,,Novice,90.0,90,,,,,192.5,,,,,140.0,,,,,242.5,575.0,3,371.8,367.08,351.81,63.45,,,,USPF,IPF,1984-12-15,USA,WV,Weirton,Steel Valley Open,Yes
Oskoian,F,B,Raw,7.0,5-12,,Women,24.95,,,,,,,,,,,13.61,,,,,,13.61,9,20.21,22.83,22.79,,,,,USPF,IPF,1985-02-23,USA,FL,Tampa,All South Bench Press,Yes
Mamuka Shengeliya,M,SBD,Single-ply,19.5,20-23,19-23,Open,60.0,60,,,,,170.0,,,,,122.5,,,,,230.0,522.5,1,441.01,445.63,435.16,75.09,Yes,Georgia,,FPR,IPF,1991-12-07,USSR,,Johvi,Alutaguse Karu International Powerlifting meet,Yes
Keely Thrawl,F,SBD,Raw,44.5,40-44,40-49,FR-M1b,78.75,84,75.0,87.5,97.5,,97.5,60.0,62.5,-67.5,,62.5,125.0,132.5,140.0,,140.0,300.0,3,284.92,276.96,243.09,58.2,Yes,USA,MN,USAPL,IPF,2019-02-16,USA,MN,,Minnesota Women's State Championship,Yes
Dimitrious Hanara,M,SBD,Raw,,,40-49,Masters 1,122.88,120+,140.0,160.0,180.0,,180.0,185.0,193.0,-200.0,,193.0,180.0,220.0,,,220.0,593.0,1,337.93,339.13,324.87,68.23,Yes,New Zealand,,NZPF,IPF,2014-01-25,New Zealand,WGN,Wellington,Powerhouse Invitational,Yes
Dane Roach,M,SBD,Raw,24.5,24-34,24-39,MR-O,89.3,93,170.0,180.0,185.0,,185.0,125.0,132.5,,,132.5,212.5,220.0,227.5,,227.5,545.0,5,353.79,349.32,334.9,72.73,Yes,USA,MI,USAPL,IPF,2016-04-16,USA,MI,,ABBRx Natural and Fit Meet,Yes
Minna Kettula,F,B,Raw,40.5,40-44,40-49,Open,82.45,84,,,,,,60.0,65.0,-67.5,,65.0,,,,,,65.0,2,60.35,58.52,51.22,48.73,Yes,,,SVNL,IPF,2014-07-05,Finland,,Sotkamo,Hiukka Summer RAW,Yes
Cliff Tallman,M,B,Single-ply,,,60-69,M-M3a,107.22,110,,,,,,-192.5,192.5,195.0,-206.0,195.0,,,,,,195.0,1,116.63,115.7,110.51,59.98,Yes,USA,,USAPL,IPF,2006-09-02,USA,NC,Charlotte,Bench Nationals II,Yes
Bjørn-Andre Egerdahl,M,B,Raw,45.5,45-49,40-49,Masters 40-49,73.5,74,,,,,,120.0,122.5,127.5,,127.5,,,,,,127.5,1,92.67,92.16,89.12,68.24,Yes,Norway,,NSF,IPF,2016-02-06,Norway,,Haugesund,RM Sør Vest utstyrsfritt,Yes
Sóley Margrét Jónsdóttir,F,SBD,Single-ply,17.5,18-19,14-18,Open,106.15,84+,-230.0,230.0,245.0,,245.0,-145.0,145.0,-155.0,,145.0,200.0,-210.0,210.0,,210.0,600.0,1,500.74,491.74,419.12,87.33,Yes,Iceland,,KRAFT,IPF,2019-02-16,Iceland,,Akureyri,Bikarmót í kraftlyftingum,Yes
袁子艺,M,B,Raw,24.0,24-34,24-39,Open,72.15,74,,,,,,110.0,122.5,-130.0,,122.5,,,,,,122.5,2,90.14,89.74,86.86,66.22,Yes,China,,IPF-China,IPF,2025-04-26,China,,中山,South China Regionals and the 2nd Southern College Cup Powerlifting Invitational,Yes
McKenna Moore,F,SBD,Raw,,20-23,19-23,Juniors,68.79,69,115.0,125.0,135.0,,135.0,57.5,65.0,-70.0,,65.0,120.0,135.0,145.0,,145.0,345.0,1,352.33,347.41,306.36,71.6,Yes,Canada,PE,CPU,IPF,2023-09-07,Canada,PE,Summerside,Eastern Powerlifting & Bench Press Championships,Yes
Lars Edvin Samnøy,M,B,Single-ply,,,19-23,Juniors 19-23,89.7,90,,,,,,,,,,140.0,,,,,,140.0,1,90.68,89.53,85.82,47.32,Yes,Norway,,NSF,IPF,2006-03-11,Norway,,Sande,Benk-cup,Yes
Robert Robison,M,SBD,Single-ply,,,,Open,67.5,67.5,,,,,185.0,,,,,115.0,,,,,225.0,525.0,3,404.64,404.78,392.92,69.22,,,,USPF,IPF,1985-03-09,USA,OK,Bartlesville,Oklahoma State Meet,Yes
Martine Parfait,F,D,Raw,61.0,60-64,60-69,Masters,55.92,,,,,,,,,,,,120.0,125.0,-127.5,,125.0,125.0,2,145.03,147.24,130.24,,Yes,France,,FFForce,IPF,2018-02-03,France,,Le Trait,Eliminatoires Jean Villenave Normandie,Yes
Girish Dattaraya Binjwe,M,B,Single-ply,53.0,50-54,50-59,Masters 2,101.6,105,,,,,,90.0,110.0,120.0,,120.0,,,,,,120.0,1,73.36,72.58,69.31,37.85,Yes,India,,CommonwealthPF,IPF,2024-10-04,South Africa,,Sun City,Commonwealth Championships,Yes
Ed Gillie,M,SBD,Single-ply,40.5,40-44,40-49,Open,90.0,90,,,,,290.3,,,,,195.04,,,,,303.91,789.25,1,510.33,503.85,482.89,87.09,,USA,,USPF,IPF,1982-10-16,USA,FL,Miami,Southern State Championships,Yes
Kari Condel,F,SBD,Raw,20.0,20-23,19-23,FR-O,63.0,63,100.0,105.0,112.5,,112.5,55.0,60.0,-62.5,,60.0,122.5,130.0,137.5,,137.5,310.0,1,333.41,332.93,293.98,67.82,Yes,USA,PA,USAPL,IPF,2017-12-10,USA,PA,,Holiday Havoc,Yes
Thomas Sandonato,M,SBD,Single-ply,,,,M-C,93.7,100,192.5,200.0,205.0,,205.0,160.0,165.0,170.0,,170.0,-205.0,205.0,215.0,,215.0,590.0,13,374.04,369.33,353.38,63.74,Yes,,,USAPL,IPF,2006-04-13,USA,FL,Miami,Collegiate Nationals,Yes
James MacGregor,M,SBD,Single-ply,,,,M-E-U20,58.3,60,,,,,100.0,,,,,70.0,,,,,140.0,310.0,G,267.99,271.52,265.58,45.56,Yes,England,SE,BP,IPF,2009-01-24,England,,Birmingham,British Junior Powerlifting Championships,Yes
Anatoliy Shapovalov,M,B,Raw,65.5,65-69,60-69,Masters 3,108.15,120,,,,,,125.0,-130.0,132.5,,132.5,,,,,,132.5,3,78.98,78.39,74.89,58.53,Yes,Russia,,FPR,IPF,2013-08-08,Russia,MOW,Mytishchi,Russian Masters Bench Press Championships,Yes
J. Kania,M,SBD,Single-ply,,,,Teen,82.5,82.5,,,,,181.44,,,,,129.27,,,,,226.8,537.51,3,364.11,360.08,346.47,62.29,,,,USPF,IPF,1984-02-25,USA,NY,Buffalo,Buffalo Teenage Championships,Yes
B. Curry,M,SBD,Single-ply,,,,Open,90.0,90,,,,,160.0,,,,,110.0,,,,,200.0,470.0,9,303.9,300.05,287.56,51.86,,,,USPF,IPF,1981-10-03,USA,MD,Temple Hills,Temple Hills Open/Novice/Women's & PVA,Yes
Christian Embid Gaspar,M,SBD,Raw,30.5,24-34,24-39,Open,91.48,93,205.0,215.0,220.0,,220.0,122.5,-127.5,-127.5,,122.5,242.5,257.5,-265.0,,257.5,600.0,12,384.82,379.93,363.87,79.13,Yes,,,AEP,IPF,2023-06-23,Spain,,Tarragona,Copa del Mediterrani,Yes
Jessica Bentley,F,SBD,Raw,22.0,20-23,19-23,Junior,55.05,57,92.0,98.0,105.0,,105.0,32.5,35.0,40.0,,40.0,95.0,105.0,117.0,,117.0,262.0,1,307.17,312.43,276.46,63.12,Yes,Australia,,APU,IPF,2023-11-25,Australia,TAS,,TAS State Classic Powerlifting and Bench Press Championships,Yes
Natalya Salamon,F,SBD,Single-ply,35.0,35-39,24-39,Open,47.95,48,,,,,147.5,,,,,85.0,,,,,135.0,367.5,2,474.6,487.1,433.59,79.32,Yes,,,FPR,IPF,2005-08-23,Russia,ORL,Oryol,Russian Powerlifting Cup,Yes
Liam Parnis,M,SBD,Raw,,,,MR-O,82.1,83,182.5,195.0,-205.0,,195.0,120.0,127.5,135.0,,135.0,192.5,207.5,-217.5,,207.5,537.5,38,365.11,361.13,347.55,74.82,Yes,England,,BP,IPF,2022-04-02,England,,Northampton,British University Championships,Yes
Nikolay Zabelin,M,SBD,Raw,27.5,24-34,24-39,Open,91.7,93,,,,,165.0,,,,,130.0,,,,,200.0,495.0,32,317.1,313.07,299.81,65.2,Yes,Russia,,FPR,IPF,2018-05-19,Russia,LEN,St. Petersburg,White Nights,Yes
Spencer Spak,M,SBD,Raw,17.0,16-17,14-18,MR-T2,64.6,67.5,102.5,122.5,132.5,,132.5,70.0,90.0,-100.0,,90.0,137.5,-155.0,155.0,,155.0,377.5,1,300.57,301.75,293.52,59.52,Yes,,,USAPL,IPF,2011-03-05,USA,WA,,Washington State Meet,Yes
Xavier Piard,M,SBD,Raw,50.0,50-54,50-59,Masters 2,79.8,83,182.5,192.5,200.0,,200.0,112.5,117.5,-120.0,,117.5,182.5,192.5,202.5,,202.5,520.0,11,359.09,355.57,342.64,73.43,Yes,France,,IPF,IPF,2024-10-05,South Africa,,Sun City,World Classic & Equipped Masters Powerlifting Championships,Yes
Leena Vatanen,F,B,Raw,28.5,24-34,24-39,Open,71.78,72,,,,,,95.0,100.0,102.5,,102.5,,,,,,102.5,1,102.22,100.25,88.31,80.39,Yes,,,SVNL,IPF,2020-02-21,Finland,,Salo,Klassisen penkkipunnerruksen SM-kisat,Yes
Fred Domowitz,M,B,Raw,,,,Open,110.0,110,,,,,,,,,,208.65,,,,,,208.65,2,123.58,122.79,117.36,91.46,,,,USPF,IPF,1982-01-30,USA,CA,Bakersfield,California State Bench Press Championships,Yes
Eduard Vall,M,SBD,Single-ply,18.5,18-19,19-23,Juniors,58.2,59,,,,,180.0,,,,,97.5,,,,,155.0,432.1,1,374.09,379.08,370.82,63.58,Yes,Russia,,FPR,IPF,2013-04-20,Russia,NVS,Novosibirsk,Novosibirsk Oblast Powerlifting & Bench Press Championships,Yes
David Claxton,M,SBD,Single-ply,,20-23,19-23,M-C,90.0,90,,,,,197.5,,,,,120.0,,,,,187.5,505.0,1,326.53,322.39,308.98,55.73,Yes,,,USAPL,IPF,2002-02-02,USA,TX,San Marcos,SWT Invitational,Yes
Manish Kumar #2,M,B,Raw,19.0,18-19,19-23,Juniors,64.3,66,,,,,,112.5,117.5,-120.0,,117.5,,,,,,117.5,4,93.89,94.29,91.74,67.61,Yes,,,PI,IPF,2018-03-16,India,,Ranchi,Indian Bench Press Championships,Yes
Hilde O. Dretvik,F,B,Single-ply,38.5,35-39,24-39,Open,75.2,84,,,,,,100.0,105.0,107.5,,107.5,,,,,,107.5,1,104.56,102.02,89.74,58.87,Yes,,,NSF,IPF,2013-03-23,Norway,,Alta,NM benkpress,Yes
Sergey Didovyk,M,SBD,Single-ply,20.5,20-23,19-23,Open,89.5,90,250.0,270.0,280.0,,280.0,180.0,190.0,-200.0,,190.0,245.0,260.0,270.0,,270.0,740.0,6,479.83,473.76,454.16,81.9,Yes,Ukraine,,UkrainePF,IPF,1999-02-24,Ukraine,,Kyiv,Ukrainian Powerlifting Championships,Yes
Viktor Bettyar,M,SBD,Single-ply,33.5,24-34,24-39,Open,80.2,82.5,,,,,,,,,,,,,,,,,DQ,,,,,Yes,,,FPR,IPF,1991-09-26,USSR,,Yekaterinburg,USSR Powerlifting Cup,Yes
Sam Stoeckmann,M,SBD,Raw,16.5,16-17,14-18,MR-V,101.5,105,-200.0,217.5,227.5,,227.5,-125.0,135.0,145.0,,145.0,172.5,185.0,200.0,,200.0,572.5,8,350.14,346.39,330.78,71.82,Yes,USA,WI,USAPL,IPF,2021-05-27,USA,CO,,High School and Teen National Championship,Yes
Ashley Parkinson,M,SBD,Raw,27.5,24-34,24-39,M-C-Open,102.6,105,175.0,190.0,200.0,,200.0,110.0,120.0,-130.0,,120.0,220.0,240.0,250.0,,250.0,570.0,6,347.04,343.47,327.97,71.14,Yes,England,YNE,EPA,IPF,2017-11-04,England,,,YNE Open,Yes
Hew Wei Qian,M,SBD,Raw,20.0,20-23,19-23,M-JR,119.0,120,,,,,235.0,,,,,160.0,,,,,270.0,665.0,1,382.99,383.08,367.05,77.59,Yes,,,MAP,IPF,2018-09-29,Malaysia,,,Malaysia Powerlifting Invitational,Yes
Romain Vrignaud,M,SBD,Raw,24.5,24-34,24-39,Seniors,63.0,66,115.0,120.0,-125.0,,120.0,67.5,72.5,-75.0,,72.5,135.0,142.5,150.0,,150.0,342.5,2,278.02,279.7,272.41,54.72,Yes,,,FFForce,IPF,2022-10-30,France,,Stains,On leve ca,Yes
Robin Figelman,F,SBD,Raw,51.5,50-54,50-59,FR-M,60.1,63,87.5,92.5,95.0,,95.0,70.0,-72.5,72.5,,72.5,95.0,100.0,107.5,,107.5,275.0,2,304.53,306.2,270.54,62.09,Yes,USA,NY,USAPL,IPF,2019-04-27,USA,NY,,BWC Spring Classic,Yes
Jennifer Swanson,F,SBD,Single-ply,18.0,18-19,,F-T,90.0,90,,,,,156.49,,,,,54.43,,,,,142.88,353.8,1,315.42,305.71,265.72,54.22,Yes,,,USAPL,IPF,2005-03-11,USA,WI,South Milwaukee,State High School Meet,Yes
Fredrik Aasgaard,M,SBD,Raw,,24-34,24-39,Open,80.3,83,180.0,-195.0,-195.0,,180.0,125.0,130.0,135.0,,135.0,205.0,220.0,-232.5,,220.0,535.0,1,368.1,364.39,351.04,75.31,Yes,,,NSF,IPF,2012-04-14,Norway,,Oslo,Klubbstevne,Yes
Robert Cunningham,M,SBD,Raw,35.0,35-39,24-39,MR-O,90.2,93,165.0,170.0,-172.5,,170.0,112.5,115.0,-117.5,,115.0,185.0,195.0,200.0,,200.0,485.0,9,313.25,309.27,296.38,64.41,Yes,England,NW,EPA,IPF,2022-02-12,England,,Manchester,North West Winter Open,Yes
Klara Haspel,F,SBD,Single-ply,18.0,18-19,14-18,Youth,80.98,84,162.5,-170.0,172.5,,172.5,105.0,110.0,115.5,,115.5,137.5,-150.0,-150.0,,137.5,425.5,1,398.52,386.74,338.92,67.92,Yes,Germany,,BVDK,IPF,2022-09-18,Germany,,Rottendorf,DM Kraftdreikampf Equipped/Classic - Jugend/Junioren,Yes
Catrin Resch,F,SBD,Single-ply,46.5,45-49,40-49,Masters 1,45.78,47,100.0,115.0,127.5,,127.5,75.0,-80.0,80.0,,80.0,110.0,120.0,130.0,,130.0,337.5,1,451.07,462.48,413.17,75.46,Yes,Germany,,EPF,IPF,2012-07-17,Czechia,,Pilsen,European Masters Powerlifting Championships,Yes
Konstantin Utarbekov,M,SBD,Single-ply,23.0,20-23,19-23,Open,81.8,83,,,,,310.0,,,,,220.0,,,,,270.0,800.0,1,544.55,538.69,518.52,93.18,Yes,Russia,,FPR,IPF,2019-11-16,Russia,CHE,Chelyabinsk,Chelyabinsk Oblast Powerlifting Championships,Yes
Elmar Kottusch,M,SBD,Single-ply,48.0,45-49,40-49,Masters 1,66.9,67.5,-150.0,150.0,165.0,,165.0,90.0,100.0,105.0,,105.0,170.0,195.0,210.0,,210.0,480.0,3,372.37,372.76,361.98,63.68,Yes,Germany,,BVDK,IPF,2010-09-11,Germany,HE,Wiesbaden,Hessische Landesmeisterschaft im Kraftdreikampf,Yes
Gert Olsen,M,B,Single-ply,47.5,45-49,40-49,Masters 1,73.0,74,,,,,,-127.5,-127.5,-127.5,,,,,,,,,DQ,,,,,Yes,Denmark,,IPF,IPF,2011-04-13,Denmark,,Rodby,World Masters Bench Press Championships,Yes
Sergey Sokolov #12,M,B,Single-ply,19.5,20-23,19-23,Juniors,81.65,83,,,,,,140.0,150.0,155.0,,155.0,,,,,,155.0,2,105.62,104.49,100.58,55.83,Yes,Russia,,FPR,IPF,2013-04-26,Russia,LEN,St. Petersburg,St. Petersburg Bench Press Championships,Yes
Jari Niskanen,M,B,Single-ply,55.5,55-59,50-59,Over 50,111.32,120,,,,,,200.0,205.0,-215.0,,205.0,,,,,,205.0,1,120.88,120.21,114.93,62.05,Yes,Finland,,SVNL,IPF,2019-12-07,Finland,,Pornainen,Varustepenkkipunnerruksen SM-kisat kaikille ikäluokille,Yes
罗卓姿,F,SBD,Raw,27.0,24-34,24-39,Open,54.25,57,80.0,85.0,90.0,,90.0,30.0,-35.0,-35.0,,30.0,100.0,115.0,125.0,,125.0,245.0,1,290.08,295.53,261.6,59.72,Yes,,,IPF-China,IPF,2023-12-24,China,GD,Zhuhai,力量举俱乐部赛珠海站,Yes
Kaj Wasenius,M,SBD,Raw,51.0,50-54,50-59,Over 50,102.82,105,,,,,190.0,,,,,130.0,,,,,230.0,550.0,6,334.56,331.15,316.21,68.57,Yes,Finland,,SVNL,IPF,2023-12-01,Finland,,Kankaanpää,Masters klassisen voimanoston SM-kilpailu,Yes
Alina Marthe Muske,F,SBD,Raw,18.5,18-19,19-23,Juniors,63.0,63,-90.0,-90.0,90.0,,90.0,-50.0,52.5,-60.0,,52.5,-100.0,100.0,110.0,,110.0,252.5,9,271.57,271.17,239.45,55.24,Yes,,,BVDK,IPF,2018-10-20,Germany,BY,Randersacker,DM KDK Classic Jugend und Junioren,Yes
Kelly Farrer,F,SBD,Raw,40.0,40-44,40-49,F-C-M1,116.6,84+,135.0,-145.0,145.0,,145.0,80.0,85.0,90.0,,90.0,135.0,150.0,165.0,,165.0,400.0,4,323.65,321.53,272.89,68.92,Yes,England,NM,BP,IPF,2019-10-26,UK,,Lincoln,British Masters Classic Powerlifting Championships,Yes
Julie Tronsmo,F,SBD,Single-ply,,,,Open,71.5,75,,,,,115.0,,,,,75.0,,,,,145.0,335.0,1,334.8,328.5,289.41,56.57,Yes,,,NSF,IPF,2004-02-07,Norway,,Melhus,Midt-Norsk,Yes
Sergey Smirnov,M,SBD,Single-ply,15.5,16-17,14-18,Sub-Juniors,71.3,75,-170.0,-175.0,-180.0,,,,,,,,,,,,,,DQ,,,,,Yes,,,FPR,IPF,1991-04-19,USSR,,Mariupol,All-Soviet Youth & Junior Powerlifting Championships,Yes
Heli Leppä,F,SBD,Single-ply,,,,Under 23,48.0,48,,,,,70.0,,,,,30.0,,,,,90.0,190.0,1,245.19,251.64,223.98,40.98,Yes,,,SVNL,IPF,1999-01-18,Finland,,Leppävirta,Nuorten 17 v. voimanoston SM -kisat,Yes
Trevan Craig,M,SBD,Raw,15.5,16-17,14-18,MR-T1,54.0,59,68.0,81.7,95.3,,95.3,31.8,-47.6,56.7,,56.7,102.1,117.9,136.1,,136.1,288.0,1,266.32,271.84,267.11,49.98,Yes,USA,AK,USAPL,IPF,2016-05-07,USA,AK,,19th Ketchikan Spring Powerlifting Meet,Yes
Dustin Unrau,M,SBD,Raw,,,,Open,89.9,93,172.5,180.0,185.0,,185.0,107.5,-115.0,-115.0,,107.5,212.5,-220.0,-220.0,,212.5,505.0,3,326.72,322.57,309.17,67.17,Yes,Canada,MB,CPU,IPF,2024-11-10,Canada,MB,Winnipeg,Manitoba Collegiate Powerlifting Challenge,Yes
Oleg Zogol,M,SBD,Raw,27.5,24-34,24-39,Open,89.9,93,150.0,160.0,-165.0,,160.0,145.0,152.5,-157.5,,152.5,175.0,-185.0,-190.0,,175.0,487.5,4,315.39,311.39,298.45,64.84,Yes,Russia,,FPR,IPF,2011-12-17,Russia,MOW,Kurovskoe,Moscow Oblast Classic Powerlifting Championships,Yes
Jeffrey Snyder,M,B,Single-ply,43.5,40-44,40-49,Masters 1,134.0,120+,,,,,,-340.0,342.5,-363.0,,342.5,,,,,,342.5,1,190.06,192.71,183.73,97.38,Yes,USA,,IPF,IPF,2015-04-16,USA,CO,Aurora,World Masters Bench Press Championships,Yes
Zach Divin,M,SBD,Single-ply,19.0,18-19,19-23,M-C,66.4,67.5,,,,,190.0,,,,,117.5,,,,,202.5,510.0,1,397.82,398.47,387.09,68.02,Yes,USA,,USAPL,IPF,2009-11-14,USA,TX,Austin,Longhorn Open,Yes
Antti Savolainen,M,B,Raw,41.5,40-44,40-49,Open,65.96,66,,,,,,140.0,150.0,-155.0,,150.0,,,,,,150.0,1,117.58,117.84,114.51,85.11,Yes,Finland,,SVNL,IPF,2020-02-21,Finland,,Salo,Klassisen penkkipunnerruksen SM-kisat,Yes
Billy Keel,M,SBD,Single-ply,,,,Open,67.5,67.5,,,,,235.0,,,,,145.0,,,,,272.5,652.5,1,502.91,503.09,488.34,86.02,,,,USPF,IPF,1981-12-12,USA,AL,Jasper,Heart of Dixie Open-Novice,Yes
Eija Auvinen,F,SBD,Raw,51.5,50-54,50-59,Over 50,55.65,57,70.0,75.0,80.0,,80.0,42.5,45.0,47.5,,47.5,100.0,107.5,120.0,,120.0,247.5,1,288.08,292.64,258.89,59.13,Yes,Finland,,SVNL,IPF,2013-03-01,Finland,,Sotkamo,Nuorten ja veteraanien voimanoston SM-kisat,Yes
Gilles Augier,M,B,Raw,49.0,45-49,40-49,Masters 2,90.5,93,,,,,,167.5,-170.0,-170.0,,167.5,,,,,,167.5,1,108.01,106.63,102.17,80.54,Yes,France,,FFForce,IPF,2017-11-11,France,,Tarare,Départemental DC BP LAURAF,Yes
Crystal Schnapp,F,SBD,Single-ply,16.5,16-17,14-18,F-T2,81.7,84,,,,,106.6,,,,,47.6,,,,,131.5,285.7,17,266.42,258.44,226.37,45.44,Yes,USA,,USAPL,IPF,2015-03-14,USA,WI,,WHSPA State Meet,Yes
Florian Meinhardt,M,SBD,Raw,29.5,24-34,24-39,Open,97.4,105,190.0,200.0,207.5,,207.5,125.0,130.0,-135.0,,130.0,220.0,235.0,-245.0,,235.0,572.5,3,356.5,352.23,336.61,73.24,Yes,,,OEVK,IPF,2019-04-13,Austria,,Paternion,Kärntner Meisterschaft,Yes
R. Pyle,M,SBD,Single-ply,,,,Novice,67.5,67.5,,,,,111.13,,,,,79.38,,,,,154.22,344.73,14,265.7,265.79,258.0,45.45,,,,USPF,IPF,1980-11-15,USA,MD,Andrews AFB,Temple Hills Open/Novice/PVA,Yes
Samuel Duncombe,M,B,Raw,16.5,16-17,14-18,U18,72.6,75,,,,,,85.0,-87.5,87.5,,87.5,,,,,,87.5,1,64.12,63.81,61.74,47.14,Yes,,,BAWLA,IPF,2006-01-01,UK,,Milton Keynes,British Unequipped Bench Press,Yes
Dmitriy Protopopov,M,B,Raw,24.5,24-34,24-39,Open,80.2,83,,,,,,130.0,-140.0,140.0,,140.0,,,,,,140.0,8,96.39,95.43,91.94,71.58,Yes,,,FPR,IPF,2013-05-10,Russia,IRK,Irkutsk,Irkutsk Victory Cup,Yes
Valeriy Makhalov,M,SBD,Raw,26.5,24-34,24-39,Open,82.02,83,,,,,235.0,,,,,155.0,,,,,200.0,590.0,9,400.99,396.64,381.74,82.16,Yes,Russia,,FPR,IPF,2017-04-30,Russia,MOW,Moscow,Moscow Lights Tournament,Yes
D. Yoshizaki,M,SBD,Single-ply,,,,Open,67.5,67.5,,,,,192.78,,,,,113.4,,,,,185.97,492.15,3,379.32,379.46,368.33,64.88,,,,USPF,IPF,1980-08-30,USA,CA,San Francisco,Northern Cal Jr Championships,Yes
Markus Jago-Jaagu,M,SBD,Single-ply,15.5,16-17,14-18,Open,75.33,83,105.0,115.0,120.0,,120.0,60.0,70.0,-72.5,,70.0,120.0,130.0,-140.0,,130.0,320.0,7,228.93,227.33,219.61,39.21,Yes,,,EJTL,IPF,2019-04-20,Estonia,,Kilingi-Nõmme,Estonian Powerlifting Championships,Yes
Cedric Oliver Rinn,M,B,Raw,18.0,18-19,14-18,Sub-Juniors,93.2,105,,,,,,130.0,140.0,145.0,,145.0,,,,,,145.0,1,92.16,91.0,87.08,68.72,Yes,,,BVDK,IPF,2021-08-07,Germany,HE,Langen,Landesmeisterschaft Bankdrücken,Yes
Aleksandr Gulyaev,M,B,Raw,23.5,24-34,24-39,Open,91.45,93,,,,,,140.0,145.0,-150.0,,145.0,,,,,,145.0,5,93.01,91.83,87.95,69.36,Yes,Russia,,FPR,IPF,2017-01-20,Russia,NIZ,Trans-Volga,Nizhny Novgorod Oblast Bench Press Championships,Yes
Oldřich Halfar,M,SBD,Single-ply,20.5,20-23,19-23,Open,79.3,82.5,,,,,155.0,,,,,107.5,,,,,210.0,472.5,7,327.51,324.38,312.67,56.07,Yes,,,CSST,IPF,1994-09-12,Czechia,,Zlín,Moravska Liga II,Yes
Lisa Lieberknecht,F,SBD,Raw,18.0,18-19,14-18,Sub-Juniors,79.2,84,107.5,-117.5,-117.5,,107.5,60.0,65.0,-67.5,,65.0,110.0,120.0,127.5,,127.5,300.0,1,284.1,276.06,242.23,58.05,Yes,Germany,BB,BVDK,IPF,2016-09-16,Germany,BB,Lauchhammer,DM Classic/RAW Kraftdreikampf,Yes
Skylar Miner,M,SBD,Single-ply,18.0,18-19,14-18,M-V,51.52,52,107.5,115.0,-122.5,,115.0,67.5,-75.0,75.0,,75.0,130.0,140.0,147.5,,147.5,337.5,3,326.12,334.43,329.53,54.88,Yes,,,USAPL,IPF,2013-04-05,USA,CO,Denver,High School Nationals,Yes
Mikko Kokkonen,M,SBD,Raw,39.5,35-39,40-49,Over 40,122.6,120+,150.0,170.0,-180.0,,170.0,140.0,150.0,-157.5,,150.0,200.0,210.0,215.0,,215.0,535.0,1,305.1,306.11,293.26,61.62,Yes,,,SVNL,IPF,2016-02-27,Finland,,Pori,Kansallinen klassinen voimanosto,Yes
Nikolay Belchenko,M,SBD,Single-ply,15.5,16-17,14-18,Juniors,45.7,53,,,,,90.0,,,,,50.0,,,,,105.0,245.0,4,267.34,277.42,274.93,44.34,Yes,,,FPR,IPF,2014-10-31,Russia,BRY,Fokino,Bryansk Oblast Powerlifting Championships,Yes
Vladislav Gobadze,M,B,Raw,22.0,20-23,19-23,Open,116.6,120,,,,,,170.0,177.5,-185.0,,177.5,,,,,,177.5,9,102.94,102.77,98.42,75.82,Yes,,,FPR,IPF,2017-12-16,Russia,IRK,Irkutsk,Irutsk Oblast Bench Press Championships,Yes
Rafik Talaev,M,SBD,Single-ply,15.5,16-17,14-18,Open,59.2,66,,,,,110.0,,,,,80.0,,,,,120.0,310.0,16,264.57,267.67,261.58,45.02,Yes,Russia,,FPR,IPF,2014-12-10,Russia,YAN,Tarko-Sale,Ural Powerlifting Championships,Yes
Savannah Fatigoni,F,SBD,Raw,27.0,24-34,24-39,FR-O,117.8,84+,-82.5,82.5,90.0,,90.0,-52.5,55.0,57.5,,57.5,85.0,102.5,110.0,,110.0,257.5,1,207.71,206.6,175.25,44.28,Yes,USA,AZ,AMP,IPF,2025-07-12,USA,AZ,Surprise,Barbell Battle of Independence,Yes
A. Lauritsen,F,SBD,Single-ply,,,,Teen,60.0,60,,,,,81.65,,,,,61.24,,,,,120.2,263.08,3,291.64,293.3,259.15,48.86,,,,USPF,IPF,1982-12-01,USA,NM,Grants,Cibola Invitational,Yes
Jordan Ricketts,M,B,Raw,,,,Juniors,73.2,74,,,,,,110.0,-115.0,-115.0,,110.0,,,,,,110.0,1,80.17,79.74,77.13,59.0,Yes,,,PA,IPF,2012-08-19,Australia,NSW,Sydney,Total Strength Elite Max,Yes
Simone Carniel,M,SBD,Single-ply,31.5,24-34,24-39,Open,82.13,83,-295.0,-300.0,305.0,,305.0,195.0,200.0,-202.5,,200.0,280.0,-302.5,-302.5,,280.0,785.0,6,533.11,527.3,507.47,91.21,Yes,Italy,,EPF,IPF,2022-05-03,Czechia,,Pilsen,European Powerlifting Championships,Yes
Viktor Krylov,M,SBD,Raw,17.5,18-19,14-18,Sub-Juniors,52.8,53,,,,,90.0,,,,,57.5,,,,,137.5,285.0,3,269.08,275.26,270.83,50.06,Yes,Russia,,FPR,IPF,2019-04-05,Russia,CHE,Chelyabinsk,Chelyabinsk Oblast Sub-Juniors Classic Powerlifting Championships,Yes
P. Nies,M,SBD,Single-ply,,,,Masters,60.0,60,,,,,125.0,,,,,52.5,,,,,155.0,332.5,1,280.64,283.58,276.92,47.79,Yes,,,NPB,IPF,1990-04-15,Netherlands,,,Dutch Masters Powerlifting Championships,Yes
Michael Zivanovich,M,SBD,Raw,40.0,40-44,40-49,Masters 1,157.0,120+,,,,,340.0,,,,,245.0,,,,,320.0,905.0,1,480.81,497.5,467.92,94.44,Yes,Canada,ON,CPU,IPF,2018-11-02,Canada,ON,Ottawa,Ontario Open and Masters Provincials,Yes
Michael Tanzer,M,SBD,Raw,29.5,24-34,24-39,MR-O,82.9,83,197.5,210.0,215.0,,215.0,165.0,172.5,-177.5,,172.5,225.0,242.5,250.0,,250.0,637.5,4,430.66,425.84,409.65,88.3,Yes,USA,NY,USAPL,IPF,2018-04-28,USA,NY,,SBWC Spring Classic,Yes
Karl Sebastian Advincula,M,SBD,Raw,19.5,20-23,19-23,Novice,81.7,83,,,,,192.5,,,,,105.0,,,,,222.5,520.0,3,354.21,350.41,337.31,72.56,Yes,,,PAP,IPF,2024-06-21,Philippines,,,Visayas Classic Powerlifting Championships,Yes
Kevin Johnson #4,M,B,Single-ply,62.5,60-64,60-69,M-M3,119.5,120,,,,,,215.0,-225.0,-225.0,,215.0,,,,,,215.0,1,123.65,123.73,118.56,63.34,Yes,USA,NY,USAPL,IPF,2017-01-28,USA,NY,,Northeast Iron Beast Classic IV NYS Championships,Yes
Denis Stolnikov,M,SBD,Raw,16.5,16-17,14-18,Sub-Juniors,64.2,66,,,,,170.0,,,,,135.5,,,,,177.5,483.0,3,386.4,388.11,377.64,76.4,Yes,Russia,,FPR,IPF,2019-02-27,Russia,MOW,Moscow,Russian Juniors & Sub-Juniors Classic Powerlifting Championships,Yes
Charlie Catt,M,SBD,Raw,,,,MR-O,84.9,93,190.0,200.0,210.0,,210.0,125.0,135.0,-140.0,,135.0,220.0,240.0,260.0,,260.0,605.0,2,403.34,398.56,382.99,82.8,Yes,England,,EPA,IPF,2021-07-18,England,,,South Midlands Summer Sizzler,Yes
Erik Rasmussen,M,SBD,Single-ply,61.5,60-64,60-69,Open,90.47,93,170.0,,,,170.0,170.0,-180.0,,,170.0,125.0,-127.5,-127.5,,125.0,465.0,1,299.88,296.07,283.69,51.17,Yes,Denmark,,DSF,IPF,2024-09-08,Denmark,,Albertslund SF,SM Styrkeløft,Yes
Konstantin Pavlov,M,B,Single-ply,21.5,20-23,19-23,Open,55.1,56,,,,,,,,,,162.5,,,,,,162.5,1,147.55,150.31,147.52,87.62,Yes,Russia,,IPF,IPF,1996-12-01,Denmark,,Silkeborg,World Bench Press Championships,Yes
Joshua Marvil,M,SBD,Raw,21.5,20-23,19-23,MR-Jr,89.9,93,162.5,175.0,-185.0,,175.0,110.0,120.0,-127.5,,120.0,185.0,195.0,205.0,,205.0,500.0,1,323.48,319.38,306.11,66.51,Yes,USA,MI,USAPL,IPF,2016-11-05,USA,MI,,Michigan Powerlifting and BP State Championships,Yes
H. Copper,M,SBD,Single-ply,,,,Novice,110.0,110,,,,,230.0,,,,,167.5,,,,,265.0,662.5,2,392.38,389.88,372.62,66.34,,,,USPF,IPF,1982-10-09,USA,MD,Temple Hills,Temple Hills Open,Yes
Erik Borgan,M,SBD,Raw,63.5,60-64,60-69,Masters 60-69,89.4,93,150.0,160.0,170.0,,170.0,115.0,120.0,125.0,,125.0,170.0,180.0,190.0,,190.0,485.0,1,314.66,310.68,297.85,64.69,Yes,,,NSF,IPF,2018-02-14,Norway,,Frogner,Klubbstevne,Yes
M. Brandazzi,M,SBD,Single-ply,,,,Juniors,75.0,75,,,,,,,,,,,,,,,,500.0,7,358.71,356.28,344.25,61.43,Yes,,,FIPL,IPF,1984-01-01,Italy,,,Italian Juniors Powerlifting Championships,Yes
R. Navratil,M,B,Single-ply,29.5,24-34,24-39,Open,66.2,67.5,,,,,,,,,,130.0,,,,,,130.0,2,101.63,101.82,98.93,56.23,Yes,,,CSST,IPF,1998-10-17,Czechia,,,Mistrovství Moravy v Tlaku v Lehu Žen,Yes
Charles Netleton,M,B,Raw,,,,Novice,100.0,100,,,,,,,,,,170.1,,,,,,170.1,4,104.7,103.52,98.87,77.93,,,,USPF,IPF,1985-11-09,USA,GA,Atlanta,Eastern America Bench,Yes
Alexander Smith,M,SBD,Single-ply,21.0,20-23,19-23,M-C,75.0,75,,,,,257.5,,,,,172.5,,,,,217.5,647.5,1,464.53,461.38,445.81,79.55,Yes,,,USAPL,IPF,2011-11-12,USA,TX,Austin,Longhorn Open,Yes
Aleksander Volmers,M,SBD,Single-ply,18.5,18-19,19-23,Open,81.7,83,,,,,180.0,,,,,140.0,,,,,230.0,550.0,6,374.64,370.62,356.77,64.1,Yes,,,EJTL,IPF,2014-03-29,Estonia,,Tallinn,Estonian Powerlifting Championships,Yes
Abbigail Zeller,F,SBD,Raw,15.5,16-17,14-18,FR-HS,62.7,63,80.0,-85.0,-85.0,,80.0,52.5,-55.0,55.0,,55.0,117.5,120.0,-122.5,,120.0,255.0,14,275.06,274.85,242.71,55.96,Yes,USA,WI,USAPL,IPF,2020-03-07,USA,WI,,WHSPA State Powerlifting Championships,Yes
G. Martin,M,BD,Single-ply,,24-34,,Open,100.0,100,,,,,,,,,,125.0,,,,,200.0,325.0,6,200.04,197.79,188.91,,,,,USPF,IPF,1987-04-18,USA,OH,Belpre,Mid Ohio Valley Open BP-DL,Yes
Sachin,M,SBD,Raw,19.5,20-23,19-23,Juniors,74.0,74,,,,,160.0,,,,,100.0,,,,,230.0,490.0,9,354.59,352.46,340.76,71.94,Yes,India,,PI,IPF,2022-08-10,India,,Kasaragod,National Sub Junior & Junior Classic Powerlifting Championship,Yes
Tetyana Melnyk,F,SBD,Single-ply,22.5,20-23,19-23,Juniors,59.5,60,175.0,190.0,200.0,,200.0,105.0,110.0,-112.5,,110.0,175.0,185.0,-190.0,,185.0,495.0,1,551.64,555.46,490.84,92.4,Yes,Ukraine,,EPF,IPF,2008-06-10,Ukraine,,Mariupol,European Juniors Powerlifting Championship,Yes
Jodie Fox,F,SBD,Raw,19.0,18-19,19-23,FR-Jr,67.0,69,110.0,117.5,122.5,,122.5,57.5,62.5,-65.0,,62.5,122.5,132.5,140.0,,140.0,325.0,1,336.98,333.48,294.21,68.47,Yes,England,,EPA,IPF,2025-02-23,England,NM,Nottingham,Ramadan Rumble,Yes
Daniil Moshkutov,M,SBD,Raw,20.5,20-23,19-23,Open,73.95,74,,,,,190.0,,,,,147.5,,,,,230.0,567.5,8,410.85,408.41,394.86,83.34,Yes,,,FPR,IPF,2018-12-06,Russia,KHA,Khabarovsk,Far Eastern Classic Powerlifting Championships,Yes
Krystin Krodle,F,SBD,Single-ply,18.5,18-19,19-23,F-C,59.7,63,117.5,-127.5,-135.0,,117.5,72.5,-77.5,80.0,,80.0,120.0,-127.5,-127.5,,120.0,317.5,9,353.08,355.36,314.0,59.15,Yes,USA,,USAPL,IPF,2013-04-12,USA,TX,Killeen,Collegiate Nationals,Yes
Susan Cortese,F,SBD,Single-ply,,,,Women,67.5,67.5,,,,,83.91,,,,,68.04,,,,,122.47,274.42,2,283.31,280.08,247.07,47.71,,,,USPF,IPF,1984-11-16,USA,VA,Woodbridge,Potomac Open,Yes
Carlos Trocado,M,D,Raw,,,40-49,Masters 1,77.1,83,,,,,,,,,,,,,,,130.0,130.0,2,91.66,90.9,87.73,,Yes,,,BVDK,IPF,2014-10-18,Germany,NRW,Essen,LM Kreuzheben NRW,Yes
O. Andrutskaya,F,SBD,Single-ply,16.5,16-17,14-18,Teen,88.6,84+,,,,,155.0,,,,,57.2,,,,,115.0,327.2,5,293.75,284.61,247.74,50.43,Yes,,,KPF,IPF,2016-03-02,Kazakhstan,,Shymkent,Kazakhstan Powerlifting Cup,Yes
Angie Holberg,F,SBD,Single-ply,,,,F-T,56.0,56,,,,,95.25,,,,,43.09,,,,,108.86,247.21,9,286.55,290.87,257.28,47.92,Yes,,,USAPL,IPF,2002-03-08,USA,WI,,State Meet,Yes
Katie Kneifl,F,SBD,Single-ply,15.0,13-15,14-18,F-T1,60.0,60,,,,,99.79,,,,,52.62,,,,,110.22,262.63,1,291.14,292.8,258.71,48.78,Yes,USA,,USAPL,IPF,2005-02-19,USA,SD,Sioux Falls,State Championships,Yes
D. Bush,M,SBD,Single-ply,,,,Open,60.0,60,,,,,74.84,,,,,61.24,,,,,104.33,240.41,4,202.92,205.04,200.22,34.55,,,,USPF,IPF,1981-04-12,USA,AZ,Tucson,University of Arizona Meet,Yes
Maggie Sandoval,F,SBD,Single-ply,24.5,24-34,24-39,Open,75.0,75,,,,,145.0,,,,,75.0,,,,,172.5,392.5,3,382.29,373.13,328.22,64.79,,USA,,USPF,IPF,1984-08-11,USA,CA,West Pittsburgh,California State Women's,Yes
Sara Rehnlund,F,SBD,Raw,,,,Open,88.5,84+,87.5,92.5,100.0,,100.0,55.0,57.5,60.0,,60.0,117.5,125.0,130.0,,130.0,290.0,1,260.48,252.38,219.71,53.72,Yes,,,NSF,IPF,2022-06-11,Norway,,Trondheim,Klubbstevne,Yes
Ashley Nearing,F,SBD,Raw,25.5,24-34,24-39,Open,62.2,63,137.5,147.5,152.5,,152.5,65.0,70.0,75.0,,75.0,152.5,162.5,-167.5,,162.5,390.0,4,422.74,422.93,373.51,86.04,Yes,Canada,ON,CPU,IPF,2024-02-18,Canada,ON,Belleville,Central Canadian Championships,Yes
Lorenzo Peterson,M,B,Raw,34.0,24-34,24-39,MR-O,108.3,120,,,,,,157.5,167.5,182.5,,182.5,,,,,,182.5,3,108.73,107.93,103.11,80.56,Yes,USA,,USAPL,IPF,2015-11-21,USA,WY,,5th Annual Wyoming State Powerlifting Championships,Yes
E. Preskitt,F,SBD,Single-ply,35.5,35-39,24-39,Open,52.0,52,,,,,90.0,,,,,47.5,,,,,107.5,245.0,1,298.63,305.43,270.73,49.9,,,,USPF,IPF,1982-02-27,USA,OK,Shawnee,Oklahoma State Championships,Yes
Geoffrey Marotte,M,SBD,Raw,23.5,24-34,24-39,Seniors,96.8,105,220.0,240.0,-245.0,,240.0,140.0,147.5,-150.0,,147.5,250.0,275.0,-285.0,,275.0,662.5,2,413.7,408.68,390.62,85.0,Yes,,,FFForce,IPF,2024-03-23,France,,Avallon,Open d'Avallon,Yes
Luis Munoz #1,M,B,Single-ply,28.5,24-34,24-39,M-O,113.9,120,,,,,,220.0,232.5,-250.0,,232.5,,,,,,232.5,4,135.95,135.45,129.61,69.73,Yes,USA,TX,USAPL,IPF,2017-09-09,USA,TX,Killeen,Bench Press Nationals,Yes
Timothy Duhon,M,SBD,Raw,20.5,20-23,19-23,MR-Jr,92.6,93,210.0,222.5,235.0,,235.0,127.5,135.0,142.5,,142.5,230.0,242.5,255.0,,255.0,632.5,1,403.27,398.15,381.13,82.92,Yes,USA,LA,USAPL,IPF,2019-06-22,USA,LA,,Calcasieu Cup,Yes
Tyson Veniot,M,B,Raw,16.5,16-17,14-18,Sub-Juniors,55.0,59,,,,,,,,,,80.0,,,,,,80.0,1,72.76,74.13,72.76,50.21,Yes,Canada,PE,CPU,IPF,2016-12-03,Canada,PE,Montague,PEI Open and Masters Provincials,Yes
Robert Unt,M,B,Raw,,,,Open,135.9,120+,,,,,,,,,,205.0,,,,,,205.0,2,113.3,115.08,109.6,82.18,Yes,,,SSF,IPF,2013-07-04,Sweden,,,SM Klassisk Bänkpress,Yes
Vera Semka,F,B,Single-ply,23.5,24-34,24-39,Open,78.25,84,,,,,,40.0,50.0,-57.5,,50.0,,,,,,50.0,3,47.64,46.33,40.68,26.89,Yes,Russia,,FPR,IPF,2016-04-30,Russia,NVS,Novosibirsk,Novosibirsk Oblast Powerlifting and Bench Press Championships,Yes
Ugis Smirnovs,M,B,Raw,33.0,24-34,24-39,Open,82.95,83,,,,,,180.0,-185.0,-185.0,,180.0,,,,,,180.0,5,121.56,120.19,115.62,90.44,Yes,Latvia,,EPF,IPF,2017-08-10,Finland,,Ylitornio,European Classic Bench Press Championships,Yes
Sandra Simmons,F,B,Raw,72.0,70-74,70-999,FR-M4a,61.8,63,,,,,,37.5,40.0,42.5,,42.5,,,,,,42.5,1,46.25,46.32,40.91,35.86,Yes,USA,FL,USAPL,IPF,2020-12-13,USA,FL,,Florida Senior Games,Yes
Marsel Debelak,M,SBD,Raw,15.0,13-15,14-18,O,71.98,74,90.0,92.5,-100.0,,92.5,70.0,-77.5,-77.5,,70.0,140.0,145.0,152.5,,152.5,315.0,3,232.15,231.17,223.75,46.92,Yes,Slovenia,,PLZS,IPF,2021-12-18,Slovenia,,Ljubljana,Prednovoletno tekmovanje,Yes
Lillian Pham,F,SBD,Raw,,,,Open,55.8,57,,,,,120.0,,,,,42.5,,,,,125.0,287.5,1,334.04,339.22,300.08,68.54,Yes,Canada,ON,CPU,IPF,2015-05-09,Canada,ON,St. Catherines,Niagara Open,Yes
Angela Alferez,F,SBD,Single-ply,18.5,18-19,19-23,Juniors,57.3,63,,,,,115.0,,,,,,,,,,65.0,,DQ,,,,,Yes,Philippines,,AsianPF,IPF,2018-05-02,India,,Udaipur,Asian Powerlifting Championships,Yes
Mike Boston,M,SBD,Single-ply,30.0,24-34,24-39,Open,56.0,56,,,,,124.74,,,,,90.72,,,,,181.44,396.89,3,355.24,361.31,354.24,60.22,,USA,,USPF,IPF,1981-06-20,USA,PA,Clearfield,Pennsylvania State,Yes
Aidan Reynolds,M,SBD,Raw,26.5,24-34,24-39,Open,99.1,105,200.0,-210.0,210.0,,210.0,170.0,-180.0,-180.0,,170.0,210.0,215.0,-220.0,,215.0,595.0,5,367.68,363.44,347.18,75.49,Yes,Australia,,PA,IPF,2015-09-12,Australia,WA,Perth,Perth Fitness and Health Expo Championships,Yes
Sergey Petrushin,M,SBD,Single-ply,30.5,24-34,24-39,Open,118.8,120,,,,,350.0,,,,,220.0,,,,,300.0,870.0,5,501.33,501.37,480.38,84.41,Yes,,,FPR,IPF,2012-11-28,Russia,MOW,Moscow,Central Federal District and Moscow City Powerlifing Championships,Yes
William Trelnuk,M,SBD,Raw,,,,Open,79.1,83,,,,,155.0,,,,,115.0,,,,,197.5,467.5,4,324.54,321.47,309.9,66.32,Yes,Canada,SK,CPU,IPF,2014-05-17,Canada,SK,Saskatoon,Reebok Crossfit 306 Open,Yes
Robert van der Tak,M,SBD,Single-ply,31.5,24-34,24-39,Open,118.4,125,,,,,,,,,,,,,,,,872.5,2,503.35,503.22,482.12,84.76,Yes,Netherlands,,NPB,IPF,1988-10-16,Netherlands,,Eindhoven,1st Match Dutch Competition,Yes
Linh Nguyen #3,F,SBD,Raw,26.5,24-34,24-39,FR-O,54.4,57,75.0,82.5,90.0,,90.0,-47.5,47.5,-50.0,,47.5,130.0,142.5,155.0,,155.0,292.5,4,345.68,352.06,311.62,71.14,Yes,USA,CO,USAPL,IPF,2017-07-30,USA,CO,,Rocky Mountain State Games,Yes
D. Pic,M,SBD,Single-ply,,,,Open,90.0,90,,,,,167.83,,,,,145.15,,,,,204.12,517.1,12,334.36,330.11,316.38,57.06,,,,USPF,IPF,1980-03-22,USA,IA,Muscatine,Muscatine Open,Yes
Alexa Barber,F,SBD,Raw,17.5,18-19,14-18,FR-O,71.4,72,102.5,107.5,112.5,,112.5,45.0,50.0,55.0,,55.0,107.5,115.0,120.0,,120.0,287.5,4,287.55,282.19,248.62,58.47,Yes,USA,LA,USAPL,IPF,2017-11-18,USA,LA,,Abbeville Open and Collegiate Championships,Yes
Leo Wright #1,M,SBD,Raw,22.0,20-23,19-23,MR-Jr,103.4,105,237.5,255.0,267.5,,267.5,140.0,147.5,152.5,,152.5,265.0,285.0,300.0,,300.0,720.0,12,436.96,432.61,413.08,89.53,Yes,Scotland,,BP,IPF,2025-03-28,England,WM,Wolverhampton,British Junior Powerlifting Championships,Yes
Evgeniy Chilingaridi,M,SBD,Raw,25.5,24-34,24-39,Open,92.1,93,,,,,195.0,,,,,,,,,,,,DQ,,,,,Yes,,,FPR,IPF,2018-04-29,Russia,MOW,Moscow,Moscow Lights Tournament,Yes
Raj Kumar #2,M,SBD,Raw,51.5,50-54,50-59,MR-M2a,78.2,83,120.0,127.5,132.5,,132.5,90.0,95.0,97.5,,97.5,142.5,152.5,160.0,,160.0,390.0,1,272.61,270.17,260.58,55.65,Yes,USA,PA,USAPL,IPF,2017-04-08,USA,PA,,Pennsylvania State Championship,Yes
John Ruthardt,M,SBD,Single-ply,,,,Open,110.0,110,,,,,292.5,,,,,192.5,,,,,272.5,757.5,1,448.64,445.78,426.06,75.85,,USA,,USPF,IPF,1988-11-05,USA,TX,Houston,Edward S. Hudson Memorial,Yes
Anastasiya Mikhlina,F,SBD,Single-ply,22.5,20-23,19-23,Open,68.0,72,,,,,105.0,,,,,55.0,,,,,100.0,260.0,6,267.28,263.97,232.82,45.03,Yes,,,FPR,IPF,2015-12-11,Russia,IRK,Irkutsk,Siberian Powerlifting Championships,Yes
Kari Kallinki,M,SBD,Single-ply,,,,Open,110.0,110,,,,,290.0,,,,,185.0,,,,,287.5,762.5,11,451.6,448.73,428.87,76.35,Yes,Finland,,SVNL,IPF,1991-03-02,Finland,,Helsinki,Miesten voimanoston SM -kisat,Yes
Nicolò Cristofaro,M,SBD,Raw,14.5,13-15,14-18,Sub-Junior,72.04,74,145.0,152.5,160.0,,160.0,90.0,97.5,105.0,,105.0,190.0,200.0,210.0,,210.0,475.0,38,349.88,348.37,337.19,70.72,Yes,,,FIPL,IPF,2024-05-31,Italy,,S.Zenone al Lambro,1° Gara Nazionale Open Classic Maschile Qualificante WEC,Yes
Mariya Zherebtsova,F,SBD,Single-ply,17.5,18-19,14-18,Open,57.0,57,,,,,137.5,,,,,57.5,,,,,117.5,312.5,4,358.03,362.62,320.65,59.9,Yes,,,FPR,IPF,2013-12-13,Russia,STA,Georgievsk,Southern & Northern Caucasus Powerlifting Championships,Yes
Hannah Simpson,F,SBD,Raw,,,,Open,96.7,84+,150.0,155.0,160.0,,160.0,72.5,75.0,-80.0,,75.0,135.0,142.5,147.5,,147.5,382.5,1,330.79,321.8,277.58,68.86,Yes,Australia,,APLA,IPF,2025-07-12,Australia,NSW,,Barbell Geisha: Genesis,Yes
Michal Komprda,M,SBD,Raw,22.5,20-23,19-23,Juniors,82.1,83,187.5,-197.5,202.5,,202.5,135.0,145.0,150.0,,150.0,235.0,247.5,-252.5,,247.5,600.0,2,407.56,403.12,387.97,83.52,Yes,,,CSST,IPF,2020-10-11,Czechia,,Víska u Višňové,Mistrovství České republiky juniorů v klasickém silovém trojboji,Yes
D. Keiser,M,SBD,Single-ply,,,,Collegiate,60.0,60,,,,,147.42,,,,,90.72,,,,,185.97,424.11,2,357.97,361.71,353.22,60.95,,,,USPF,IPF,1979-12-09,USA,IN,Lafayette,Purdue Open & Region 5 Collegiate Championships,Yes
J. Locke,M,SBD,Single-ply,,,,Novice,125.0,125,,,,,190.0,,,,,160.0,,,,,210.0,560.0,4,317.38,319.11,305.38,53.3,,,,USPF,IPF,1983-12-03,USA,SC,Greenville,Palmetto State Championships,Yes
Heiko Mehl,M,B,Raw,25.0,24-34,24-39,Open,87.65,93,,,,,,150.0,157.5,-160.0,,157.5,,,,,,157.5,3,103.23,101.95,97.82,76.95,Yes,,,BVDK,IPF,2022-10-30,Germany,,Greifswald,DM BD Classic,Yes
Hildeborg Juvet Hugdal,F,B,Single-ply,,,19-23,Juniors 19-23,124.3,90+,,,,,,,,,,155.0,,,,,,155.0,1,123.19,123.18,104.17,72.92,Yes,Norway,,NSF,IPF,2006-05-06,Norway,,Bergen,Nordisk benkpress,Yes
Alexander Moiseev,M,SBD,Single-ply,52.5,50-54,50-59,Masters 2,59.2,60,-170.0,175.0,185.0,,185.0,105.0,110.0,112.5,,112.5,-182.5,182.5,205.0,,205.0,502.5,1,428.86,433.89,424.02,72.97,Yes,Belarus,,IPF,IPF,2007-06-10,Czechia,,Ostrava,World Masters Powerlifting Championships,Yes
Eriks Dumarovs,M,SBD,Raw,73.5,70-74,70-999,Masters 4,61.9,66,-60.0,60.0,70.0,,70.0,60.0,65.0,-70.0,,65.0,85.0,105.0,122.5,,122.5,257.5,1,211.94,213.55,208.18,41.53,Yes,Latvia,,EPF,IPF,2022-03-07,Lithuania,,Vilnius,European Classic Masters Powerlifting Championships,Yes
Abdullah Sami Qashqary,M,SBD,Raw,17.0,16-17,14-18,Sub-Juniors,81.8,83,162.5,172.5,185.0,,185.0,107.5,-112.5,-115.0,,107.5,172.5,185.0,-200.0,,185.0,477.5,3,325.03,321.53,309.49,66.59,Yes,Saudi Arabia,,SSSC,IPF,2024-07-06,Saudi Arabia,,Riyadh,The Kingdom Classic Powerlifting Championships,Yes
Jordyn Halladay,F,SBD,Raw,10.5,5-12,,Youth 2,46.28,47,42.5,47.5,51.0,,51.0,25.0,-28.5,29.0,,29.0,57.5,62.5,69.0,,69.0,149.0,1,197.53,202.62,180.84,41.95,Yes,Canada,SK,CPU,IPF,2022-10-22,Canada,SK,Saskatoon,Saskatchewan Provincials,Yes
Connor Marshall,M,SBD,Raw,,,,MR-O,82.3,83,,,,,187.5,,,,,132.5,,,,,207.5,527.5,5,357.82,353.89,340.55,73.33,Yes,England,SW,EPA,IPF,2020-01-26,England,,Chard,South West Power,Yes
Ruben D'Aversa,M,S,Raw,19.0,18-19,19-23,Jeunes,119.45,,-170.0,175.0,185.0,,185.0,,,,,,,,,,,185.0,7,106.41,106.47,102.03,,Yes,,,FFForce,IPF,2018-02-03,France,,Saint-Étienne,Eliminatoires Jean Villenave LAURAF,Yes
Mirko Züchner,M,B,Single-ply,36.5,35-39,24-39,Open,79.2,83,,,,,,-132.0,137.0,140.0,,140.0,,,,,,140.0,4,97.11,96.19,92.72,51.59,Yes,,,BVDK,IPF,2012-06-16,Germany,ST,Klötze,Sachsen-Anhalt-Meisterschaften im Bankdrücken,Yes
Bailey Mckenzie,M,SBD,Raw,18.5,18-19,19-23,MR-T3,96.25,105,200.0,215.0,227.5,,227.5,107.5,115.0,120.0,,120.0,200.0,215.0,230.0,,230.0,577.5,1,361.56,357.14,341.41,74.3,Yes,USA,TX,USAPL,IPF,2020-06-27,USA,TX,,Capital City Classic,Yes
Dmitriy Nikishin,M,B,Raw,29.5,24-34,24-39,Open,102.05,105,,,,,,200.0,205.0,212.5,,212.5,,,,,,212.5,1,129.67,128.31,122.52,96.42,Yes,Russia,,FPR,IPF,2012-04-28,Russia,MOW,Moscow,Moscow City Bench Press Championships,Yes
Monika Schnölzer,F,B,Single-ply,40.5,40-44,40-49,Masters 1,58.25,60,,,,,,85.0,90.0,92.5,,92.5,,,,,,92.5,3,104.49,105.53,93.28,58.8,Yes,Germany,,IPF,IPF,2004-04-21,Slovakia,,Trencin,World Masters Bench Press Championships,Yes
Hans-Jürgen Hirsch,M,B,Single-ply,44.5,40-44,40-49,AK I,110.2,125,,,,,,,,,,,,,,,,,DQ,,,,,Yes,,,BVDG,IPF,1998-09-19,Germany,,Zinnowitz,Deutsche Meisterschaft der Senioren in Bankdrücken,Yes
Karl Hult,M,SBD,Single-ply,31.5,24-34,24-39,Open,104.5,110,,,,,295.0,,,,,210.0,,,,,257.5,762.5,8,460.75,456.4,435.81,78.11,,Canada,,IPF,IPF,1978-11-02,Finland,,Turku,Men's World Powerlifting Championships,Yes
Ivan Baganov,M,B,Single-ply,18.5,18-19,19-23,Juniors,57.2,59,,,,,,-90.0,-100.0,100.0,,100.0,,,,,,100.0,3,87.87,89.19,87.33,51.26,Yes,,,FPR,IPF,2014-02-03,Russia,SVE,Yekaterinburg,Ural Bench Press Championships,Yes
Pete DiSante,M,SBD,Single-ply,16.5,16-17,14-18,Open,75.0,75,,,,,136.08,,,,,124.74,,,,,204.12,464.93,2,333.55,331.29,320.11,57.12,,,,USPF,IPF,1980-07-12,USA,MD,Hyattsville,Prince Georges County Recreation Center Novice Meet,Yes
Rick Guerrero,M,SBD,Single-ply,38.0,35-39,24-39,M-O,82.5,82.5,,,,,227.5,,,,,160.0,,,,,205.0,592.5,1,401.36,396.92,381.91,68.66,Yes,USA,CO,USAPL,IPF,2005-11-19,USA,OK,Oklahoma City,Police and Fire Nationals,Yes
Sarah Collier,F,SBD,Raw,41.5,40-44,40-49,F-C-Open,56.7,57,,,,,80.0,,,,,50.0,,,,,102.5,232.5,1,267.3,270.91,239.57,54.75,Yes,England,,EPA,IPF,2012-04-28,England,,Doncaster,South Yorkshire Unequipped Open Powerlifting Championships,Yes
Janeco Samuel,M,SBD,Raw,,,19-23,Juniors,107.48,120,150.0,162.5,170.0,,170.0,110.0,117.5,-122.5,,117.5,210.0,225.0,230.0,,230.0,517.5,1,309.23,306.79,293.05,63.21,Yes,,,PWFL,IPF,2017-12-22,Luxembourg,,Hamm,Championnats Nationaux,Yes
Yelizaveta Mataras,F,SBD,Raw,13.5,13-15,14-18,Sub-Juniors,42.4,43,-100.0,100.0,105.0,,105.0,52.5,-55.0,-55.0,,52.5,107.5,112.5,-120.0,,112.5,270.0,2,382.72,389.44,350.9,83.54,Yes,Belarus,,EPF,IPF,2019-11-29,Lithuania,,Kaunas,European Classic Powerlifting Championships,Yes
Sergey Novoselov,M,B,Raw,41.5,40-44,40-49,Open,120.1,120+,,,,,,212.5,222.5,-232.5,,222.5,,,,,,222.5,1,127.75,127.9,122.56,93.84,Yes,,,FPR,IPF,2016-02-05,Russia,SVE,Upper Pyshma,Ural Juniors & Sub-Juniors Bench Press Championships,Yes
Ilia Kemalov,M,SBD,Single-ply,19.5,20-23,19-23,Juniors,119.9,125,260.0,275.0,287.5,,287.5,180.0,-195.0,195.0,,195.0,280.0,292.5,302.5,,302.5,785.0,7,450.96,451.4,432.56,75.89,Yes,Bulgaria,,EPF,IPF,2000-06-15,Bulgaria,,Sofia,European Juniors Powerlifting Championships,Yes
Kjell R. Andersen,M,SBD,Single-ply,,,,Open,98.0,100,,,,,255.0,,,,,157.5,,,,,265.0,677.5,2,420.73,415.75,397.25,71.55,Yes,,,NSF,IPF,2002-12-07,Norway,,Oslo,Lag NM,Yes
Luka Žegura,M,B,Raw,23.5,24-34,24-39,Open,102.5,105,,,,,,157.5,165.0,170.0,,170.0,,,,,,170.0,3,103.54,102.48,97.85,76.98,Yes,Croatia,,HPLS,IPF,2024-04-20,Croatia,,Zagreb,2. Power Crew kup u bench pressu,Yes
Andrea Petrek,F,B,Raw,17.5,18-19,14-18,Sub-Juniors,63.0,63,,,,,,40.0,-45.0,45.0,,45.0,,,,,,45.0,1,48.4,48.33,42.67,37.55,Yes,Croatia,,HPLS,IPF,2015-01-24,Croatia,,Virovitica,III. Državno prvenstvo,Yes
Jay Confalone,M,SBD,Single-ply,,,,Open,100.0,100,,,,,238.14,,,,,158.76,,,,,258.55,655.44,3,403.43,398.89,380.99,68.54,,,,USPF,IPF,1984-03-24,USA,CT,Greenwich,Greenwich YMCA Open Novice,Yes
木下 幹太,M,SBD,Raw,16.5,16-17,14-18,Sub-Juniors,105.35,120,170.0,180.0,192.5,,192.5,105.0,110.0,115.0,,115.0,160.0,170.0,-185.0,,170.0,477.5,1,287.59,285.0,272.16,58.86,Yes,,,JPA,IPF,2019-04-07,Japan,,,Osaka Powerlifting Championships,Yes
Hans-Peter Farr,M,B,Single-ply,,,,Männer Aktivenklasse,93.1,,,,,,,,,,,152.5,,,,,,152.5,6,96.98,95.75,91.64,50.41,Yes,,,BVDG,IPF,1998-04-01,Germany,BY,,Bayerische Mannschaftsmeisterschaft im Bankdrücken,Yes
Petr Theuser,M,SBD,Single-ply,43.5,40-44,40-49,Open,97.8,100,330.0,340.0,350.0,,350.0,220.0,227.5,232.5,,232.5,300.0,310.0,-317.5,,310.0,892.5,2,554.75,548.15,523.79,94.35,Yes,Czechia,,EPF,IPF,2005-05-19,Luxembourg,,Hamm,Men's European Powerlifting Championships,Yes
Karin Angelini,F,B,Raw,25.0,24-34,24-39,Senior,47.0,47,,,,,,62.5,-65.0,-65.0,,62.5,,,,,,62.5,5,81.91,84.06,74.93,66.24,Yes,Italy,,FIPL,IPF,2023-01-23,Italy,,S.Zenone al Lambro,7 gara nazionale open di panca classic M F,Yes
Simone Zannini,M,B,Single-ply,,,,Open,77.2,82.5,,,,,,190.0,200.0,-205.0,,200.0,,,,,,200.0,1,140.9,139.73,134.85,75.19,Yes,,,FIPL,IPF,2005-06-11,Italy,,Vizzolo,Trofeo di Panca Memorial Bertoletti,Yes
Burkhardt Backhaus,M,SBD,Single-ply,22.5,20-23,19-23,Aktive,89.0,90,225.0,-235.0,-235.0,,225.0,130.0,140.0,142.5,,142.5,225.0,230.0,235.0,,235.0,602.5,7,391.79,386.85,370.94,66.89,Yes,,,BVDG,IPF,1987-04-03,West Germany,,Attaching,Bayerische Meisterschaften im Kraftdreikampf,Yes
Isabelle Giraud,F,B,Raw,52.0,50-54,50-59,Masters 2,55.58,57,,,,,,45.0,50.0,-52.5,,50.0,,,,,,50.0,1,58.25,59.18,52.35,45.3,Yes,France,,FFForce,IPF,2018-12-15,France,,Angoulême,Régional FA PL DC BP Nouvelle-Aquitaine,Yes
Morgan Mascaro,M,B,Raw,21.0,20-23,19-23,Juniors,82.65,83,,,,,,162.5,-167.5,170.0,,170.0,,,,,,170.0,7,115.04,113.76,109.45,85.57,Yes,France,,EPF,IPF,2023-07-31,France,,Merignac,European Bench Press Championships,Yes
Andrey Skvortsov,M,SBD,Single-ply,36.5,35-39,24-39,Open,112.0,125,,,,,330.0,,,,,220.0,,,,,280.0,830.0,2,488.3,485.83,464.6,82.47,Yes,Russia,,FPR,IPF,2006-12-01,Russia,SVE,Sverdlovsk,Sverdlovsk Oblast Powerlifting Championships,Yes
Aleksandr Kadzaev,M,SBD,Raw,28.5,24-34,24-39,Open,103.8,105,,,,,275.0,,,,,167.5,,,,,312.5,755.0,5,457.47,453.01,432.55,93.72,Yes,Russia,,FPR,IPF,2019-05-26,Russia,LEN,St. Petersburg,White Nights,Yes
Dominic Pouranvieh,M,B,Raw,18.0,18-19,14-18,Sub-Junior,89.7,93,,,,,,-140.0,-140.0,150.0,,150.0,,,,,,150.0,1,97.15,95.92,91.95,72.45,Yes,Australia,,APLA,IPF,2024-10-19,Australia,NSW,,Beyond The Grave,Yes
Elise Bouvier,F,SBD,Raw,17.5,18-19,14-18,Sub-Juniors,67.58,69,155.0,162.5,165.0,,165.0,80.0,85.0,-87.5,,85.0,165.0,172.5,175.5,,175.5,425.5,1,438.98,433.91,382.76,89.2,Yes,France,,FFForce,IPF,2024-07-06,France,,Lacroix-Saint-Ouen,Open du Lion,Yes
Ron Strong,M,SBD,Raw,,,50-59,Masters 2,119.7,120,,,,,230.0,,,,,145.0,,,,,295.0,670.0,1,385.11,385.42,369.33,77.97,Yes,Canada,ON,CPU,IPF,2014-11-29,Canada,ON,Hamilton,OPA Classic Provincials,Yes
Kayla Boisvert,F,SBD,Raw,24.0,24-34,24-39,Open,74.99,76,125.0,130.0,135.0,,135.0,67.5,72.5,75.0,,75.0,160.0,172.5,-180.0,,172.5,382.5,3,372.57,363.65,319.89,75.89,Yes,Canada,ON,CPU,IPF,2022-11-10,Canada,ON,Hamilton,Ontario Provincials,Yes
Tabea Studt,F,SBD,Raw,26.5,24-34,24-39,Open,68.65,69,177.5,185.5,188.0,,188.0,102.5,107.5,108.5,,108.5,160.0,167.5,172.5,,172.5,469.0,2,479.53,472.96,417.08,97.44,Yes,Germany,,BVDK,IPF,2025-04-25,Germany,HE,Frankfurt am Main,Deutsche Meisterschaft der Aktiven Classic,Yes
Jan Kenneth Ludvigsen,M,B,Single-ply,,20-23,19-23,Juniors 19-23,99.9,100,,,,,,,,,,130.0,,,,,,130.0,2,80.05,79.15,75.6,41.35,Yes,,,NSF,IPF,2006-11-18,Norway,,Frogner,KM benkpress,Yes
Elliot Newman,M,SBD,Raw,25.5,24-34,24-39,M-C-Open,82.8,83,155.0,165.0,-167.5,,165.0,-120.0,120.0,-127.5,,120.0,222.5,-227.5,227.5,,227.5,512.5,2,346.45,342.58,329.58,71.03,Yes,England,NW,EPA,IPF,2011-12-04,England,,Colne,North West Powerlifting Championships,Yes
Daria Efimtseva,F,SBD,Single-ply,20.5,20-23,19-23,Open,147.95,84+,-275.0,275.0,290.0,,290.0,180.0,195.0,205.0,,205.0,190.0,205.0,212.5,,212.5,707.5,1,545.72,545.28,458.07,96.55,Yes,Russia,,IPF,IPF,2021-11-08,Norway,,Stavanger,World Powerlifting Championships,Yes
Lane Huffman-Devey,M,SBD,Raw,21.0,20-23,19-23,Juniors,87.8,93,-155.0,-160.0,160.0,,160.0,100.0,105.0,-110.0,,105.0,195.0,205.0,212.5,,212.5,477.5,2,312.69,308.79,296.27,64.26,Yes,,,NZPF,IPF,2018-04-21,New Zealand,HKB,Hastings,Central Districts Powerlifting Championships,Yes
Evan Collins,M,SBD,Raw,,,,Open,92.5,93,-242.5,242.5,257.5,,257.5,-130.0,132.5,-137.5,,132.5,245.0,260.0,270.0,,270.0,660.0,10,421.02,415.67,397.93,86.57,Yes,Canada,NL,CPU,IPF,2022-05-09,Canada,NL,St. John's,Nationals,Yes
Vladimir Yakovlev,M,SBD,Single-ply,23.5,24-34,24-39,Open,96.3,100,,,,,260.0,,,,,130.0,,,,,240.0,630.0,6,394.34,389.51,372.36,67.11,Yes,Russia,,FPR,IPF,2010-04-15,Russia,KYA,Krasnoyarsk,Krasnoyarsk Krai Powerlifting Championships,Yes
Anton Migounov,M,SBD,Single-ply,,,19-23,Open,110.0,110,,,,,255.0,,,,,160.0,,,,,277.5,692.5,2,410.14,407.53,389.5,69.34,Yes,Canada,ON,CPU,IPF,2004-06-05,Canada,ON,London,London Open,Yes
Tim Weikert,M,SBD,Single-ply,19.0,18-19,19-23,Open,75.0,75,,,,,197.31,,,,,117.93,,,,,210.92,526.17,5,377.49,374.93,362.27,64.65,,USA,,USPF,IPF,1981-12-05,USA,IA,Anamosa,Mid-West Open,Yes
Anna Kiryushina,F,SBD,Single-ply,25.5,24-34,24-39,Open,50.22,52,-85.0,-85.0,85.0,,85.0,55.0,60.0,-62.5,,60.0,85.0,92.5,95.0,,95.0,240.0,1,299.78,307.29,272.8,50.09,Yes,,,FPR,IPF,2016-01-09,Russia,MOW,Moscow,Moscow City Powerlifting Championships,Yes
Stefan Dinić,M,SBD,Single-ply,28.5,24-34,24-39,O,82.0,83,170.0,180.0,190.0,,190.0,90.0,100.0,105.0,,105.0,190.0,200.0,-205.0,,200.0,495.0,1,336.47,332.82,320.33,57.57,Yes,Serbia,,PLSS,IPF,2018-05-26,Serbia,,Pančevo,Državno Prvenstvo U Powerliftingu,Yes
Hardi Shahab,M,SBD,Raw,,,,Open,95.2,105,120.0,132.5,-145.0,,132.5,100.0,-105.0,-105.0,,100.0,170.0,180.0,-195.0,,180.0,412.5,5,259.57,256.34,245.14,53.35,Yes,,,NSF,IPF,2011-12-17,Norway,,Trondheim,Åpent stevne,Yes
Abdessalam El Bassami,M,SBD,Raw,28.0,24-34,24-39,MR-O,80.0,83,,,,,210.0,,,,,140.0,,,,,260.0,610.0,3,420.62,416.45,401.26,86.03,Yes,Morocco,,FMPB,IPF,2024-06-08,Morocco,,Khouribga,National Powerlifting Championships,Yes
Matthew Leonard,M,SBD,Raw,17.5,18-19,14-18,MR-T2,79.5,83,125.0,132.5,-140.0,,132.5,110.0,115.0,-117.5,,115.0,167.5,175.0,-182.5,,175.0,422.5,1,292.42,289.59,279.11,59.78,Yes,USA,CA,USAPL,IPF,2018-07-14,USA,CA,,California State Games,Yes
Dmitriy Kirkovskiy,M,SBD,Raw,15.5,16-17,14-18,Sub-Juniors,65.1,66,,,,,157.5,,,,,95.0,,,,,160.0,412.5,5,326.54,327.6,318.54,64.77,Yes,Belarus,,BelPF,IPF,2016-05-04,Belarus,,Oshmyany,Belarus Classic Powerlifting Championships,Yes
Howard Dorsey,M,B,Raw,,,,Open,82.5,82.5,,,,,,,,,,163.29,,,,,,163.29,3,110.61,109.39,105.25,82.27,,,,USPF,IPF,1984-06-30,USA,PA,Gettysburg,Gettysburg Bench Press,Yes
Amy Noraka,F,SBD,Raw,39.0,35-39,40-49,FR-M1,69.6,72,112.5,120.0,127.5,,127.5,75.0,80.0,82.5,,82.5,130.0,140.0,145.0,,145.0,355.0,1,360.15,354.57,312.59,73.2,Yes,USA,CO,USAPL,IPF,2016-09-25,USA,CO,Wheat Ridge,Colorado Fall Open,Yes
Yue Yin,F,SBD,Raw,28.5,24-34,24-39,FR-O,52.4,57,62.5,65.0,-67.5,,65.0,30.0,32.5,-35.0,,32.5,67.5,72.5,77.5,,77.5,175.0,3,212.18,216.87,192.18,43.9,Yes,USA,GA,USAPL,IPF,2017-04-01,USA,GA,,Georgia Spring Open,Yes
Hugo Lopes Tavares,M,SBD,Raw,26.5,24-34,24-39,MR-O,90.45,93,192.5,197.5,202.5,,202.5,115.0,120.0,125.0,,125.0,182.5,190.0,197.5,,197.5,525.0,2,338.62,334.31,320.34,69.62,Yes,USA,NY,USAPL,IPF,2018-10-27,USA,NY,,SBWC Fall Classic,Yes
Nóra Viola,F,SBD,Raw,21.5,20-23,19-23,Juniors,62.8,63,,,,,100.0,,,,,52.5,,,,,132.5,285.0,3,307.12,306.82,270.93,62.48,Yes,,,Hunpower,IPF,2024-10-26,Hungary,,Budapest,Sub-Junior Junior and Masters Powerlifting National Championships and Team Championships,Yes
Greg Jones #4,M,SBD,Raw,21.0,20-23,19-23,Open,82.75,83,182.5,-190.0,-190.0,,182.5,105.0,110.0,112.5,,112.5,180.0,190.0,-200.0,,190.0,485.0,7,327.97,324.32,312.01,67.24,Yes,,,PA,IPF,2016-04-30,Australia,VIC,Melbourne,Melbourne Open,Yes
Andrian Ashurov,M,SBD,Single-ply,18.5,18-19,19-23,Open,65.2,66,,,,,90.0,,,,,65.0,,,,,105.0,260.0,10,205.58,206.22,200.51,35.13,Yes,,,FPR,IPF,2016-12-24,Russia,KLU,Kaluga,Kaluga Oblast Powerlifting Championships,Yes
Uldis Vīte,M,B,Single-ply,18.5,18-19,19-23,Open,74.3,75,,,,,,,,,,165.0,,,,,,165.0,2,119.09,118.35,114.4,64.03,Yes,,,LPF,IPF,2001-03-24,Latvia,,,Latvian Bench Press Championships,Yes
Jari Niskanen,M,B,Single-ply,52.5,50-54,50-59,Over 50,104.98,105,,,,,,185.0,192.5,202.5,,202.5,,,,,,202.5,1,122.14,121.01,115.56,62.88,Yes,Finland,,SVNL,IPF,2016-02-07,Finland,,Ylitornio,Penkkipunnerruksen SM-kisat kaikille ikäluokille,Yes
Nevaeh Calzada,F,SBD,Raw,16.0,16-17,14-18,FR-Sj,64.14,69,85.0,,,,85.0,35.0,,,,35.0,95.0,,,,95.0,215.0,1,228.74,227.81,201.11,46.51,Yes,USA,TX,AMP,IPF,2025-01-25,USA,TX,Houston,City of Syrup Showdown,Yes
Júlían J.K. Jóhannsson,M,SBD,Single-ply,20.5,20-23,19-23,Juniors,146.25,120+,340.0,352.5,362.5,,362.5,-260.0,260.0,-267.5,,260.0,320.0,-337.5,-337.5,,320.0,942.5,3,510.32,523.35,495.77,85.27,Yes,Iceland,,EPF,IPF,2014-04-09,Russia,LEN,St. Petersburg,European Sub-Juniors & Juniors Championships,Yes
Paweł Stań,M,SBD,Raw,23.0,20-23,19-23,Juniorzy do lat 23,69.1,,-160.0,-165.0,165.0,,165.0,105.0,110.0,-115.0,,110.0,160.0,170.0,-175.0,,170.0,445.0,7,337.3,336.82,326.6,67.71,Yes,,,PZKFiTS,IPF,2021-10-16,Poland,,Zielonki,VII Ogólnopolskie Mistrzostwa Małopolskiego w Trójboju Siłowym Klasycznym,Yes
Niina Köninki,F,B,Raw,42.0,40-44,40-49,Masters 1,61.43,63,,,,,,90.0,95.0,-97.5,,95.0,,,,,,95.0,1,103.77,104.01,91.87,80.44,Yes,Finland,,EPF,IPF,2023-07-31,France,,Merignac,European Bench Press Championships,Yes
Shawn Forristal,M,SBD,Single-ply,,,,Natural,100.0,100,,,,,278.96,,,,,,,,,,,,DQ,,,,,,,,USPF,IPF,1991-03-23,USA,GA,Lilburn,Wendy's/Coke Classic Georgia State Championships,Yes
Brian Kile,M,SBD,Raw,37.5,35-39,24-39,MR-O,115.5,120,185.0,200.0,215.0,,215.0,140.0,152.5,-162.5,,152.5,185.0,220.0,227.5,,227.5,595.0,3,346.21,345.33,330.61,70.34,Yes,USA,PA,USAPL,IPF,2019-06-08,USA,PA,,York Powerlifting Championships,Yes
Marcel Epmeier,M,SBD,Raw,35.0,35-39,24-39,Open,82.0,83,170.0,180.0,-190.0,,180.0,105.0,115.0,-120.0,,115.0,230.0,245.0,-255.0,,245.0,540.0,2,367.06,363.08,349.45,75.21,Yes,,,BVDK,IPF,2025-05-10,Germany,NRW,Essen,Bezirksmeisterschaft KDK Nordwestfalen,Yes
Valeriya Mazurantova,F,SBD,Single-ply,21.0,20-23,19-23,Open,51.2,52,,,,,120.0,,,,,47.5,,,,,112.5,280.0,1,345.01,353.25,313.32,57.64,Yes,,,FPR,IPF,2015-05-23,Russia,AMU,Blagoveshchensk,Far Eastern Powerlifting Championships,Yes
Michael Brew,M,SBD,Raw,22.0,20-23,19-23,Juniors,90.72,93,120.0,125.0,130.0,,130.0,80.0,85.0,87.5,,87.5,170.0,180.0,-192.5,,180.0,397.5,1,256.0,252.74,242.15,52.64,Yes,,,NZPF,IPF,2016-02-27,New Zealand,WGN,Wellington,CDPA Club Lift,Yes
Lusine Khachaturyan,F,SBD,Raw,20.5,20-23,19-23,Open,61.6,63,,,,,120.0,,,,,72.5,,,,,115.0,307.5,2,335.32,335.94,296.73,68.27,Yes,,,FPR,IPF,2017-03-10,Russia,KLU,Kaluga,Kaluga Oblast Classic Powerlifting Cup,Yes
Lilleedrew Wilde,F,SBD,Raw,16.0,16-17,14-18,Open,62.35,63,-112.5,112.5,115.0,,115.0,52.5,-57.5,-57.5,,52.5,117.5,120.0,127.5,,127.5,295.0,6,319.29,319.32,282.0,64.98,Yes,,,NZPF,IPF,2024-11-23,New Zealand,AKL,Auckland,Auckland Cup Competition,Yes
Chaz Carter,M,SBD,Raw,17.5,18-19,14-18,MR-O,103.2,105,157.5,-162.5,-162.5,,157.5,-95.0,95.0,-100.0,,95.0,187.5,195.0,-202.5,,195.0,447.5,7,271.8,269.07,256.92,55.7,Yes,USA,LA,USAPL,IPF,2017-02-18,USA,LA,,Pelican State Open & Free High School Qualifier,Yes
Veera Paukku,F,SBD,Raw,27.5,24-34,24-39,Open,67.2,69,110.0,115.0,120.0,,120.0,55.0,57.5,-60.0,,57.5,125.0,132.5,140.0,,140.0,317.5,3,328.63,325.09,286.79,66.77,Yes,,,SVNL,IPF,2023-06-10,Finland,,Helsinki,Voimanosto,Yes
Valerie Press,F,SBD,Raw,23.5,24-34,24-39,FR-O,80.3,84,75.0,82.5,-87.5,,82.5,40.0,42.5,47.5,,47.5,120.0,130.0,135.0,,135.0,265.0,4,249.23,241.97,212.16,50.97,Yes,USA,VA,USAPL,IPF,2019-01-19,USA,PA,,WHG Winter Open,Yes
William Lyon,M,SBD,Single-ply,,55-59,50-59,M-M2b,90.0,90,,,,,227.7,,,,,125.19,,,,,202.3,555.2,1,358.99,354.44,339.69,61.27,Yes,,,USAPL,IPF,2005-05-21,USA,NY,Tupper Lake,State Championships,Yes
Luciano Cassará,M,SBD,Raw,19.5,20-23,19-23,Juniors,101.8,105,200.0,-211.0,211.0,,211.0,130.0,140.0,145.0,,145.0,215.0,225.0,235.0,,235.0,591.0,1,361.01,357.18,341.07,74.03,Yes,Argentina,,FALPO,IPF,2018-10-05,Argentina,,San Juan,Campeonato Nacional de Powerlifting,Yes
Kevin Dias,M,SBD,Raw,25.5,24-34,24-39,Seniors,82.7,83,195.0,205.0,,,205.0,115.0,120.0,125.0,,125.0,240.0,-255.0,-255.0,,240.0,570.0,1,385.59,381.29,366.84,79.05,Yes,,,FFForce,IPF,2021-04-17,France,,Amiens,Compétition Qualificative France FA PL Hauts-de-France,Yes
Anne Daineffe,F,SBD,Single-ply,41.0,40-44,40-49,Masters 1,62.5,63,170.0,183.0,,,183.0,-100.0,-100.0,-100.0,,,150.0,160.0,165.0,,165.0,,DQ,,,,,Yes,Belgium,,VGPF,IPF,2023-05-27,Belgium,,Leuven,Interclub 2,Yes
Jesper Smidt,M,SD,Single-ply,38.5,35-39,24-39,Open,115.75,120,,,,,325.0,,,,,,,,,,260.0,,DQ,,,,,Yes,,,DSF,IPF,2012-05-19,Denmark,,Aalborg,AaSK Open,Yes
Alexey Bakhirev,M,SBD,Single-ply,30.5,24-34,24-39,Open,73.95,74,,,,,267.5,,,,,202.5,,,,,287.5,757.5,1,548.41,545.14,527.05,93.92,Yes,Russia,,FPR,IPF,2012-08-20,Russia,TYU,Tyumen,Russian Powerlifting Cup,Yes
Andy Duke,M,SBD,Single-ply,28.5,24-34,24-39,Open,67.5,67.5,,,,,158.76,,,,,99.79,,,,,181.44,439.99,2,339.12,339.24,329.3,58.01,,,,USPF,IPF,1985-02-23,USA,OH,Sandusky,American Cup,Yes
Yuri Lobachev,M,SBD,Single-ply,56.5,55-59,50-59,Masters 2,110.0,110,,,,,240.0,,,,,150.0,,,,,275.0,665.0,1,393.86,391.35,374.03,66.59,Yes,Russia,,FPR,IPF,1995-04-21,Russia,UD,Izhevsk,Russian Masters Powerlifting Championships,Yes
Leonard Hell,M,SBD,Raw,29.0,24-34,24-39,Open,92.1,93,212.5,230.0,240.0,,240.0,145.0,155.0,162.5,,162.5,230.0,250.0,262.5,,262.5,665.0,2,425.1,419.7,401.85,87.41,Yes,,,BVDK,IPF,2022-06-24,Germany,NRW,Dortmund,Landesmeisterschaft Kraftdreikampf NRW,Yes
Réka Nagy,F,SBD,Raw,27.5,24-34,24-39,Open,58.4,63,,,,,52.5,,,,,40.0,,,,,70.0,162.5,6,183.27,185.02,163.54,37.44,Yes,,,Hunpower,IPF,2013-09-14,Hungary,,Tab,Hungarian Raw National Championships,Yes
R. Craft,M,SBD,Single-ply,,,,Open,100.0,100,,,,,136.08,,,,,136.08,,,,,172.37,444.52,4,273.61,270.53,258.39,46.49,,,,USPF,IPF,1984-03-31,USA,TN,Memphis,FCI Memphis Open,Yes
Mirko Vahl,M,B,Single-ply,41.0,40-44,40-49,Masters 1,91.6,93,,,,,,-200.0,-200.0,220.0,,220.0,,,,,,220.0,1,141.01,139.22,133.33,73.42,Yes,Germany,,BVDK,IPF,2018-11-02,Germany,,Klötze,Deutsche Meisterschaften im Bankdrücken equipped,Yes
Kaisheem Muhammad,M,SBD,Raw,42.0,40-44,40-49,MR-M1a,99.3,105,217.5,227.5,230.0,,230.0,135.0,140.0,142.5,,142.5,230.0,242.5,247.5,,247.5,620.0,1,382.79,378.4,361.45,78.59,Yes,USA,MD,USAPL,IPF,2018-08-05,USA,PA,,Mid-Atlantic Regionals,Yes
Klaus Griesch,M,B,Single-ply,55.0,55-59,50-59,Masters 2,74.0,74,,,,,,120.0,130.0,-135.0,,130.0,,,,,,130.0,1,94.07,93.51,90.41,50.62,Yes,Germany,,BVDK,IPF,2014-05-17,Germany,TH,Günstedt,Thüringer Landesmeisterschaft BD männl. Jug/Jun/Sen und alle weibl. AKs,Yes
Ted Herring,M,SBD,Single-ply,,,,Open,100.0,100,,,,,207.5,,,,,142.5,,,,,220.0,570.0,6,350.84,346.9,331.32,59.61,,,,USPF,IPF,1982-06-26,USA,MD,Pax River,Region II & South Maryland Open,Yes
J. Lorenson,M,SBD,Single-ply,,18-19,,Teen 18-19,67.5,67.5,,,,,182.5,,,,,127.5,,,,,160.0,470.0,7,362.25,362.38,351.76,61.96,,,,USPF,IPF,1988-08-06,USA,TX,Houston,Teenage Nationals,Yes
Ivan Pachikov,M,SBD,Raw,21.0,20-23,19-23,Open,144.4,120+,,,,,240.0,,,,,162.5,,,,,240.0,642.5,3,349.09,357.41,338.9,69.19,Yes,Russia,,FPR,IPF,2017-11-27,Russia,SVE,Irbit,Ural Powerlifting Championships,Yes
Danny Hashempour,M,B,Raw,18.0,18-19,19-23,MR-G,89.4,93,,,,,,132.5,140.0,-145.0,,140.0,,,,,,140.0,G,90.83,89.68,85.98,67.73,Yes,USA,MD,AMP,IPF,2024-01-27,USA,TX,Austin,Bench Press Nationals,Yes
Ashley Gould,F,SBD,Raw,,,40-49,Masters 1,55.82,57,62.5,65.0,70.0,,70.0,40.0,42.5,45.0,,45.0,102.5,112.5,-117.5,,112.5,227.5,2,264.26,268.35,237.39,54.22,Yes,Canada,NS,CPU,IPF,2024-05-18,Canada,NS,Halifax,NSPL Provincials,Yes
Dan MacLeod,M,SBD,Single-ply,,,40-49,M-M1a,110.0,110,,,,,260.82,,,,,151.95,,,,,256.28,669.05,1,396.26,393.73,376.31,66.99,Yes,,,USAPL,IPF,2002-06-22,USA,ID,Bloomington,Hoosier Qualifier,Yes
Kendra Garwin,F,SBD,Raw,25.5,24-34,24-39,FR-O,67.7,72,130.0,137.5,142.5,,142.5,82.5,87.5,92.5,,92.5,160.0,170.0,177.5,,177.5,412.5,1,425.14,420.12,370.58,86.38,Yes,USA,NY,USAPL,IPF,2017-04-29,USA,NY,,SBWC Spring Classic,Yes
Štěpán Küschner,M,D,Raw,21.5,20-23,19-23,Juniors,116.0,120,,,,,,,,,,,250.0,260.0,265.0,,265.0,265.0,3,153.96,153.63,147.1,,Yes,,,CSST,IPF,2023-05-20,Czechia,,Karviná,Otevřené mistrovství České republiky mladších juniorů juniorů a masters v klasickém mrtvém tahu,Yes
Keld B Ingerslev,M,B,Single-ply,37.5,35-39,24-39,Open,99.5,100,,,,,,,,,,187.5,,,,,,187.5,1,115.66,114.34,109.22,59.77,Yes,,,DSF,IPF,2004-02-28,Denmark,,Randers,ER Open Bænkpres,Yes
Bogdan Belyanik,M,SBD,Single-ply,17.5,18-19,14-18,Juniors,75.3,82.5,150.0,-160.0,160.0,,160.0,105.0,110.0,115.0,,115.0,160.0,175.0,185.0,,185.0,460.0,12,329.18,326.87,315.78,56.37,Yes,,,UkrainePF,IPF,1993-04-11,Ukraine,,Kirovograd,Ukrainian Junior Powerlifting Championships,Yes
Esther Scott,F,SBD,Raw,36.5,35-39,24-39,FR-O,75.35,76,155.0,-165.0,165.0,,165.0,95.0,97.5,-100.0,,97.5,165.0,175.0,182.5,,182.5,445.0,1,432.36,421.81,370.98,88.09,Yes,USA,VA,USAPL,IPF,2021-11-06,USA,VA,,Virginia Winter Wrecker,Yes
早乙女 麻季,F,B,Raw,41.5,40-44,40-49,Masters 1,49.5,52,,,,,,65.0,-70.0,-70.0,,65.0,,,,,,65.0,3,82.03,84.14,74.75,65.19,Yes,,,JPA,IPF,2017-10-28,Japan,,Moka,Japanese Classic Bench Press Championships,Yes
Russell Salada,M,SBD,Raw,,,,Open,81.92,83,-215.0,215.0,-225.0,,215.0,130.0,-137.5,-137.5,,130.0,242.5,252.5,260.0,,260.0,605.0,4,411.47,407.02,391.76,84.3,Yes,Canada,MB,CPU,IPF,2019-06-22,Canada,MB,Winnipeg,Manitoba Provincials,Yes
Geir Granbakken,M,SBD,Single-ply,,,,Open,73.1,75,175.0,185.0,,,185.0,120.0,-125.0,,,120.0,205.0,215.0,225.0,,225.0,530.0,3,386.62,384.59,372.01,66.21,Yes,,,NSF,IPF,1982-03-06,Norway,,Ålesund,B og Veteran NM,Yes
Cynthia Leighton,F,SBD,Raw,42.0,40-44,40-49,Open,62.31,63,125.0,130.0,-135.0,,130.0,82.5,87.5,90.0,,90.0,150.0,157.5,-162.5,,157.5,377.5,1,408.75,408.82,361.05,83.18,Yes,Canada,BC,CPU,IPF,2022-10-22,Canada,BC,Abbotsford,BCPA Fall Classic,Yes
Jodie Cook #1,F,SBD,Raw,35.0,35-39,24-39,FR-O,56.9,57,-120.0,130.0,-140.0,,130.0,-90.0,-90.0,-95.0,,,,,,,,,DQ,,,,,Yes,England,,EPA,IPF,2023-12-16,England,SW,Cheltenham,ST Christmas Classic,Yes
Markus Lauritzen Skogli,M,SBD,Raw,15.5,16-17,14-18,Open,74.0,74,70.0,-80.0,80.0,,80.0,60.0,65.0,-70.0,,65.0,-110.0,110.0,130.0,,130.0,275.0,1,199.0,197.81,191.24,40.37,Yes,,,NSF,IPF,2017-12-16,Norway,,Sande,Åpent stevne,Yes
Spiridon Zepidis,M,B,Raw,21.0,20-23,19-23,Junior,71.6,74,,,,,,-115.0,115.0,-120.0,,115.0,,,,,,115.0,1,85.06,84.72,82.03,62.42,Yes,Australia,,APLA,IPF,2024-10-19,Australia,NSW,,Beyond The Grave,Yes
Wes Bowie,M,B,Raw,27.0,24-34,24-39,Open,82.31,83,,,,,,122.5,132.5,-135.0,,132.5,,,,,,132.5,2,89.87,88.89,85.53,66.84,Yes,Canada,AB,CPU,IPF,2024-06-09,Canada,AB,Calgary,Alberta Powerlifting Union Provincial Championships,Yes
T. Bowers,M,SBD,Single-ply,,,,Teen 16-17,100.0,100,,,,,227.5,,,,,160.0,,,,,227.5,615.0,1,378.54,374.28,357.48,64.31,,,,USPF,IPF,1992-03-07,USA,NC,Asheboro,North Carolina State,Yes
Steffen Spörl,M,SBD,Raw,45.0,45-49,40-49,Masters 1,82.9,83,180.0,187.5,-192.5,,187.5,125.0,130.0,-132.5,,130.0,200.0,210.0,-217.5,,210.0,527.5,1,356.35,352.36,338.96,73.06,Yes,,,BVDK,IPF,2019-11-30,Germany,TH,,Thüringer Landesmeisterschaft Kraftdreikampf,Yes
Jeanine Maas,F,SBD,Raw,27.5,24-34,24-39,Open,82.56,84,122.5,127.5,132.5,,132.5,72.5,77.5,82.5,,82.5,127.5,137.5,-145.0,,137.5,352.5,4,327.05,317.12,277.57,67.03,Yes,Netherlands,,KNKF-SP,IPF,2021-10-30,Netherlands,,Nijmegen,SBD Cup Powerliften Classic,Yes
Kelly Dormer,F,SBD,Single-ply,19.0,18-19,19-23,F-C,66.62,67.5,102.5,-107.5,-107.5,,102.5,45.0,50.0,-57.5,,50.0,102.5,115.0,125.0,,125.0,277.5,9,288.68,285.92,252.27,48.58,Yes,USA,,USAPL,IPF,2008-04-01,USA,CO,Denver,Collegiate Nationals,Yes
Ivaylo Marinov,M,SBD,Raw,23.0,20-23,19-23,MR-Jr,91.1,93,190.0,200.0,210.0,,210.0,135.0,-142.5,-142.5,,135.0,255.0,-265.0,-265.0,,255.0,600.0,4,385.61,380.71,364.68,79.29,Yes,,,BulgarianPF,IPF,2024-11-16,Bulgaria,,Sofia,Raw Nationals,Yes
Yuliya Slepukhina,F,SBD,Raw,20.5,20-23,19-23,Open,68.15,72,,,,,140.0,,,,,77.5,,,,,140.0,357.5,3,367.05,362.39,319.62,74.58,Yes,,,FPR,IPF,2018-10-24,Russia,NVS,Berdsk,Russian Classic Powerlifting Cup,Yes
Frank Mikkelsen,M,SBD,Single-ply,21.5,20-23,19-23,Open,66.1,67.5,,,,,175.0,,,,,112.5,,,,,192.5,480.0,2,375.67,376.43,365.75,64.22,Yes,,,DSF,IPF,2010-02-13,Denmark,,Albertslund,DM-C,Yes
T. Kinnamon,M,D,Single-ply,,,,Novice,82.5,82.5,,,,,,,,,,,,,,,245.0,245.0,2,165.96,164.13,157.92,,,,,USPF,IPF,1985-01-19,USA,KS,Wichita,Wichita Open,Yes
Estelle Yamanoglu,F,SBD,Raw,21.5,20-23,19-23,Juniors,66.48,69,125.0,132.5,140.0,,140.0,55.0,60.0,-65.0,,60.0,130.0,140.0,147.5,,147.5,347.5,7,361.94,358.59,316.4,73.55,Yes,,,BVDK,IPF,2023-11-17,Germany,SN,Chemnitz,Deutsche Meisterschaften im Kraftdreikampf Classic Jugend/Junioren,Yes
Jonathan Gallant,M,SBD,Single-ply,,,,Sub-Juniors,83.0,83,,,,,170.0,,,,,100.0,,,,,212.5,482.5,1,325.73,322.07,309.81,55.72,Yes,Canada,PE,CPU,IPF,2011-01-15,Canada,PE,Charlottetown,PEI Provincial Championship,Yes
Andreas Dahle,M,SBD,Raw,,,,Open,99.05,105,235.0,245.0,-250.0,,245.0,142.5,-147.5,-147.5,,142.5,235.0,242.5,-247.5,,242.5,630.0,15,389.39,384.89,367.68,79.95,Yes,,,NSF,IPF,2019-06-27,Norway,,Stavanger,NM styrkeløft utstyrsfritt,Yes
Shee Dao Sen,M,SBD,Raw,24.0,24-34,24-39,Open,103.65,105,-210.0,210.0,217.5,,217.5,157.5,165.0,-170.0,,165.0,257.5,270.0,-275.0,,270.0,652.5,4,395.6,391.71,374.02,81.05,Yes,Singapore,,AsianPF,IPF,2022-09-16,Malaysia,,Johor Bahru,South East Asian Cup,Yes
Aleksandr Gulkov,M,SBD,Single-ply,16.5,16-17,14-18,Open,61.75,66,,,,,140.0,,,,,90.0,,,,,160.0,390.0,7,321.61,324.13,316.02,54.84,Yes,Russia,,FPR,IPF,2017-04-06,Russia,KYA,Krasnoyarsk,Centre of Asia,Yes
Harbin Gado,M,BD,Raw,,,,MR-T3,59.0,59,,,,,,70.0,75.0,-80.0,,75.0,142.5,147.5,155.0,,155.0,230.0,1,196.85,199.22,194.73,,Yes,,,USAPL,IPF,2015-10-24,USA,WA,,7th Annual Columbia City Classic Powerlifting and BP/DL,Yes
Wiktoria Pieniążek,F,SBD,Raw,22.5,20-23,19-23,Juniors,62.76,63,140.0,147.5,-150.0,,147.5,62.5,-67.5,-67.5,,62.5,145.0,152.5,-160.0,,152.5,362.5,12,390.78,390.44,344.78,79.5,Yes,Poland,,EPF,IPF,2023-10-10,Hungary,,Budapest,European Junior and Sub-Junior Classic Powerlifting Championships,Yes
C. Kelenez,M,SBD,Single-ply,,,,Open,75.0,75,,,,,,,,,,,,,,,,,DQ,,,,,Yes,,,CBLB,IPF,1982-09-18,Brazil,,Ribearao Preto,Brazilian Teenage Championships,Yes
Leena Takamaa,F,SBD,Single-ply,28.5,24-34,24-39,Open,73.75,75,,,,,150.0,,,,,97.5,,,,,165.0,412.5,4,405.38,396.34,348.85,68.63,Yes,Sweden,,NordicPF,IPF,2002-09-07,Sweden,,Köping,Nordic Powerlifting Championships,Yes
John P Bertocki,M,SBD,Single-ply,52.0,50-54,50-59,M-O,99.0,100,,,,,210.0,,,,,200.0,,,,,220.0,630.0,4,389.48,384.97,367.76,66.2,Yes,USA,PA,USAPL,IPF,2008-03-29,USA,PA,Scranton,Pennsylvania State Championships,Yes
Tim Durrett,M,SBD,Raw,,,,MR-O,110.0,110,,,,,210.92,,,,,158.76,,,,,238.14,607.81,1,359.99,357.69,341.86,73.45,Yes,USA,,USAPL,IPF,2008-12-06,USA,VA,Stanardsville,Virginia State,Yes
Viktor Lukashevich,M,SBD,Single-ply,20.5,20-23,19-23,Open,88.7,90,,,,,210.0,,,,,160.0,,,,,265.0,635.0,2,413.64,408.44,391.7,70.63,Yes,Belarus,,BelPF,IPF,2010-12-08,Belarus,,Minsk,Belarus Students' Games,Yes
Cassidy Cano,M,SBD,Raw,21.5,20-23,19-23,MR-Jr,72.9,74,180.0,190.0,197.5,,197.5,117.5,127.5,-137.5,,127.5,197.5,207.5,220.0,,220.0,545.0,1,398.28,396.26,383.34,80.64,Yes,USA,IL,USAPL,IPF,2018-06-23,USA,WI,,Pure Fitness Series Meet 3,Yes
Gennadiy Semenov #1,M,SBD,Single-ply,21.5,20-23,19-23,Juniors,92.4,93,,,,,330.0,,,,,210.0,,,,,280.0,820.0,2,523.36,516.71,494.67,89.23,Yes,Ukraine,,UkrainePF,IPF,2014-01-02,Ukraine,,Kramatorsk,Donetsk Powerlifting Championships,Yes
Mike Lacy,M,SBD,Single-ply,,,,Novice,90.0,90,,,,,247.5,,,,,160.0,,,,,245.0,652.5,3,421.91,416.55,399.22,72.0,,,,USPF,IPF,1983-09-17,USA,TX,Austin,Texas Cup,Yes
Gennadiy Dorofeev,M,SBD,Single-ply,57.5,55-59,50-59,Masters 2,110.0,110,,,,,285.0,,,,,,,,,,,,DQ,,,,,Yes,Russia,,FPR,IPF,1999-04-08,Russia,KLU,Kaluga,Russian Masters Powerlifting Championships,Yes
Aleksandr Perepechkin,M,SBD,Single-ply,27.5,24-34,24-39,Open,85.2,93,,,,,270.0,,,,,207.5,,,,,250.0,727.5,8,484.08,478.3,459.54,82.75,Yes,,,FPR,IPF,2015-12-10,Russia,KDA,Krasnodar,North Caucasus Championships,Yes
Chelsea Wrenn,F,SBD,Raw,23.0,20-23,19-23,FR-Jr,72.7,75,110.0,120.0,-127.5,,120.0,62.5,70.0,72.5,,72.5,155.0,165.0,170.0,,170.0,362.5,1,359.01,351.56,309.58,73.04,Yes,USA,TX,USAPL,IPF,2012-08-03,USA,TX,Killeen,Raw Nationals,Yes
Romane Lion,F,SBD,Raw,24.5,24-34,24-39,Seniors,56.96,57,115.0,-120.0,120.0,,120.0,55.0,-57.5,-57.5,,55.0,135.0,147.5,-152.5,,147.5,322.5,2,369.66,374.43,331.09,75.69,Yes,,,FFForce,IPF,2025-05-31,France,,Lacroix-Saint-Ouen,Open du Lion,Yes
Maksim Zakharov,M,SBD,Single-ply,20.5,20-23,19-23,Open,112.4,120,,,,,330.0,,,,,210.0,,,,,325.0,865.0,2,508.23,505.8,483.76,85.82,Yes,Ukraine,,FPR,IPF,2012-12-07,Russia,SA,Neryungri,Far Eastern Powerlifting Championships,Yes
Yasuhiro Morozumi,M,SBD,Raw,42.0,40-44,40-49,Masters 1,65.2,66,175.0,185.0,-190.0,,185.0,100.0,110.0,115.0,,115.0,225.0,232.5,240.0,,240.0,540.0,1,426.97,428.31,416.43,84.72,Yes,Japan,,JPA,IPF,2019-09-14,Japan,,Minokamo,Japanese Masters Classic Powerlifting Championships,Yes
Mikhail Nepovinnykh,M,SBD,Raw,17.5,18-19,14-18,Sub-Juniors,72.0,74,,,,,170.0,,,,,120.0,,,,,175.0,465.0,3,342.64,341.17,330.23,69.25,Yes,Russia,,FPR,IPF,2020-11-26,Russia,TUL,Tula,Central Federal District Sub-Juniors & Juniors Championships,Yes
Emily Finnern,F,SBD,Raw,21.0,20-23,19-23,Juniors,57.0,57,145.0,150.0,152.5,,152.5,-105.0,-105.0,-105.0,,,145.0,150.0,155.0,,155.0,,DQ,,,,,Yes,Germany,,EPF,IPF,2021-12-03,Sweden,,Vasteras,European Classic Powerlifting Championships,Yes
T. Molly,F,SBD,Single-ply,24.5,24-34,24-39,Open,50.15,52,130.0,-140.0,-145.0,,130.0,50.0,55.0,57.5,,57.5,140.0,-152.5,152.5,,152.5,340.0,11,425.12,435.79,386.9,71.03,Yes,India,,IPF,IPF,1993-11-27,Sweden,,Jönköping,World Powerlifting Championships,Yes
Priscilla Ribic,F,SBD,Single-ply,41.0,40-44,40-49,F-O,71.9,72,,,,,227.5,,,,,145.0,,,,,235.0,607.5,1,605.29,593.49,522.8,102.31,Yes,USA,,USAPL,IPF,2014-05-16,USA,LA,,Womens Nationals,Yes
Mohsen Jafarpour Koushkmahdi,M,SBD,Raw,48.5,45-49,40-49,Masters 1,99.2,105,120.0,-135.0,140.0,,140.0,70.0,82.5,95.0,,95.0,-120.0,140.0,180.0,,180.0,415.0,6,256.33,253.38,242.04,52.63,Yes,Iran,,AsianPF,IPF,2021-12-24,Turkey,,Istanbul,Asian Classic & Equipped Bench Press and Powerlifting Championships,Yes
Mike Gardiner,M,B,Single-ply,,,,Open,66.0,67.5,,,,,,140.0,-150.0,-150.0,,140.0,,,,,,140.0,1,109.69,109.93,106.82,60.74,Yes,,,NZPF,IPF,2007-03-10,New Zealand,CAN,Ashburton,Canterbury Bench Press Championships,Yes
Sophia Scheible,F,SBD,Raw,,,,Open,66.5,69,80.0,90.0,100.0,,100.0,35.0,-45.0,-45.0,,35.0,70.0,-90.0,105.0,,105.0,240.0,1,249.93,247.6,218.48,50.78,Yes,,,PWFL,IPF,2024-01-14,Luxembourg,,,First Step,Yes
Matthew Davis #11,M,SBD,Raw,,,,Open,90.9,93,,,,,172.5,,,,,112.5,,,,,227.5,512.5,3,329.74,325.54,311.87,67.8,Yes,Canada,MB,CPU,IPF,2017-04-22,Canada,MB,CFB Shilo,Westman Strength Classic,Yes
Chia-Hui Tsai,F,B,Single-ply,25.5,24-34,24-39,Open,88.5,90,,,,,,,,,,127.5,,,,,,127.5,3,114.52,110.96,96.6,65.29,Yes,Taiwan,,IPF,IPF,1997-12-05,Canada,,Leduc,World Bench Press Championships,Yes
山田 洋平,M,B,Raw,42.0,40-44,40-49,Masters 1,91.4,93,,,,,,130.0,135.0,-137.5,,135.0,,,,,,135.0,5,86.62,85.52,81.91,64.6,Yes,,,JPA,IPF,2021-03-28,Japan,,Akashi,Japanese Masters Classic Bench Press Championships,Yes
L. Dorria,M,SBD,Single-ply,,,,Open,82.5,82.5,,,,,187.5,,,,,137.5,,,,,215.0,540.0,14,365.79,361.75,348.07,62.58,,,,USPF,IPF,1980-04-12,USA,TX,Austin,Texas State Novice,Yes
Greg Weaver,M,B,Raw,20.5,20-23,19-23,Open,100.0,100,,,,,,,,,,192.78,,,,,,192.78,4,118.66,117.32,112.06,88.32,,,,USPF,IPF,1984-08-25,USA,GA,Augusta,Augusta Open,Yes
Damiano Di Pilla Lucatelli,M,D,Single-ply,22.0,20-23,19-23,Juniors,83.2,90,,,,,,,,,,,215.0,230.0,245.0,,245.0,245.0,1,165.17,163.3,157.07,,Yes,Italy,,FIPL,IPF,2008-07-19,Italy,,Pescara,Campionato di Stacco,Yes
Roberto Porta,M,SBD,Single-ply,22.5,20-23,19-23,Juniors,75.15,83,-230.0,230.0,252.5,,252.5,140.0,150.0,-160.0,,150.0,220.0,230.0,240.0,,240.0,642.5,9,460.36,457.18,441.71,78.84,Yes,Italy,,IPF,IPF,2014-09-01,Hungary,,Oroshaza,World Sub-Juniors & Juniors Powerlifting Championships,Yes
Miroslav Patro,M,SBD,Single-ply,42.5,40-44,40-49,Open,146.3,125+,,,,,370.0,,,,,150.0,,,,,330.0,850.0,2,460.19,471.96,447.08,76.89,Yes,Slovakia,,EPF,IPF,2000-03-25,Slovakia,,Banovce,Danube Cup,Yes
Mark Tavener,M,SBD,Single-ply,,,,Juniors,60.0,60,,,,,190.0,,,,,97.5,,,,,180.0,467.5,2,394.59,398.72,389.35,67.19,Yes,,,BAWLA,IPF,1983-09-18,UK,,Sittingbourne,British Junior Championships,Yes
Justin Mack,M,SBD,Single-ply,23.0,20-23,24-39,M-C,95.0,100,240.0,242.5,250.0,,250.0,-167.5,172.5,182.5,,182.5,260.0,272.5,282.5,,282.5,715.0,6,450.36,444.75,425.34,76.69,Yes,USA,OH,USAPL,IPF,2011-04-01,USA,PA,Scranton,Collegiate Nationals,Yes
Naoya Ikeda,M,B,Single-ply,34.5,24-34,24-39,Open,51.35,52,,,,,,165.0,-170.0,-170.0,,165.0,,,,,,165.0,1,159.94,164.07,161.7,98.78,Yes,Japan,,IPF,IPF,2005-01-12,Sweden,,Stockholm,World Open Bench Press Championships,Yes
Chance Mcdaniel,M,SBD,Single-ply,13.5,13-15,14-18,M-Y,118.0,120,79.4,-97.5,97.5,,97.5,65.8,72.6,-79.4,,72.6,120.2,133.8,138.4,,138.4,308.4,1,178.12,178.02,170.54,30.0,Yes,USA,LA,USAPL,IPF,2017-05-06,USA,LA,,LA State Games,Yes
Jack Finn,M,SBD,Raw,21.5,20-23,19-23,MR-Jr,93.67,105,205.0,215.0,227.5,,227.5,152.5,162.5,172.5,,172.5,205.0,217.5,227.5,,227.5,627.5,5,397.88,392.86,375.91,81.8,Yes,USA,TX,USAPL,IPF,2019-08-10,USA,TX,,Southern Regionals,Yes
Willie Rucker,M,B,Raw,,,,Open,75.0,75,,,,,,,,,,163.29,,,,,,163.29,1,117.15,116.35,112.43,86.47,,,,USPF,IPF,1982-03-13,USA,IN,Bloomington,US Midwest Bench Press Championships,Yes
Ny'Gene Williams,F,SBD,Raw,16.5,16-17,14-18,FR-T2,64.6,72,90.0,100.0,107.5,,107.5,40.0,47.5,-52.5,,47.5,117.5,132.5,-140.0,,132.5,287.5,1,304.57,303.0,267.47,61.91,Yes,USA,LA,USAPL,IPF,2019-04-27,USA,LA,,Louisiana Raw High School State Championship,Yes
Ilaria Galbusera,F,D,Raw,22.5,20-23,19-23,Junior,52.0,52,,,,,,,,,,,137.5,147.5,-152.5,,147.5,147.5,2,179.79,183.88,162.99,,Yes,,,FIPL,IPF,2023-04-16,Italy,,San Zenone Al Lambro,4° Gara Nazionale Classic Di Stacco Sub Junior Junior e Master,Yes
Enrico Bomboletti,M,B,Single-ply,37.0,35-39,24-39,Open,104.4,110,,,,,,170.0,180.0,-190.0,,180.0,,,,,,180.0,4,108.81,107.78,102.91,56.04,Yes,,,FIPL,IPF,2008-08-09,Italy,,Porto Empedocle,Trofeo di Panca Memorial Bertoletti,Yes
N. Supriya,F,SBD,Single-ply,16.0,16-17,14-18,Sub-Juniors,61.4,63,,,,,120.0,,,,,40.0,,,,,110.0,270.0,4,295.02,295.71,261.2,49.47,Yes,,,PI,IPF,2018-03-16,India,,Sreekakulam,Indian Sub-Juniors Powerlifting Championships,Yes
C. Cunningham,M,SBD,Single-ply,16.5,16-17,14-18,Teen 16-17,,,,,,,147.5,,,,,95.0,,,,,200.0,442.5,3,,,,,,,,USPF,IPF,1983-03-05,USA,AR,El Dorado,Greater Mr. Arkansas Meet,Yes
Brando Calò,M,B,Raw,20.0,20-23,19-23,Junior,73.47,74,,,,,,162.5,172.0,-175.0,,172.0,,,,,,172.0,1,125.05,124.36,120.27,92.08,Yes,,,FIPL,IPF,2025-07-11,Italy,,Lodi Vecchio,11° Gara Coppa Bertoletti di Panca Classic,Yes
Fred Vogel,M,SBD,Raw,,,,MR-O,,90+,,,,,97.5,,,,,110.0,,,,,165.0,372.5,3,,,,,Yes,USA,,USAPL,IPF,2002-11-09,USA,NJ,Rockaway,New Jersey State,Yes
Hinrik Veigar Hinriksson,M,SBD,Raw,21.5,20-23,19-23,Juniors,103.32,105,250.0,262.5,270.0,,270.0,137.5,145.0,-152.5,,145.0,272.5,285.0,-297.5,,285.0,700.0,18,424.95,420.72,401.72,87.08,Yes,Iceland,,EPF,IPF,2024-10-05,Czechia,,Pilsen,European Classic Sub-junior and Junior Powerlifting Championships,Yes
Cedric Green,M,SBD,Single-ply,,,,M-O,90.0,90,,,,,232.5,,,,,155.0,,,,,250.0,637.5,2,412.21,406.98,390.05,70.35,Yes,USA,,USAPL,IPF,2006-05-20,USA,TX,Killeen,State Championships,Yes
Jonas Nilsson,M,SBD,Single-ply,,,,Juniors,70.5,75,,,,,160.0,,,,,87.5,,,,,187.5,435.0,7,325.15,324.22,314.11,55.66,Yes,,,SSF,IPF,2009-03-28,Sweden,,,UJ-SM Styrkelyft,Yes
Oleg Belenkiy,M,SBD,Single-ply,24.5,24-34,24-39,Open,115.4,125,,,,,310.0,,,,,200.0,,,,,302.5,812.5,4,472.9,471.67,451.55,79.74,Yes,,,FPR,IPF,2004-05-20,Russia,VOR,Voronezh,Iron World Tournament,Yes
Tibor Zakor,M,B,Raw,42.5,40-44,40-49,Masters 1,91.7,93,,,,,,170.0,177.5,-182.5,,177.5,,,,,,177.5,4,113.71,112.26,107.51,84.8,Yes,Hungary,,EPF,IPF,2022-08-02,Hungary,,Budapest,European Bench Press Championships,Yes
Aleksey Rubtsov,M,SBD,Raw,35.5,35-39,24-39,Open,82.75,83,170.0,180.0,185.0,,185.0,135.0,142.5,-145.0,,142.5,190.0,205.0,215.0,,215.0,542.5,2,366.86,362.77,349.01,75.21,Yes,,,FPR,IPF,2017-11-18,Russia,ME,Yoshkar-Ola,Mari El Classic Powerlifting Cup,Yes
Trish Muldrock,F,B,Raw,,,60-69,Masters 3,45.0,47,,,,,,55.0,57.5,60.0,,60.0,,,,,,60.0,1,81.24,83.21,74.46,66.97,Yes,New Zealand,,OceaniaPF,IPF,2014-12-08,Australia,VIC,Melbourne,Asia & Oceania Championships,Yes
Louise Doig,F,SBD,Single-ply,25.5,24-34,24-39,Open,52.0,52,,,,,100.0,,,,,57.5,,,,,125.0,282.5,1,344.34,352.17,312.17,57.53,,Australia,VIC,AusPF,IPF,1993-01-01,Australia,QLD,Brisbane,Austraian Championships & South Pacific Challenge,Yes
Nikolay Peremitin,M,B,Single-ply,64.5,60-64,60-69,Masters 3,91.0,93,,,,,,115.0,120.0,-132.5,,120.0,,,,,,120.0,1,77.16,76.18,72.98,40.21,Yes,,,FPR,IPF,2017-03-03,Russia,KEM,Kemerovo,Siberian Bench Press Championships,Yes
Mike Giardina,M,SBD,Single-ply,,,,Open,,125+,,,,,195.04,,,,,158.76,,,,,201.85,555.65,1,,,,,,USA,,USPF,IPF,1982-05-02,USA,NY,Elmira,Southern Tier Open,Yes
Wolfgang Zimmermann,M,SBD,Single-ply,29.5,24-34,24-39,Open,111.0,125,,,,,290.0,,,,,205.0,,,,,285.0,780.0,3,460.41,457.77,437.64,77.8,Yes,,,BVDG,IPF,1998-10-17,Germany,,Leinzell,Deutsche Meisterschaften im Kraftdreikampf,Yes
Gage Gregurich,M,SBD,Single-ply,16.5,16-17,14-18,M-O,69.95,74,117.5,130.0,137.5,,137.5,85.0,90.0,95.0,,95.0,147.5,-170.0,-170.0,,147.5,380.0,1,285.58,284.92,276.13,48.88,Yes,USA,NE,USAPL,IPF,2021-05-01,USA,NE,,Nebraska State Championships,Yes
Veronika Nikolenko,F,SBD,Single-ply,15.0,13-15,14-18,Sub-Juniors,56.35,57,,,,,140.0,,,,,67.5,,,,,135.0,342.5,2,395.37,401.02,354.68,66.13,Yes,Russia,,FPR,IPF,2013-01-28,Russia,TYU,Tyumen,Russian Juniors & Sub-Juniors Powerlifting Chamionships,Yes
Gilbert Quentin,M,SBD,Single-ply,21.5,20-23,19-23,Juniors,89.9,90,240.0,252.5,257.5,,257.5,185.0,195.0,-197.5,,195.0,-240.0,-240.0,240.0,,240.0,692.5,10,448.02,442.34,423.96,76.46,Yes,France,,EPF,IPF,2005-06-16,Ukraine,,Mariupol,European Junior Powerlifting Championships,Yes
Petr Hrubý,M,SBD,Single-ply,50.5,50-54,50-59,Masters 2,75.0,75,,,,,220.0,,,,,152.5,,,,,217.5,590.0,1,423.28,420.41,406.22,72.49,Yes,Czechia,,CSST,IPF,2003-05-24,Czechia,,Kuřim,Mistrovství ČR Veteránů v Silovém Trojboji Mužů a Žen,Yes
Boris de Leur,M,SBD,Raw,,,,Open,102.45,105,180.0,192.5,200.0,,200.0,135.0,-140.0,-140.0,,135.0,215.0,227.5,-240.0,,227.5,562.5,11,342.68,339.14,323.83,70.25,Yes,,,KNKF-SP,IPF,2019-12-07,Netherlands,NB,Veldhoven,DRC Cup,Yes
Eino Remes,M,B,Single-ply,52.0,50-54,50-59,Over 50,81.8,83,,,,,,-155.0,155.0,-162.5,,155.0,,,,,,155.0,5,105.51,104.37,100.46,55.75,Yes,Finland,,SVNL,IPF,2011-02-05,Finland,,Pietarsaari,Veteraanien ja VAU penkkipunnerruksen SM-kisat,Yes
Galit Goldshmid,F,SBD,Single-ply,42.0,40-44,40-49,F-M1,61.0,63,142.5,-147.5,147.5,,147.5,-90.0,90.0,-95.0,,90.0,157.5,165.0,-170.0,,165.0,402.5,1,441.59,443.05,391.38,74.03,Yes,England,SM,EPA,IPF,2019-05-25,England,,Moulton,Women's All England Powerlifting Championships,Yes
Irina Lobanova,F,SBD,Single-ply,26.5,24-34,24-39,Open,69.7,72,,,,,162.5,,,,,70.0,,,,,155.0,387.5,12,392.81,386.65,340.86,66.27,Yes,Russia,,FPR,IPF,2017-04-30,Russia,MOW,Moscow,Moscow Lights Tournament,Yes
N. Dupra,M,SBD,Single-ply,,,,Open,100.0,100,,,,,281.23,,,,,158.76,,,,,278.96,718.94,2,442.52,437.54,417.9,75.18,,,,USPF,IPF,1981-01-17,USA,WI,Kenosha,Wisconsin Jr State,Yes
Samuel Busque,M,SBD,Raw,,,,Open,103.8,105,205.0,215.0,222.5,,222.5,137.5,145.0,152.5,,152.5,247.5,265.0,-280.0,,265.0,640.0,4,387.79,384.0,366.67,79.44,Yes,Canada,QC,CPU,IPF,2019-11-16,Canada,QC,Drummondville,Quebec Provincials,Yes
Bjørn Tormod Syversen,M,B,Single-ply,,40-44,40-49,Masters 40-49,109.1,110,,,,,,195.0,,,,195.0,,,,,,195.0,2,115.85,115.05,109.93,59.52,Yes,,,NSF,IPF,2005-06-10,Norway,,Fræna,NM Benkpress,Yes
Petr Krákora,M,SBD,Single-ply,35.5,35-39,24-39,Open,90.8,100,,,,,220.0,,,,,147.5,,,,,260.0,627.5,1,403.95,398.81,382.07,68.92,Yes,,,CSST,IPF,2009-10-31,Czechia,,Krnov,Liga Družstev v Silovém Trojboji,Yes
Kevin Lam,M,SBD,Raw,16.5,16-17,14-18,MR-O,64.7,66,137.5,142.5,147.5,,147.5,125.0,-130.0,-130.0,,125.0,160.0,177.5,182.5,,182.5,455.0,2,361.86,363.22,353.29,71.68,Yes,USA,OH,USAPL,IPF,2016-01-30,USA,OH,,No Frills Blizzard Buster,Yes
Randy Boothe,M,SBD,Single-ply,42.5,40-44,40-49,Open,100.0,100,,,,,204.12,,,,,117.93,,,,,240.4,562.46,3,346.2,342.31,326.94,58.82,,USA,,USPF,IPF,1982-05-15,USA,VA,Roanoke,Roanoke Centennial Championships,Yes
Lauren Cohen,M,SBD,Single-ply,30.0,24-34,24-39,M-O,89.81,90,,,,,322.5,,,,,195.0,,,,,295.0,812.5,1,525.92,519.25,497.7,89.76,Yes,USA,MA,USAPL,IPF,2010-05-16,USA,RI,Johnston,New England Powerlifting and Bench Press Championships,Yes
Leanne Cutler,F,SBD,Raw,,20-23,19-23,Juniors,71.2,72,,,,,92.5,,,,,60.0,,,,,107.5,260.0,1,260.45,255.68,225.28,52.96,Yes,Canada,MB,CPU,IPF,2019-04-06,Canada,MB,Winnipeg,Movement Powerlifting Classic 2.0,Yes
Håkon Danielsen,M,SBD,Single-ply,20.5,20-23,19-23,Juniors,72.95,74,225.0,-235.0,-242.5,,225.0,140.0,147.5,152.5,,152.5,232.5,240.0,245.0,,245.0,622.5,2,454.71,452.38,437.63,77.87,Yes,Norway,,NordicPF,IPF,2014-02-23,Denmark,,Ålborg,Nordic Sub-Juniors & Juniors Powerlifting Championships,Yes
Jason Lee,M,SBD,Raw,19.5,20-23,19-23,MR-Jr,65.3,66,70.0,-72.5,-72.5,,70.0,100.0,105.0,107.5,,107.5,75.0,-77.5,-105.0,,75.0,252.5,1,199.42,200.02,194.46,39.58,Yes,USA,MD,USAPL,IPF,2017-12-09,USA,MD,,Equinox Open,Yes
Rene de Joux,M,SBD,Raw,,,,Open,82.85,83,160.0,175.0,182.5,,182.5,87.5,92.5,95.0,,95.0,180.0,202.5,-212.5,,202.5,480.0,7,324.37,320.74,308.56,66.51,Yes,,,NZPF,IPF,2017-04-08,New Zealand,CAN,Christchurch,Canterbury Powerlifting Championships,Yes
Anja Schreiner,F,SBD,Single-ply,29.0,24-34,24-39,Open,46.8,47,-160.0,-160.0,-165.0,,,,,,,,,,,,,,DQ,,,,,Yes,Germany,,BVDK,IPF,2023-07-01,Germany,,Mainz,Endkampf Bundesliga,Yes
Evgeniy Yaroshko,M,SBD,Single-ply,30.0,24-34,24-39,Open,108.45,120,,,,,245.0,,,,,,,,,,,,DQ,,,,,Yes,Russia,,FPR,IPF,2014-12-03,Russia,LEN,St. Petersburg,St. Petersburg Powerlifting Championships,Yes
Terry Morris #1,M,SBD,Single-ply,,,,Guest,111.5,125,,,,,230.0,,,,,125.0,,,,,245.0,600.0,G,353.57,351.66,336.25,59.73,Yes,,,BAWLA,IPF,1981-10-18,UK,,,Terry Morris Club v Aldershot v Bournemouth Powerlifting Match,Yes
Mauricio De Rosso,M,SBD,Raw,36.5,35-39,24-39,MR-O,79.7,82.5,,,,,177.5,,,,,107.5,,,,,232.5,517.5,1,357.63,354.14,341.28,73.13,Yes,USA,,USAPL,IPF,2014-09-27,USA,MI,,Kalamazoo Klassic II,Yes
Kirst Steinberger,F,B,Single-ply,26.5,24-34,24-39,Open,81.6,82.5,,,,,,,,,,102.5,,,,,,102.5,3,95.64,92.78,81.27,54.14,Yes,,,BVDG,IPF,2000-11-04,Germany,,Giessen,Deutsche Meisterschaften im Bankdrücken,Yes
Reza Saghaei,M,B,Raw,49.5,45-49,50-59,Masters 2,96.0,105,,,,,,192.5,200.0,-210.0,,200.0,,,,,,200.0,2,125.37,123.82,118.38,93.43,Yes,Iran,,IPF,IPF,2016-05-15,South Africa,,Potchefstroom,World Classic Bench Press Championships,Yes
Pogson,M,B,Single-ply,,,,Open,80.8,82.5,,,,,,,,,,142.5,,,,,,142.5,8,97.69,96.68,93.11,51.72,Yes,,,BAWLA,IPF,1994-09-11,UK,,Birmingham,British Bench Press Championships,Yes
Jarrin Foy,M,SBD,Single-ply,18.5,18-19,19-23,M-V,81.56,83,142.5,157.5,170.0,,170.0,110.0,122.5,-140.0,,122.5,172.5,182.5,197.5,,197.5,490.0,5,334.1,330.54,318.21,57.17,Yes,USA,LA,USAPL,IPF,2021-05-27,USA,CO,,High School and Teen National Championship,Yes
Vladislav Chvalov,M,SBD,Single-ply,16.5,16-17,14-18,Juniors,110.1,120,,,,,280.0,,,,,200.0,,,,,285.0,765.0,2,452.93,450.07,430.17,76.57,Yes,Russia,,FPR,IPF,2015-11-04,Russia,YAN,Muravlenko,Yamalo-Nenets Autonomous Okrug Powerlifting Championships,Yes
Alessandro Binfarè,M,D,Single-ply,21.0,20-23,19-23,Open,93.0,100,,,,,,,,,,,-210.0,210.0,230.0,,230.0,230.0,9,146.34,144.48,138.29,,Yes,Italy,,FIPL,IPF,2010-03-06,Italy,,Taneto di Gattatico,Campionato di Stacco,Yes
Alessandro Camparsi,M,D,Raw,29.5,24-34,24-39,Open,104.76,105,,,,,,,,,,,222.5,235.0,-242.5,,235.0,235.0,15,141.86,140.54,134.2,,Yes,,,FIPL,IPF,2018-02-23,Italy,,Vaiano,18° Campionato Italiano di Stacco e 4° Campionato Classic Raw di Stacco,Yes
Najah Hatahet,F,SBD,Raw,,,40-49,FR-M1,50.5,52,100.0,105.0,-110.0,,105.0,-50.0,50.0,52.5,,52.5,117.5,127.5,135.0,,135.0,292.5,1,363.92,372.93,330.98,75.78,Yes,,,EPA,IPF,2024-02-04,England,NW,Stalybridge,North West Juniors and Masters,Yes
Bianca Sanchez,F,SBD,Raw,22.5,20-23,19-23,FR-C,50.6,52,95.0,100.0,-102.5,,100.0,45.0,47.5,-50.0,,47.5,120.0,127.5,-130.0,,127.5,275.0,1,341.67,350.09,310.68,71.12,Yes,USA,TX,USAPL,IPF,2018-02-17,USA,TX,,Aggie Showdown,Yes
Tine S. Heimdal,F,B,Raw,,20-23,19-23,Juniors 19-23,93.5,84+,,,,,,45.0,52.5,55.0,,55.0,,,,,,55.0,1,48.23,46.82,40.54,40.13,Yes,,,NSF,IPF,2013-01-19,Norway,,Haukelandshallen,Åpent klassisk benkpresstevne,Yes
Barry Graham,M,SBD,Raw,38.0,35-39,24-39,MR-O,99.6,105,215.0,232.5,242.5,,242.5,120.0,130.0,135.0,,135.0,230.0,250.0,-260.0,,250.0,627.5,4,386.91,382.5,365.36,79.42,Yes,Scotland,,ScottishPL,IPF,2023-11-25,Scotland,,Lochgelly,Winter Open,Yes
Christopher Muir,M,B,Single-ply,23.0,20-23,,M-Jr,90.0,90,,,,,,-157.5,-165.0,-165.0,,,,,,,,,DQ,,,,,Yes,,,USAPL,IPF,2003-08-22,USA,NJ,,Bench Press Nationals,Yes
Igor Gritskevich,M,SBD,Single-ply,27.5,24-34,24-39,Open,86.2,93,,,,,185.0,,,,,145.0,,,,,175.0,505.0,18,333.92,329.86,316.75,57.07,Yes,,,FPR,IPF,2016-04-21,Russia,LEN,St. Petersburg,St. Petersburg Powerlifting Championships,Yes
Nikolai Shimanskiy,M,B,Raw,26.5,24-34,24-39,Open,82.7,83,,,,,,,,,,175.0,,,,,,175.0,6,118.38,117.06,112.63,88.06,Yes,,,KPF,IPF,2013-04-25,Kazakhstan,,Shymkent,Kazakhstan Classic Powerlifting and Bench Press Championships,Yes
Clara Fridén,F,B,Raw,21.5,20-23,19-23,Juniors,81.65,84,,,,,,,,,,102.5,,,,,,102.5,1,95.61,92.75,81.24,77.04,Yes,Sweden,,SSF,IPF,2014-09-20,Sweden,,,DM i bänkpress - klassisk Västra Götaland SDF,Yes
Kari Vähämäki,M,SBD,Single-ply,52.5,50-54,50-59,Over 50,107.6,120,55.0,75.0,105.0,,105.0,100.0,120.0,130.0,,130.0,65.0,105.0,135.0,,135.0,370.0,3,221.0,219.27,209.45,37.41,Yes,,,SVNL,IPF,2015-02-28,Finland,,Tampere,Voimanoston SM-kisat - kaikki ikäluokat,Yes
D. Brown,M,SBD,Single-ply,,,,High School,75.0,75,,,,,160.0,,,,,105.0,,,,,205.0,470.0,16,337.19,334.9,323.6,57.74,,,,USPF,IPF,1983-04-29,USA,OK,Norman,National High School Championship,Yes
Charlie Wade,M,SBD,Raw,21.5,20-23,19-23,M-C-U23,103.0,105,220.0,240.0,-260.0,,240.0,150.0,155.0,,,155.0,240.0,260.0,,,260.0,655.0,2,398.15,394.12,376.33,81.6,Yes,England,SE,EPA,IPF,2015-05-03,England,,,South East Classic,Yes
Anton Dubikovskyy,M,SBD,Single-ply,23.5,24-34,24-39,Open,73.9,74,200.0,210.0,220.0,,220.0,-140.0,140.0,155.0,,155.0,190.0,200.0,220.0,,220.0,595.0,1,430.95,428.4,414.2,73.8,Yes,Ukraine,,FPR,IPF,2014-05-16,Ukraine,,Kerch,Crimea Powerlifting Championships,Yes
Daniil Chernomorets,M,B,Raw,14.5,13-15,14-18,Teen Under 17,48.65,53,,,,,,45.0,47.5,-50.0,,47.5,,,,,,47.5,3,48.56,50.08,49.5,31.95,Yes,,,FPR,IPF,2016-03-04,Russia,LEN,St. Petersburg,St. Petersburg Classic Bench Press Championships,Yes
Joner Gallefoss,M,B,Single-ply,,,,Open,86.9,90,,,,,,,,,,185.0,,,,,,185.0,1,121.8,120.3,115.48,63.81,Yes,,,NSF,IPF,2002-08-31,Norway,,Florø,NM Benkpress,Yes
Yuriy Varanovich,M,B,Single-ply,18.5,18-19,19-23,Open,80.2,82.5,,,,,,,,,,120.0,,,,,,120.0,19,82.62,81.8,78.8,43.8,Yes,Belarus,,BelPF,IPF,2004-04-14,Belarus,,Minsk,Belarus Students' Games,Yes
松崎 涼,M,SBD,Raw,19.5,20-23,19-23,Juniors,57.45,59,170.0,182.5,190.0,,190.0,90.0,-95.0,97.5,,97.5,200.0,210.0,212.5,,212.5,500.0,1,437.69,444.08,434.73,83.93,Yes,,,JPA,IPF,2019-11-15,Japan,,Hakuba,Japanese Women's Juniors & Sub-Juniors Classic Powerlifting Championships,Yes
Bobby Preston,M,B,Single-ply,,,,M-O,100.0,100,,,,,,,,,,142.5,,,,,,142.5,2,87.71,86.72,82.83,45.31,Yes,,,USAPL,IPF,2002-02-02,USA,TX,San Marcos,SWT Invitational,Yes
Dmitriy Pushkov,M,SBD,Single-ply,25.5,24-34,24-39,Open,88.7,90,,,,,280.0,,,,,165.0,,,,,255.0,700.0,10,455.98,450.24,431.79,77.86,Yes,,,FPR,IPF,2005-01-13,Russia,PRI,Ussuriysk,Far Eastern Powerlifting Championships,Yes
Gary Thomas,M,BD,Single-ply,,55-59,,M-M2b,125.0,125,,,,,,,,,,195.04,,,,,65.77,260.82,2,147.82,148.63,142.23,,Yes,USA,,USAPL,IPF,1999-12-11,USA,WA,Bothell,Push-Pull Holiday Classic,Yes
Dmitriy Zinovyev,M,SBD,Single-ply,21.5,20-23,19-23,Open,81.95,82.5,275.0,285.0,290.0,,290.0,200.0,210.0,-217.5,,210.0,275.0,290.0,-300.0,,290.0,790.0,2,537.18,531.36,511.43,91.91,Yes,Kazakhstan,,AsianPF,IPF,2006-05-02,South Korea,,Taebaek,Asian Powerlifting Championships,Yes
Bernie Yamada,M,SBD,Single-ply,34.5,24-34,24-39,Open,75.0,75,,,,,190.0,,,,,130.0,,,,,197.5,517.5,7,371.27,368.75,356.3,63.58,,,,USPF,IPF,1983-08-13,USA,CA,San Francisco,North California Class II & Below,Yes
Hermanus de Beer,M,SBD,Raw,51.0,50-54,50-59,M-M2-U,115.4,120,180.0,200.0,220.0,,220.0,125.0,135.0,145.0,,145.0,250.0,270.0,290.0,,290.0,655.0,1,381.23,380.24,364.02,77.46,Yes,South Africa,,AfricanPF,IPF,2021-11-29,South Africa,,Potchefstroom,African Powerlifting & Bench Press Championships,Yes
Antti Okuloff,M,SBD,Raw,16.5,16-17,14-18,Under 17,100.6,105,165.0,175.0,185.0,,185.0,105.0,110.0,-115.0,,110.0,210.0,220.0,225.0,,225.0,520.0,1,319.24,315.72,301.52,65.51,Yes,,,SVNL,IPF,2014-11-15,Finland,,Äänekoski,Kansallinen klassinen voimanosto,Yes
Bogdan Yumashev,M,SBD,Single-ply,11.5,5-12,,Open,44.74,59,,,,,95.0,,,,,60.0,,,,,90.0,245.0,2,273.57,284.47,282.09,45.23,Yes,,,FPR,IPF,2015-05-17,Russia,IRK,Shelkhov,Irkutsk Oblast Powerlifting Cup,Yes
Vadim Svistun,M,B,Single-ply,22.5,20-23,19-23,Juniors,80.8,83,,,,,,140.0,147.5,-157.5,,147.5,,,,,,147.5,5,101.12,100.07,96.38,53.54,Yes,Belarus,,BelPF,IPF,2015-02-28,Belarus,,Brest,Belarus Bench Press Championships,Yes
Jennifer Anderberg,F,B,Raw,,,,Open,70.3,72,,,,,,,,,,62.5,,,,,,62.5,1,63.05,62.0,54.64,49.44,Yes,Canada,BC,CPU,IPF,2014-11-09,Canada,BC,Abbotsford,BCPA Fall Classic,Yes
Akshatha,F,SBD,Raw,24.5,24-34,24-39,Open,47.0,47,,,,,85.0,,,,,47.5,,,,,120.0,252.5,1,330.92,339.59,302.72,69.99,Yes,India,,AsianPF,IPF,2012-12-10,India,,,Asian Classic Powerlifting Championships,Yes
Marco Wypior,M,SBD,Raw,20.5,20-23,19-23,Juniors,105.0,105,,,,,225.0,,,,,157.5,,,,,262.5,645.0,1,389.0,385.42,368.04,79.63,Yes,,,BVDK,IPF,2019-06-01,Germany,NI,Ankum,Niedersächsische Landesmeisterschaft KDK,Yes
Evgeniy Kulachenko,M,SBD,Single-ply,15.5,16-17,14-18,Sub-Juniors,49.6,52,115.0,122.5,127.5,,127.5,45.0,47.5,-52.5,,47.5,130.0,145.0,-152.5,,145.0,320.0,4,320.87,330.29,326.13,53.78,Yes,,,UkrainePF,IPF,2008-04-11,Ukraine,,Sevastopol,Ukrainian Sub-Junior Powerlifting Championships,Yes
Axel Raymond,M,SBD,Raw,33.5,24-34,24-39,Open,82.55,83,170.0,180.0,190.0,,190.0,135.0,140.0,-145.0,,140.0,240.0,245.0,247.5,,247.5,577.5,4,391.06,386.73,372.1,80.16,Yes,New Caledonia,,ORPF,IPF,2018-11-24,Australia,QLD,Gold Coast,Oceania Championships,Yes
Marina Baranova,F,B,Raw,19.5,20-23,19-23,Open,52.0,52,,,,,,,,,,50.0,,,,,,50.0,1,60.95,62.33,55.25,47.86,Yes,Russia,,FPR,IPF,2021-02-06,Russia,CHE,Chelyabinsk,Chelyabinsk Oblast Bench Press Championships,Yes
Clare Stammers,F,SBD,Raw,,,40-49,F-C-M1,50.7,52,82.5,90.0,-92.5,,90.0,-42.5,42.5,45.0,,45.0,115.0,120.0,125.0,,125.0,260.0,3,322.59,330.49,293.26,67.12,Yes,England,,BP,IPF,2018-10-20,UK,,Belfast,British Classic Masters Powerlifting Championships,Yes
Sascha Michaelis,M,B,Single-ply,27.5,24-34,24-39,Open,81.2,82.5,,,,,,,,,,160.0,,,,,,160.0,12,109.37,108.22,104.21,57.86,Yes,,,BVDG,IPF,1998-10-31,Germany,,Schwedt,Deutsche Meisterschaften im Bankdrücken,Yes
Bastian Brekstad Mork,M,SBD,Raw,19.5,20-23,19-23,Juniors 19-23,86.59,93,162.5,172.5,180.0,,180.0,120.0,127.5,132.5,,132.5,175.0,187.5,192.5,,192.5,505.0,1,333.12,329.04,315.9,68.43,Yes,,,NSF,IPF,2022-01-28,Norway,,Elnesvågen,Klubbstevne,Yes
Morten K Larsen,M,SBD,Raw,19.5,20-23,19-23,Juniors,91.96,93,190.0,-200.0,210.0,,210.0,105.0,115.0,122.5,,122.5,210.0,222.5,230.0,,230.0,562.5,5,359.85,355.27,340.18,73.99,Yes,,,DSF,IPF,2022-04-02,Denmark,,AK Nordland,DM Klassisk,Yes
Pentti Nikkanen,M,SBD,Single-ply,40.5,40-44,40-49,Open,110.0,110,,,,,,,,,,,,,,,,725.0,1,429.39,426.66,407.78,72.59,Yes,Finland,,SVNL,IPF,1979-02-04,Finland,,Nastola,Voimanoston joukkue SM,Yes
S. Cooke,F,SBD,Single-ply,,18-19,14-18,Teen 16-17,52.0,52,,,,,107.5,,,,,47.5,,,,,102.5,257.5,1,313.87,321.01,284.55,52.44,,,,USPF,IPF,1993-08-08,USA,TX,Arlington,Lone Star Open,Yes
Bo Jensen,M,B,Raw,52.5,50-54,50-59,Open,92.86,93,,,,,,150.0,157.5,160.0,,160.0,,,,,,160.0,1,101.87,100.58,96.27,75.97,Yes,,,DSF,IPF,2020-09-20,Denmark,,Gudenådalen,JM Klassisk Bænkpres,Yes
Vidar Alexander Ringvold,M,B,Single-ply,66.0,65-69,60-69,Masters 60-69,114.05,120,,,,,,200.0,-215.0,-215.0,,200.0,,,,,,200.0,1,116.89,116.47,111.45,59.95,Yes,Norway,,NSF,IPF,2021-09-11,Norway,,Sauda,NM benkpress utstyr,Yes
Chungha Byrne,F,SBD,Raw,20.0,20-23,19-23,FR-Jr,75.6,76,107.5,112.5,,,112.5,45.0,50.0,52.5,,52.5,130.0,140.0,-145.0,,140.0,305.0,2,295.82,288.51,253.71,60.28,Yes,UK,,EPA,IPF,2021-11-27,England,,Cullompton,South West University Championship,Yes
Rene Huerta,M,SBD,Single-ply,,,,Teen,56.0,56,,,,,80.0,,,,,65.0,,,,,112.5,257.5,1,230.48,234.41,229.83,39.07,,,,USPF,IPF,1990-02-03,USA,TX,San Antonio,Alamo Classic,Yes
Colton Mercier,M,SBD,Raw,20.5,20-23,19-23,MR-Jr,89.45,93,195.0,210.0,,,210.0,132.5,145.0,-152.5,,145.0,205.0,220.0,235.0,,235.0,590.0,2,382.68,377.84,362.22,78.67,Yes,USA,NH,USAPL,IPF,2019-08-17,USA,NH,,Monadnock Summer Slam,Yes
Luca Lorenzi,M,B,Raw,41.5,40-44,40-49,Master I,104.72,105,,,,,,160.0,167.5,172.5,,172.5,,,,,,172.5,11,104.15,103.17,98.52,77.34,Yes,Italy,,FIPL,IPF,2024-01-19,Italy,,S Zenone al Lambro,8° Gara Nazionale Open di Panca Classic,Yes
Clive Battison,M,SBD,Single-ply,21.5,20-23,19-23,Juniors,74.6,75,215.0,230.0,-240.0,,230.0,135.0,-142.5,-145.0,,135.0,215.0,230.0,240.0,,240.0,605.0,9,435.53,432.71,418.2,74.59,Yes,South Africa,,IPF,IPF,2010-09-27,Czechia,,Pilsen,World Sub-Juniors & Juniors Powerlifting Championships,Yes
Kjell Bakken,M,B,Single-ply,44.5,40-44,40-49,Masters 40-49,84.3,93,,,,,,120.0,-130.0,-130.0,,120.0,,,,,,120.0,3,80.31,79.38,76.3,42.25,Yes,,,NSF,IPF,2014-10-04,Norway,,Spikkestad,RM benkpress,Yes
Kevin Hutchinson,M,B,Single-ply,,,50-59,M-M2a,122.92,125,,,,,,185.07,-234.96,234.96,,234.96,,,,,,234.96,1,133.88,134.36,128.71,68.56,Yes,USA,,USAPL,IPF,2005-09-17,USA,,,Bench Press Nationals,Yes
Kasandra Docken,F,B,Raw,29.5,24-34,24-39,FR-O,64.8,72,,,,,,62.5,65.0,67.5,,67.5,,,,,,67.5,1,71.38,70.98,62.65,55.47,Yes,USA,IL,USAPL,IPF,2017-06-10,USA,WI,,Badger Open,Yes
Maksim Papusha,M,SBD,Single-ply,16.5,16-17,14-18,Sub-Juniors,57.25,59,,,,,130.0,,,,,82.5,,,,,135.0,347.5,4,305.11,309.66,303.21,51.8,Yes,,,FPR,IPF,2015-03-20,Russia,BRY,Klimovo,Bryansk Oblast Sub-Juniors Powerlifting Championships,Yes
Juha-Matti Englund,M,B,Raw,40.5,40-44,40-49,Open,56.25,59,,,,,,95.0,102.5,-110.0,,102.5,,,,,,102.5,1,91.38,92.91,91.06,63.52,Yes,Finland,,SVNL,IPF,2022-02-25,Finland,,Oulu,Klassisen penkkipunnerruksen SM-kisat,Yes
František Michalzcyk,M,B,Single-ply,59.5,55-59,60-69,Masters 3,81.9,83,,,,,,120.0,125.0,132.5,,132.5,,,,,,132.5,3,90.13,89.15,85.81,47.62,Yes,,,CSST,IPF,2014-02-15,Czechia,,Zbýšov,Mistrovství České Republiky Juniorů Dorostu a Masters v Benčpressu,Yes
F. Riggio,M,B,Single-ply,,,,Natural Masters 60-69,,,,,,,,,,,,110.0,,,,,,110.0,1,,,,,,,,USPF,IPF,1992-02-16,USA,CA,Del Mar,California State Bench Press,Yes
R. Carter,M,SBD,Single-ply,,,,Open,82.5,82.5,,,,,170.1,,,,,136.08,,,,,181.44,487.61,3,330.3,326.65,314.3,56.51,,,,USPF,IPF,1981-05-08,USA,ID,New Albany,Kentucky Championship,Yes
Jonathan Houvenaghel,M,B,Raw,32.0,24-34,24-39,Seniors,88.98,93,,,,,,-152.5,-152.5,-157.5,,,,,,,,,DQ,,,,,Yes,,,FFForce,IPF,2018-12-02,France,,Lens,Régional DC BP Hauts-de-France,Yes
Romeo Engert,M,SBD,Raw,,,,Open,83.5,93,150.0,157.5,-162.5,,157.5,95.0,-100.0,100.0,,100.0,175.0,180.0,-185.0,,180.0,437.5,8,294.36,291.0,279.84,60.38,Yes,,,BVDK,IPF,2017-12-23,Germany,BY,Bayreuth,Stadtmeisterschaft Bayreuth Classic Kraftdreikampf,Yes
Panagiotis Koutentis,M,SBD,Raw,54.5,50-54,50-59,Masters 2,91.54,93,155.0,160.0,165.0,,165.0,127.5,135.0,-137.5,,135.0,175.0,180.0,-182.5,,180.0,480.0,12,307.76,303.84,290.99,63.28,Yes,Cyprus,,EPF,IPF,2024-02-12,Spain,,Malaga,European Masters Classic Powerlifting Championships,Yes
Aleksey Shitikov,M,SBD,Raw,43.5,40-44,40-49,Masters 1,81.85,83,,,,,140.0,,,,,110.0,,,,,182.5,432.5,4,294.29,291.12,280.22,60.29,Yes,,,FPR,IPF,2019-06-16,Russia,NVS,Novosibirsk,Novosibirsk Olympic Day,Yes
Irving Jesús Suárez Segura,M,SBD,Raw,,,,Open,70.9,74,140.0,150.0,155.0,,155.0,105.0,110.0,-112.5,,110.0,190.0,200.0,210.0,,210.0,475.0,12,353.68,352.53,341.45,71.31,Yes,,,FEMEPO,IPF,2022-03-18,Mexico,DF,Mexico City,Campeonato Nacional,Yes
Per Ove Sjøl,M,SBD,Single-ply,,,,Open,108.4,110,,,,,300.0,,,,,160.0,,,,,300.0,760.0,1,452.64,449.31,429.26,76.58,Yes,Norway,,NSF,IPF,2001-01-27,Norway,,Sande,Kretsstevne,Yes
Andreas Zeilinger,M,B,Single-ply,42.5,40-44,40-49,Open,72.1,74,,,,,,-215.0,-215.0,,,,,,,,,,DQ,,,,,Yes,Austria,,IPF,IPF,2011-05-25,Austria,,Soelden,World Bench Press Championships,Yes
Rafael López Cabello,M,D,Raw,56.5,55-59,50-59,M2,63.25,66,,,,,,,,,,,190.0,197.5,200.0,,200.0,200.0,1,161.85,162.77,158.5,,Yes,Spain,,AEP,IPF,2015-05-30,Spain,,Finestrat,III Open de Peso Muerto - Memorial Ramón Torregrosa,Yes
Mark Rebrushkin,M,SBD,Single-ply,20.5,20-23,19-23,Open,82.8,83,,,,,207.5,,,,,122.5,,,,,185.0,515.0,7,348.14,344.26,331.19,59.55,Yes,,,FPR,IPF,2016-11-18,Russia,IRK,Cheremkhovo,Irkutsk Oblast Powerlifting Championships,Yes
Pete Vuono,M,SBD,Single-ply,,,,Open,82.5,82.5,,,,,205.0,,,,,130.0,,,,,245.0,580.0,2,392.89,388.55,373.86,67.21,,,,USPF,IPF,1983-01-22,USA,NH,Nashua,New England States,Yes
Kyle Kloc,M,SBD,Single-ply,22.0,20-23,19-23,M-Jr,88.6,90,220.0,235.0,245.0,,245.0,-155.0,155.0,165.0,,165.0,215.0,230.0,235.0,,235.0,645.0,1,420.4,415.11,398.12,71.78,Yes,,,USAPL,IPF,2007-08-18,USA,TX,Houston,Summer Power Fest,Yes
Alena Guseva,F,SBD,Raw,40.0,40-44,40-49,Open,49.35,52,,,,,97.5,,,,,52.5,,,,,110.0,260.0,1,328.85,337.32,299.73,68.78,Yes,Russia,,FPR,IPF,2019-03-23,Russia,IRK,Irkutsk,Irkutsk Powerlifting Championships,Yes
Ragnhild Engeland,F,B,Single-ply,,,,Open,76.9,82.5,,,,,,100.0,105.0,-107.5,,105.0,,,,,,105.0,1,100.94,98.3,86.38,56.91,Yes,Norway,,NordicPF,IPF,2001-05-05,Denmark,,Randers,Nordic Bench Press Championships,Yes
Martin Magerøy,M,B,Single-ply,21.5,20-23,19-23,Juniors 19-23,71.2,75,,,,,,-120.0,120.0,-125.0,,120.0,,,,,,120.0,1,89.09,88.78,85.97,48.36,Yes,,,NSF,IPF,2007-09-22,Norway,,Varhol Fræna,Åpent stevne,Yes
Sacarias Stavheim,M,B,Raw,,18-19,14-18,Teen 14-18,72.7,74,,,,,,95.0,-100.0,100.0,,100.0,,,,,,100.0,2,73.21,72.85,70.49,53.84,Yes,,,NSF,IPF,2023-03-25,Norway,,Drammen,Drammen SI NM benkpress utstyrsfritt,Yes
Clare Lake,F,SBD,Raw,56.5,55-59,50-59,FR-O,112.2,84+,25.0,-40.0,-40.0,,25.0,35.0,37.5,-40.0,,37.5,120.0,125.0,-127.5,,125.0,187.5,3,153.55,151.83,129.13,32.55,Yes,Scotland,,ScottishPL,IPF,2025-05-18,Scotland,,Paisley,Masters Open,Yes
Veronica Manning,F,SBD,Raw,23.0,20-23,19-23,Juniors,68.4,69,122.5,130.0,132.5,,132.5,85.0,87.0,-88.0,,87.0,165.0,175.0,183.0,,183.0,402.5,1,412.39,406.94,358.89,83.8,Yes,New Zealand,,CommonwealthPF,IPF,2022-11-28,New Zealand,,Auckland,Commonwealth Championships,Yes
Dan Goray,M,SBD,Single-ply,,,,Open,60.0,60,,,,,155.0,,,,,92.5,,,,,202.5,450.0,1,379.82,383.79,374.78,64.67,Yes,Canada,MB,CPU,IPF,1996-02-17,Canada,MB,Steinbach,Provincials,Yes
Jade Wilson,F,SBD,Raw,22.5,20-23,19-23,FR-Jr,74.7,76,142.5,150.0,-155.0,,150.0,67.5,72.5,-75.0,,72.5,150.0,157.5,-162.5,,157.5,380.0,1,370.9,362.15,318.62,75.54,Yes,England,SE,EPA,IPF,2024-10-26,England,SE,,South East Open,Yes
Nadine Tey,F,SBD,Raw,19.5,20-23,19-23,Open,69.75,72,57.5,65.0,-70.0,,65.0,37.5,40.0,-42.5,,40.0,75.0,82.5,87.5,,87.5,192.5,1,195.06,191.98,169.24,39.64,Yes,,,PA,IPF,2012-09-16,Australia,VIC,Hawthorn,Starting Strength Challenge,Yes
Darrell Carnes,M,SBD,Single-ply,,24-34,24-39,Open,90.0,90,,,,,267.5,,,,,197.5,,,,,302.5,767.5,2,496.27,489.97,469.59,84.69,,,,USPF,IPF,1983-12-03,USA,SC,Greenville,Palmetto State Championships,Yes
Aleksandr Lipatov,M,SBD,Raw,40.5,40-44,40-49,Open,120.0,120,,,,,350.0,,,,,217.5,,,,,320.0,887.5,1,509.7,510.24,488.95,103.17,Yes,Russia,,FPR,IPF,2017-04-30,Russia,MOW,Moscow,Moscow Lights Tournament,Yes
Ken Smith #6,M,SBD,Single-ply,20.5,20-23,19-23,Open,75.0,75,,,,,187.5,,,,,127.5,,,,,220.0,535.0,5,383.82,381.22,368.35,65.73,,,,USPF,IPF,1984-04-15,USA,TX,Austin,Region 9 Championships,Yes
Kenneth Liu,M,SBD,Raw,29.5,24-34,24-39,Open,103.9,105,215.0,227.5,232.5,,232.5,140.0,147.5,155.0,,155.0,220.0,240.0,-252.5,,240.0,627.5,4,380.07,376.37,359.38,77.86,Yes,,,CPU,IPF,2019-07-21,Canada,ON,Toronto,Toronto Summer Open,Yes
A. Maizel,M,SBD,Single-ply,,,,Open,90.0,90,,,,,204.12,,,,,149.69,,,,,219.99,573.8,7,371.02,366.31,351.07,63.32,,,,USPF,IPF,1980-03-15,USA,CT,Greenich,Greenwich Open Novice,Yes
Michael Pyritz,M,SBD,Single-ply,44.0,40-44,40-49,Open,95.8,105,220.0,240.0,252.5,,252.5,115.0,130.0,-135.0,,130.0,230.0,250.0,-265.0,,250.0,632.5,6,396.85,391.96,374.75,67.56,Yes,Germany,,BVDK,IPF,2016-01-23,Germany,,Unterölsbach-Barth-Bautzen,1. Runde Bundesliga Kraftdreikampf,Yes
Julianne Thammavong,F,SBD,Raw,24.0,24-34,24-39,Open,62.2,63,150.0,155.0,,,155.0,90.0,-95.0,95.0,,95.0,150.0,160.0,-167.5,,160.0,410.0,3,444.42,444.62,392.67,90.45,Yes,Australia,,APU,IPF,2023-10-21,Australia,NSW,,NSW State Classic Open Women's Powerlifting and Bench Press Championships,Yes
Antonietta Orsini,F,SBD,Single-ply,33.0,24-34,24-39,Middle,66.6,67.5,,,,,210.0,,,,,120.0,,,,,,,DQ,,,,,Yes,Italy,,IPF,IPF,1997-08-08,Finland,,Lahti,World Games,Yes
Ivo Schwarz,M,SBD,Raw,20.5,20-23,19-23,Juniors,69.4,74,-150.0,150.0,-160.0,,150.0,100.0,110.0,-115.0,,110.0,180.0,190.0,200.0,,200.0,460.0,8,347.61,347.01,336.42,69.83,Yes,,,CSST,IPF,2022-08-27,Czechia,,Blansko,Mistrovství Moravy juniorů v klasickém silovém trojboji,Yes
Linas Abakas,M,SBD,Raw,20.5,20-23,19-23,MR-O,65.5,66,132.5,140.0,-145.0,,140.0,92.5,97.5,102.5,,102.5,160.0,172.5,180.0,,180.0,422.5,2,332.92,333.83,324.51,66.13,Yes,Lithuania,,LJTF,IPF,2020-09-12,Lithuania,,Vilnius,National Championship,Yes
O. Niessink,M,SBD,Single-ply,,,,Open,124.9,125,,,,,270.0,,,,,185.0,,,,,305.0,760.0,1,430.84,433.15,414.54,72.36,Yes,Netherlands,,NPB,IPF,1997-01-01,Netherlands,,,North Dutch Powerlifting Championships,Yes
林 政二郎,M,SBD,Raw,47.5,45-49,40-49,Masters 1,82.8,83,145.0,155.0,157.5,,157.5,110.0,115.0,117.5,,117.5,170.0,180.0,185.0,,185.0,460.0,1,310.96,307.49,295.82,63.75,Yes,,,JPA,IPF,2019-04-07,Japan,,,Osaka Powerlifting Championships,Yes
Nicholas Galvan #3,M,SBD,Single-ply,15.5,16-17,14-18,M-HS,82.1,83,170.0,180.0,192.5,,192.5,115.0,122.5,-132.5,,122.5,185.0,192.5,205.0,,205.0,520.0,1,353.22,349.37,336.24,60.43,Yes,USA,,USAPL,IPF,2015-09-26,USA,TX,San Antonio,Iron Wars,Yes
Bill Remley,M,SBD,Single-ply,52.0,50-54,50-59,Masters 50-54,110.0,110,,,,,192.5,,,,,142.5,,,,,210.0,545.0,1,322.79,320.73,306.54,54.57,,USA,,USPF,IPF,1983-05-21,USA,PA,Ambridge,Eastern US Masters,Yes
Randeep Singh,M,SBD,Raw,26.5,24-34,24-39,MR-O,93.0,93,185.0,-200.0,200.0,,200.0,117.5,-122.5,122.5,,122.5,225.0,237.5,242.5,,242.5,565.0,8,359.48,354.93,339.7,73.91,Yes,USA,VA,USAPL,IPF,2018-12-15,USA,VA,,Virginia Holiday Havoc,Yes
Ron Hill,M,B,Raw,,,,Novice,60.0,60,,,,,,,,,,104.33,,,,,,104.33,1,88.06,88.98,86.89,62.37,,,,USPF,IPF,1984-04-14,USA,MO,St Louis,Biggest Bench in the Midwest,Yes
Danielle Tiemann,F,SBD,Single-ply,18.5,18-19,,F-O,67.5,67.5,,,,,102.5,,,,,52.5,,,,,120.0,275.0,15,283.91,280.67,247.59,47.81,Yes,,,USAPL,IPF,2001-03-10,USA,LA,Alexandria,Collegiate National Powerlifting Championships,Yes
Chiara Bernardi,F,B,Raw,20.0,20-23,19-23,Junior,62.73,63,,,,,,80.0,82.5,85.0,,85.0,,,,,,85.0,1,91.66,91.58,80.87,71.1,Yes,Italy,,FIPL,IPF,2019-07-20,Italy,,San Zenone al Lambro,16° Coppa Bertoletti di Panca Raw e Gear,Yes
Margetta Salminen,F,B,Single-ply,,,,Open,60.0,60,,,,,,,,,,75.0,,,,,,75.0,2,83.14,83.62,73.88,46.72,Yes,Finland,,SVNL,IPF,1994-08-21,Finland,,Kerava,Penkkipunnerruksen SM-kisat,Yes
Pete Grohoski,M,B,Single-ply,39.0,35-39,,M-O,89.4,90,,,,,,-232.5,-232.5,232.5,,232.5,,,,,,232.5,1,150.84,148.94,142.78,78.76,Yes,USA,,USAPL,IPF,2009-10-17,USA,PA,King of Prussia,Northeastern USA Regional Bench Press & Powerlifting Championships,Yes
Jacques Richard,M,SBD,Raw,66.5,65-69,60-69,Masters 3,81.85,83,-155.0,-155.0,-155.0,,,,,,,,,,,,,,DQ,,,,,Yes,France,,FFForce,IPF,2016-03-04,France,,Linas-Montlhéry,Championnats de France FA Masters,Yes
Ricardo Coloma,M,SBD,Single-ply,35.5,35-39,24-39,Open,153.4,120+,380.0,400.0,-446.0,,400.0,165.0,245.0,255.0,,255.0,250.0,275.0,300.0,,300.0,955.0,1,510.5,526.73,496.84,85.28,Yes,Ecuador,,FESUPO,IPF,2022-09-06,Brazil,,Caçador,IX Campeonato Sudamericano,Yes
Ben Querubin,M,SBD,Single-ply,,,,Open,110.0,110,,,,,235.0,,,,,132.5,,,,,215.0,582.5,7,345.0,342.8,327.63,58.33,,,,USPF,IPF,1983-05-01,USA,UT,Roy,Northern Utah Novice Open,Yes
Abbas Al-Sarray,M,SBD,Single-ply,16.5,16-17,14-18,Sub-Juniors,72.6,74,210.0,225.0,-237.5,,225.0,135.0,142.5,147.5,,147.5,225.0,-235.0,-237.5,,225.0,597.5,3,437.84,435.73,421.61,74.98,Yes,Iraq,,IPF,IPF,2021-08-23,Romania,,Oradea,World Juniors Sub-Juniors & Masters Championships,Yes
Routh Thach,F,SBD,Raw,29.5,24-34,24-39,FR-O,51.3,52,137.5,-145.0,145.0,,145.0,82.5,87.5,-90.0,,87.5,152.5,165.0,-167.5,,165.0,397.5,1,489.12,500.74,444.1,101.56,Yes,USA,WA,USAPL,IPF,2017-12-08,USA,CA,Anaheim,American Open,Yes
Jilalayla Thompson,F,B,Raw,,,,FR-O,91.9,90+,,,,,,,,,,77.5,,,,,,77.5,1,68.47,66.4,57.6,56.72,Yes,,,USAPL,IPF,2014-05-17,USA,IL,,Illinois State/ Great Rivers Open,Yes
Dmitriy Levtsov,M,SBD,Single-ply,17.5,18-19,14-18,Open,54.2,56,,,,,125.0,,,,,80.0,,,,,132.5,337.5,2,311.05,317.37,311.78,52.59,Yes,Russia,,FPR,IPF,2007-11-17,Russia,KYA,Krasnoyarsk,Krasnoyarsk Krai Powerlifting Championships,Yes
Ines Urbaneck,F,SBD,Raw,34.0,24-34,24-39,Open,56.5,57,95.0,100.0,-105.0,,100.0,50.0,52.5,,,52.5,110.0,-115.0,-115.0,,110.0,262.5,4,302.49,306.71,271.25,61.98,Yes,,,BVDK,IPF,2017-10-12,Germany,,Chemnitz,DM KDK Classic,Yes
J. Holeman,M,B,Single-ply,,18-19,,Teen 18-19,125.0,125,,,,,,,,,,142.5,,,,,,142.5,1,80.76,81.2,77.71,41.35,,,,USPF,IPF,1997-02-22,USA,OR,Portland,Bench Press Nationals,Yes
Andrey Vasyanin,M,SBD,Single-ply,25.5,24-34,24-39,Open,92.25,93,,,,,285.0,,,,,200.0,,,,,275.0,760.0,13,485.45,479.28,458.87,82.77,Yes,Russia,,FPR,IPF,2015-05-24,Russia,LEN,St. Petersburg,White Nights,Yes
L. Higgins,F,B,Raw,,,,Open,48.99,,,,,,,,,,,47.63,,,,,,47.63,5,60.56,62.13,55.23,48.27,,,,USPF,IPF,1984-04-14,USA,GA,Atlanta,Southern States Bench Press,Yes
Lyudmila Gaiduchenko,F,SBD,Single-ply,24.5,24-34,24-39,,80.2,82.5,150.0,160.0,167.5,,167.5,105.0,110.0,-115.0,,110.0,185.0,195.0,-205.0,,195.0,,DD,,,,,Yes,Ukraine,,FPR,IPF,1991-02-28,USSR,,Leningrad,USSR Powerlifting Championships,Yes
Donatella Beretta,F,SBD,Single-ply,40.5,40-44,40-49,Open,59.3,60,,,,,130.0,,,,,72.5,,,,,170.0,372.5,7,416.02,419.1,370.35,69.68,Yes,Italy,,EPF,IPF,2000-12-01,Luxembourg,,Hamm,Women's European Powerlifting Championships,Yes
Rosa Park,F,SBD,Raw,29.0,24-34,24-39,Open,68.05,69,75.0,85.0,90.0,,90.0,55.0,60.0,65.0,,65.0,90.0,100.0,110.0,,110.0,265.0,3,272.31,268.9,237.17,55.33,Yes,Australia,,APLA,IPF,2024-12-14,Australia,NSW,,City Strength HQ Open XX,Yes
Eric Hart,M,B,Single-ply,,,,High School,100.0,100,,,,,,,,,,86.18,,,,,,86.18,5,53.05,52.45,50.09,27.4,,,,USPF,IPF,1985-05-11,USA,IA,Dubuque,Midwest Open Bench,Yes
Matvey Kamorin,M,B,Raw,14.5,13-15,14-18,Sub-Juniors,57.72,59,,,,,,55.0,62.5,-67.5,,62.5,,,,,,62.5,6,54.49,55.26,54.08,38.18,Yes,,,FPR,IPF,2016-12-03,Russia,IRK,Shelekhov,Irkutsk Oblast Bench Press Championships,Yes
Ivan Gray,M,SBD,Single-ply,16.5,16-17,14-18,M-T2,51.4,52,145.0,-162.5,-162.5,,145.0,57.5,67.5,-72.5,,67.5,165.0,177.5,187.5,,187.5,400.0,2,387.38,397.34,391.57,65.17,Yes,,,USAPL,IPF,2008-06-12,USA,TX,Killeen,Men's Open & Teen & Junior Nationals,Yes
N. Ishikawa,M,B,Single-ply,,,,Open,100.0,100,,,,,,,,,,170.0,,,,,,170.0,5,104.64,103.46,98.82,54.05,Yes,,,JPA,IPF,1990-11-25,Japan,,Tokyo,Japanese Bench Press Championships,Yes
Anthony Batis,M,SBD,Raw,40.5,40-44,40-49,Masters 1,81.27,83,200.0,207.5,-212.5,,207.5,152.5,157.5,-160.0,,157.5,250.0,257.5,-262.5,,257.5,622.5,4,425.32,420.83,405.2,87.09,Yes,,,FFForce,IPF,2025-06-06,France,,Loos,Championnats de France Masters de Force Athlétique,Yes
K. Wells,M,SBD,Single-ply,,,,Junior,90.0,90,,,,,,,,,,,,,,,,,DQ,,,,,,,,USPF,IPF,1983-02-05,USA,OH,Kent,Ohio State Championships,Yes
John Yates,M,SBD,Single-ply,,,,Open,82.5,82.5,,,,,195.0,,,,,100.0,,,,,217.5,512.5,1,347.16,343.33,330.35,59.39,,,,AusPF,IPF,1993-06-10,Australia,NT,Katherine,Open/Novice Competition,Yes
E. McDonald,M,SBD,Single-ply,,24-34,,Open,67.5,67.5,,,,,122.5,,,,,87.5,,,,,160.0,370.0,5,285.18,285.28,276.91,48.78,,,,USPF,IPF,1982-03-20,USA,IL,Madison,Ozark Championships,Yes
Weston Bonneau,M,SBD,Raw,16.0,16-17,14-18,MR-Sj,105.6,120,217.5,222.5,227.5,,227.5,127.5,137.5,-147.5,,137.5,210.0,215.0,-230.0,,215.0,580.0,1,349.0,345.89,330.31,71.42,Yes,USA,TX,AMP,IPF,2023-10-22,USA,TX,San Antonio,Texas State Championships,Yes
Thomas Andersen,M,B,Single-ply,23.5,24-34,24-39,Open,66.8,67.5,,,,,,,,,,155.5,,,,,,155.5,1,120.76,120.9,117.42,66.64,Yes,,,DSF,IPF,2003-03-01,Denmark,,Randers,ER Open Bænkpres,Yes
Denis Mosya,M,B,Single-ply,26.0,24-34,24-39,Open,73.5,75,,,,,,140.0,145.0,150.0,,150.0,,,,,,150.0,2,109.03,108.42,104.85,58.76,Yes,Russia,,FPR,IPF,2002-05-04,Russia,BA,Ufa,RB Bench Press Championships,Yes
Nick Teo,M,SBD,Raw,,,,Open,75.93,83,210.0,-220.0,-220.0,,210.0,145.0,150.0,-152.5,,150.0,-260.0,260.0,,,260.0,620.0,3,441.34,438.05,423.04,89.82,Yes,,,KNKF-SP,IPF,2017-12-09,Netherlands,NB,Veldhoven,Dutch Classic Powerlifting Championships,Yes
Stefan Brunzell,M,SBD,Raw,,,50-59,Masters 50-59,64.0,66,-120.0,120.0,,,120.0,80.0,-85.0,-85.0,,80.0,135.0,145.0,150.0,,150.0,350.0,1,280.67,281.99,274.42,55.46,Yes,,,NSF,IPF,2016-04-19,Norway,,Bergen,Åpent stevne,Yes
Yosef Saar,M,SBD,Raw,23.5,24-34,24-39,MR-O,104.5,105,142.5,152.5,-160.0,,152.5,72.5,80.0,-87.5,,80.0,150.0,165.0,-170.0,,165.0,397.5,14,240.19,237.93,227.19,49.19,Yes,USA,VA,USAPL,IPF,2019-12-07,USA,VA,,Virginia Holiday Havoc,Yes
Gord Hansuld,M,SBD,Single-ply,,,,Open,75.0,75,,,,,250.0,,,,,177.5,,,,,260.0,687.5,1,493.23,489.89,473.35,84.47,Yes,Canada,,CPU,IPF,1984-03-25,Canada,ON,Toronto,Ontario Senior Championships,Yes
Dmitriy Kashin,M,SBD,Single-ply,22.5,20-23,19-23,Open,89.4,93,,,,,,,,,,,,,,,,,DQ,,,,,Yes,Russia,,FPR,IPF,2011-05-16,Russia,LEN,St. Petersburg,White Nights,Yes
Dalton Staller,M,SBD,Single-ply,18.0,18-19,19-23,M-HS,96.6,100,227.5,232.5,237.5,,237.5,110.0,115.0,122.5,,122.5,195.0,205.0,-215.0,,205.0,565.0,10,353.15,348.85,333.45,60.1,Yes,USA,WI,USAPL,IPF,2017-03-11,USA,WI,,Wisconsin State High School Championships,Yes
Bridgitt Thibault,F,SBD,Single-ply,,,,Open,51.5,52,,,,,82.5,,,,,67.5,,,,,122.5,272.5,2,334.4,342.25,303.49,55.87,Yes,Canada,QC,CPU,IPF,2001-03-30,Canada,QC,Quebec City,Nationals,Yes
Jim Rossborough,M,SBD,Raw,51.5,50-54,50-59,MR-M2,83.0,83,187.5,195.0,-210.5,,195.0,100.0,-130.0,-130.0,,100.0,190.0,205.0,220.0,,220.0,515.0,1,347.67,343.76,330.68,71.29,Yes,N.Ireland,,NIPF,IPF,2024-03-23,N.Ireland,,,Spring Classic,Yes
Gunn Aarmo,F,SBD,Raw,,,,Open,81.25,84,140.0,150.0,,,150.0,77.5,-80.0,80.0,,80.0,170.0,180.0,-187.5,,180.0,410.0,1,383.37,371.98,325.92,78.47,Yes,,,NSF,IPF,2018-12-08,Norway,,Gruva,Klubbstevne,Yes
B. Shears,M,SBD,Single-ply,,,,Open,56.0,56,,,,,125.0,,,,,60.0,,,,,147.5,332.5,2,297.61,302.69,296.77,50.45,Yes,,,CPU,IPF,1982-04-03,Canada,NL,Cowhead,Newfoundland Senior Championships,Yes
Pirthi Singh,M,SBD,Single-ply,,,,M-E-Open,90.0,90,,,,,242.5,,,,,142.5,,,,,242.5,627.5,1,405.74,400.59,383.93,69.24,Yes,,,BAWLA,IPF,1983-02-20,England,,Derby,Derbyshire Championships,Yes
Daniel Pestel,M,B,Raw,72.5,70-74,70-999,Masters 4,73.94,74,,,,,,82.5,87.5,90.0,,90.0,,,,,,90.0,2,65.16,64.78,62.63,48.02,Yes,France,,FFForce,IPF,2024-04-27,France,,Rai,Championnat Régional DC/BP Normandie,Yes
Larry Wagner,M,SBD,Single-ply,,,,Class I & Above,125.0,125,,,,,283.5,,,,,181.44,,,,,274.42,739.36,2,419.04,421.32,403.19,70.37,,,,USPF,IPF,1984-08-04,USA,OH,Chillicothe,Southern Ohio Open & Ohio State Women's,Yes
Henry Chay,M,SBD,Raw,54.0,50-54,50-59,M-C-Open,62.5,66,125.0,132.5,-135.0,,132.5,70.0,75.0,80.0,,80.0,160.0,177.5,180.0,,180.0,392.5,1,320.6,322.76,314.49,62.98,Yes,England,NW,EPA,IPF,2015-11-28,England,,Clatterbridge,North West Powerlifting Championships,Yes
Amit Kumar Pathak,M,B,Single-ply,34.0,24-34,24-39,Open,65.9,66,,,,,,-125.0,125.0,132.5,,132.5,,,,,,132.5,6,103.93,104.17,101.23,57.58,Yes,,,PI,IPF,2019-11-23,India,,New Delhi,Indian Bench Press Championships,Yes
Bonica Brown,F,SBD,Raw,35.0,35-39,24-39,FR-O,146.65,84+,260.0,270.0,280.0,,280.0,130.0,137.5,145.0,,145.0,220.0,230.0,242.5,,242.5,667.5,1,515.19,515.07,432.94,111.56,Yes,USA,NE,AMP,IPF,2023-11-11,USA,TX,Spring,Texas Fall Championship,Yes
Amit Selberg,M,SBD,Single-ply,20.5,20-23,19-23,Juniors,59.2,60,,,,,220.0,,,,,150.0,,,,,207.5,577.5,2,492.87,498.65,487.3,83.86,Yes,Sweden,,IPF,IPF,1997-09-12,Slovakia,,Bratislava,World Juniors Powerlifting Championships,Yes
Oleksandr Balenko,M,SBD,Single-ply,17.5,18-19,14-18,Teen 17-18,67.0,67.5,,,,,150.0,,,,,82.5,,,,,150.0,382.5,8,296.41,296.68,288.08,50.69,Yes,,,UkrainePF,IPF,2010-12-10,Ukraine,,Poltava,Ukrainian Sports School Championships,Yes
David May #2,M,SBD,Raw,25.0,24-34,24-39,MR-O,71.5,74,145.0,195.0,205.0,,205.0,110.0,120.0,-125.0,,120.0,-242.5,242.5,247.5,,247.5,572.5,1,423.84,422.22,408.8,85.57,Yes,USA,MI,USAPL,IPF,2019-12-07,USA,MI,,Michigan State Championship,Yes
Sigríður Dagmar Agnarsdóttir,F,SBD,Raw,66.5,65-69,60-69,Masters 3,56.2,57,80.0,85.0,-90.0,,85.0,37.5,-40.0,42.5,,42.5,110.0,115.0,120.0,,120.0,247.5,5,286.21,290.4,256.85,58.68,Yes,Iceland,,IPF,IPF,2019-06-04,Sweden,,Helsingborg,World Classic Powerlifting Championships,Yes
Andrey Tarasenko,M,SBD,Single-ply,31.5,24-34,24-39,Open,96.0,100,365.0,375.0,385.0,,385.0,245.0,255.0,265.0,,265.0,325.0,340.0,347.5,,347.5,997.5,1,625.26,617.58,590.43,106.43,Yes,Russia,,IPF,IPF,2007-10-14,Austria,,Soelden,World Powerlifting Championships,Yes
Malinda Baum,F,SBD,Single-ply,,,40-49,F-M1a,81.72,82.5,-160.0,-160.0,160.0,,160.0,100.0,-107.5,-107.5,,100.0,170.0,185.0,-195.0,,185.0,445.0,1,414.93,402.49,352.53,70.76,Yes,USA,,USAPL,IPF,2005-02-05,USA,MO,St. Louis,Women's Nationals,Yes
Attila Jeremiás,M,B,Single-ply,69.5,65-69,70-999,Masters 4,95.75,105,,,,,,125.0,130.0,,,130.0,,,,,,130.0,2,81.59,80.58,77.04,42.3,Yes,Hungary,,Hunpower,IPF,2013-05-18,Hungary,,Kiskunmajsa,Hungarian Equipped Sub-Junior Junior Masters Bench Press Championship,Yes
Linda Pulsan,F,SBD,Single-ply,,,,Open,67.5,67.5,170.0,180.0,190.0,,190.0,80.0,85.0,-90.0,,85.0,170.0,180.0,-190.0,,180.0,455.0,1,469.74,464.38,409.65,79.11,Yes,Papua New Guinea,,PA,IPF,2010-04-17,Australia,QLD,Townsville,Suncorp North Queensland Games International,Yes
Donatello Red-Steven,M,BD,Single-ply,,5-12,,M-Y2,,125+,,,,,,,,,,70.31,,,,,102.06,172.37,1,,,,,Yes,,,USAPL,IPF,2005-07-09,USA,WA,Seattle,Seattle Summer Classic,Yes
Kolby Pierce,M,SBD,Raw,15.5,16-17,14-18,MR-T2,56.5,59,125.0,130.0,137.5,,137.5,80.0,82.5,-85.0,,82.5,127.5,137.5,145.0,,145.0,365.0,1,324.16,329.41,322.8,61.82,Yes,USA,MI,USAPL,IPF,2017-12-02,USA,MI,,Michigan State Meet,Yes
Mystique McLaughlin,F,SBD,Raw,30.5,24-34,24-39,FR-O,74.32,76,120.0,130.0,140.0,,140.0,60.0,67.5,75.0,,75.0,120.0,132.5,145.0,,145.0,360.0,3,352.33,344.2,302.88,71.74,Yes,USA,MA,USAPL,IPF,2021-08-14,USA,MA,,Massachusetts / Rhode Island State Championships,Yes
Nicole Richards,F,SBD,Raw,,,,FR-O,62.2,63,100.0,105.0,110.0,,110.0,42.5,45.0,-50.0,,45.0,105.0,112.5,122.5,,122.5,277.5,2,300.8,300.93,265.77,61.22,Yes,,,EPA,IPF,2024-03-17,England,,Eastleigh,Southampton vs Portsmouth Varsity,Yes
Gregory Livingstone,M,SBD,Raw,,,,Open,90.1,93,160.0,177.5,-187.5,,177.5,125.0,-135.0,-135.0,,125.0,185.0,205.0,215.0,,215.0,517.5,2,334.43,330.18,316.43,68.76,Yes,Canada,AB,CPU,IPF,2023-04-15,Canada,AB,Calgary,Grandlift Open,Yes
Aleksey Rikhter,M,SBD,Single-ply,15.5,16-17,14-18,Open,58.3,59,,,,,175.0,,,,,130.0,,,,,175.0,480.0,4,414.96,420.43,411.22,70.54,Yes,Russia,,FPR,IPF,2014-12-10,Russia,YAN,Tarko-Sale,Ural Powerlifting Championships,Yes
Mustafar Mokhtari,M,B,Raw,35.0,35-39,24-39,Open,87.4,93,,,,,,90.0,-95.0,-95.0,,90.0,,,,,,90.0,5,59.08,58.34,55.99,44.04,Yes,,,BVDK,IPF,2023-05-20,Germany,NRW,Westerholt,Bezirksmeisterschaft Bankdrücken Westfalen,Yes
Susse Hougaard,F,SBD,Single-ply,21.5,20-23,19-23,Open,55.6,56,,,,,120.0,,,,,95.0,,,,,155.0,370.0,1,430.92,437.8,387.31,72.06,Yes,Denmark,,DSF,IPF,2006-10-07,Denmark,,Bjerringbro,JM,Yes
Christopher Groth,M,B,Single-ply,22.5,20-23,19-23,Open,99.5,105,,,,,,110.0,120.0,127.5,,127.5,,,,,,127.5,2,78.65,77.75,74.27,40.64,Yes,,,BVDK,IPF,2012-12-08,Germany,TH,Arnstadt,Super-KDK,Yes
Salome Armas,F,SBD,Raw,19.5,20-23,19-23,Open,76.1,84,115.0,125.0,130.0,,130.0,77.5,85.0,92.5,,92.5,130.0,-140.0,-140.0,,130.0,352.5,2,340.71,332.1,291.96,69.45,Yes,Ecuador,,FESUPO,IPF,2018-07-06,Ecuador,,Guayaquil,Campeonato Sudamericano de Powerlifting y Bench Press,Yes
Angélique Payet,F,SBD,Raw,33.5,24-34,24-39,Seniors,51.6,52,107.5,-112.5,-112.5,,107.5,62.5,-65.0,-65.0,,62.5,127.5,135.0,-140.0,,135.0,305.0,1,373.77,382.5,339.15,77.53,Yes,,,FFForce,IPF,2023-07-01,France,,Dumbéa,Coupe de Nouvelle-Calédonie,Yes
T. Farrell,M,SBD,Single-ply,,,,Open,75.0,75,,,,,175.0,,,,,107.5,,,,,212.5,495.0,5,355.12,352.72,340.81,60.82,,,,USPF,IPF,1983-03-05,USA,NY,Warwick,Tri State Powerlifting,Yes
Susan Elwyn,F,SBD,Raw,67.5,65-69,60-69,FR-O,46.5,47,75.0,85.0,88.0,,88.0,37.5,42.5,45.0,,45.0,110.0,118.0,,,118.0,251.0,10,331.57,340.17,303.5,70.32,Yes,USA,FL,USAPL,IPF,2015-10-15,USA,PA,Scranton,Raw Nationals,Yes
Sergey Tsyupko,M,SBD,Raw,17.5,18-19,14-18,Sub-Juniors,62.25,66,,,,,155.0,,,,,105.0,,,,,200.0,460.0,2,376.92,379.6,369.94,73.97,Yes,Russia,,FPR,IPF,2014-03-26,Russia,TUL,Tula,Russian Classic Powerlifting Championships,Yes
Jesús Javier Quirante Pérez,M,SBD,Raw,23.5,24-34,24-39,Open,73.4,74,190.0,200.0,202.5,,202.5,150.0,-155.0,-155.0,,150.0,245.0,265.0,-277.5,,265.0,617.5,13,449.24,446.76,432.08,91.04,Yes,Spain,,EPF,IPF,2021-12-03,Sweden,,Vasteras,European Classic Powerlifting Championships,Yes
Leon Stinson,M,SBD,Single-ply,45.5,45-49,40-49,Open,90.0,90,,,,,272.5,,,,,150.0,,,,,272.5,695.0,4,449.39,443.68,425.23,76.69,,USA,,USPF,IPF,1984-09-22,USA,PA,Ambridge,Ambridge VFW Open,Yes
Jermaine Capalos,M,SBD,Raw,27.5,24-34,24-39,MR-O,72.45,74,195.0,200.0,205.0,,205.0,140.0,147.5,,,147.5,210.0,-220.0,-225.0,,210.0,562.5,1,412.76,410.83,397.55,83.49,Yes,USA,GA,USAPL,IPF,2019-04-06,USA,GA,,Georgia Spring Open,Yes
Filippo Gelsomino,M,SBD,Raw,21.5,20-23,19-23,Junior,102.5,105,235.0,245.0,252.5,,252.5,120.0,-130.0,-130.0,,120.0,240.0,255.0,260.0,,260.0,632.5,2,385.25,381.27,364.06,78.98,Yes,Italy,,FIPL,IPF,2020-09-18,Italy,,,3° Campionato Italiano Maschile Sub Junior Junior Classic di Powerlifting,Yes
Salena Smashum,F,SBD,Raw,46.5,45-49,40-49,FR-M1,69.56,76,120.0,-132.5,132.5,,132.5,55.0,60.0,-65.0,,60.0,125.0,140.0,150.0,,150.0,342.5,1,347.58,342.22,301.71,70.64,Yes,USA,FL,USAPL,IPF,2021-10-09,USA,FL,,4th Annual North Florida Open Championships,Yes
Allan S Kornval,M,B,Raw,68.5,65-69,60-69,Masters 3,90.95,93,,,,,,,,,,95.0,,,,,,95.0,1,61.11,60.33,57.79,45.57,Yes,,,DSF,IPF,2013-11-30,Denmark,,Aalborg SK,DM Bænkpres,Yes
Nolan Center,M,SBD,Raw,20.5,20-23,19-23,MR-Jr,91.7,93,117.5,125.0,132.5,,132.5,70.0,72.5,-77.5,,72.5,150.0,157.5,165.0,,165.0,370.0,4,237.03,234.01,224.1,48.74,Yes,USA,,USAPL,IPF,2015-11-21,USA,MD,,Maryland State Championship,Yes
Nikolay Nikolaev #2,M,SBD,Single-ply,22.5,20-23,19-23,Open,97.7,105,,,,,150.0,,,,,112.5,,,,,160.0,422.5,3,262.73,259.6,248.07,44.69,Yes,,,FPR,IPF,2015-05-23,Russia,RYA,Ryazan,Ryazan Powerlifting & Bench Press Championships,Yes
Irina Pavlik,F,B,Single-ply,27.5,24-34,24-39,Open,62.9,63,,,,,,,,,,55.0,,,,,,55.0,2,59.21,59.14,52.22,33.22,Yes,Ukraine,,UkrainePF,IPF,2015-03-14,Ukraine,,Mukachevo,Ukrainian Bench Press Championship,Yes
Luka Stamenković,M,B,Raw,17.0,16-17,14-18,SJ,73.0,74,,,,,,102.5,112.5,-120.0,,112.5,,,,,,112.5,1,82.14,81.72,79.05,60.43,Yes,,,PLSS,IPF,2025-06-07,Croatia,,Trstenik,Drzavno prvenstvo za SJ & M u Powerliftingu i Kup Srbije u Bench Press-u,Yes
Rostislav Grygerek,M,SBD,Single-ply,26.5,24-34,24-39,Open,82.8,83,,,,,165.0,,,,,100.0,,,,,200.0,465.0,4,314.34,310.83,299.03,53.77,Yes,Czechia,,CSST,IPF,2016-09-24,Czechia,,Zábřeh,Mistrovství Moravy v Silovém Trojboji Družstev,Yes
Åke Kaarela,M,SBD,Single-ply,,,50-59,Over 50,82.5,82.5,,,,,230.0,,,,,135.0,,,,,240.0,605.0,1,409.82,405.29,389.97,70.11,Yes,Finland,,SVNL,IPF,1990-04-21,Finland,,,Veteraanien M40 voimanoston SM-kisat,Yes
Ivan Belyakov,M,SBD,Raw,12.5,13-15,,Sub-Juniors,53.9,59,,,,,80.0,,,,,55.0,,,,,90.0,225.0,2,208.42,212.77,209.09,39.08,Yes,,,FPR,IPF,2021-04-02,Russia,IRK,Irkutsk,Irkutsk Juniors & Sub-Juniors Classic Powerlifting Championships,Yes
Hampus Gezelius,M,B,Single-ply,,,,Sub-Juniors,81.95,83,,,,,,,,,,115.0,,,,,,115.0,8,78.2,77.35,74.45,41.31,Yes,,,SSF,IPF,2012-11-23,Sweden,,,SM Bänkpress,Yes
Steven O Mahony,M,SBD,Raw,,,,Open,82.7,83,,,,,165.0,,,,,100.0,,,,,205.0,470.0,4,317.94,314.4,302.48,65.18,Yes,Canada,BC,CPU,IPF,2019-02-23,Canada,BC,Burnaby,BCPA Winter Open,Yes
Bernie Sharp,M,B,Single-ply,45.5,45-49,40-49,Masters 1,,125+,,,,,,,,,,140.0,,,,,,140.0,1,,,,,,Australia,,AusPF,IPF,1993-08-15,Australia,SA,Adelaide,Colossus Bench Press Championships,Yes
M. Talbot,M,SBD,Single-ply,,13-15,,Open,75.0,75,,,,,182.5,,,,,105.0,,,,,200.0,487.5,2,349.74,347.37,335.65,59.9,,,,USPF,IPF,1983-06-18,USA,OK,Shawnee,Crain Power Plus Invitational,Yes
Kelly Schnautz,F,SBD,Single-ply,16.0,16-17,14-18,F-JV,78.9,82.5,112.5,-120.0,120.0,,120.0,55.0,60.0,-62.5,,60.0,125.0,135.0,142.5,,142.5,322.5,1,305.99,297.4,261.02,52.05,Yes,,,USAPL,IPF,2008-04-04,USA,MI,Kalamazoo,High School Nationals,Yes
Maksim Savelev,M,SBD,Single-ply,16.5,16-17,14-18,Sub-Juniors,122.85,120+,,,,,145.0,,,,,95.0,,,,,150.0,390.0,2,222.26,223.05,213.67,37.36,Yes,,,FPR,IPF,2016-03-25,Russia,BRY,Klimovo,Bryansk Oblast Sub-Juniors Powerlifting Championships,Yes
Juan Manuel,M,SBD,Single-ply,,,,Juniors,98.1,105,,,,,100.0,,,,,125.0,,,,,272.5,497.5,1,308.81,305.16,291.57,52.51,Yes,,,SSF,IPF,2013-03-01,Sweden,,,U/J/V-SM Styrkelyft,Yes
Robert Øren,M,SBD,Raw,,,60-69,Masters 60-69,107.6,120,135.0,145.0,155.0,,155.0,115.0,120.0,-122.5,,120.0,165.0,175.0,182.5,,182.5,457.5,1,273.26,271.12,258.98,55.85,Yes,Norway,,NSF,IPF,2019-12-19,Norway,,Bergen,Klubbstevne,Yes
Ed Shill,M,SBD,Single-ply,,18-19,,Open,90.0,90,,,,,185.0,,,,,137.5,,,,,227.5,550.0,3,355.63,351.12,336.51,60.69,,,,USPF,IPF,1980-04-12,USA,NY,Middletown,New York State Championships,Yes
Kirill Ivanov,M,SBD,Raw,15.5,16-17,14-18,Open,79.9,83,,,,,125.0,,,,,80.0,,,,,155.0,360.0,18,248.42,245.97,237.01,50.81,Yes,Russia,,FPR,IPF,2018-12-14,Russia,KYA,Krasnoyarsk,Krasnoyarsk Krai Classic Powerlifting Championships,Yes
Jan Klejna,M,SBD,Raw,16.5,16-17,14-18,Juniors,89.8,93,202.5,212.5,-220.0,,212.5,127.5,135.0,140.0,,140.0,242.5,257.5,-270.0,,257.5,610.0,1,394.87,389.86,373.68,81.18,Yes,,,CSST,IPF,2025-04-17,Czechia,,Benešov,Mistrovství České republiky mladších juniorů v klasickém silovém trojboji,Yes
B. Zhaparova,F,SBD,Raw,19.5,20-23,19-23,Juniors,51.1,52,,,,,100.0,,,,,55.0,,,,,120.0,275.0,1,339.31,347.46,308.21,70.5,Yes,,,KPF,IPF,2017-04-02,Kazakhstan,,Tekeli,Kazakhstan Classic Powerlifting Cup,Yes
Teanna Watts,F,SBD,Raw,,,,HW,82.4,63+,152.5,160.0,165.0,,165.0,90.0,95.0,-98.0,,95.0,160.0,170.0,180.0,,180.0,440.0,2,408.62,396.24,346.87,83.73,Yes,Ireland,,IrishPF,IPF,2019-06-23,Ireland,,,Summer Slam,Yes
Dominik Bogensperger,M,B,Single-ply,19.0,18-19,19-23,Juniors,58.95,59,,,,,,105.0,112.5,115.0,,115.0,,,,,,115.0,1,98.49,99.69,97.44,56.73,Yes,Germany,,BVDK,IPF,2016-04-02,Germany,BY,Unterölsbach,22. Champion-Cup im Bankdrücken,Yes
Nikolay Nevirkovets,M,SBD,Single-ply,17.5,18-19,14-18,Teen 17-18,71.35,74,,,,,160.0,,,,,95.0,,,,,175.0,430.0,3,318.79,317.62,307.56,54.58,Yes,Russia,,FPR,IPF,2013-11-01,Russia,LEN,St. Petersburg,St. Petersburg Juniors Sub-Juniors & Masters Powerlifting Championships,Yes
Roman Reinbold,M,SBD,Single-ply,45.5,45-49,40-49,Masters 1,119.25,120,285.0,300.0,320.0,,320.0,-220.0,220.0,-227.5,,220.0,265.0,280.0,282.5,,282.5,822.5,3,473.36,473.57,453.77,79.68,Yes,Germany,,EPF,IPF,2018-07-03,Czechia,,Pilsen,European Masters Championships,Yes
Martin H Rasmussen,M,B,Single-ply,15.5,16-17,14-18,Open,51.7,52,,,,,,,,,,47.5,,,,,,47.5,1,45.75,46.89,46.2,28.14,Yes,,,DSF,IPF,2008-04-19,Denmark,,Bogense,Nordfyn Cup Bænkpres,Yes
Ayn Cooney,F,SBD,Raw,,,,Open,93.6,84+,,,,,70.0,,,,,52.5,,,,,110.0,232.5,1,203.8,197.84,171.28,42.27,Yes,Canada,ON,CPU,IPF,2018-11-12,Canada,ON,Barrie,Barrie Open,Yes
Bev Francis,F,SBD,Single-ply,30.0,24-34,24-39,Open,82.5,82.5,,,,,215.0,,,,,137.5,,,,,212.5,565.0,1,524.39,508.48,445.09,89.5,Yes,Australia,,IPF,IPF,1985-06-01,Austria,,Vienna,Women's World Powerlifting Championships,Yes
Francisco José González Álcazar,M,SBD,Raw,21.5,20-23,19-23,JUN,60.5,66,70.0,75.0,82.5,,82.5,-55.0,-60.0,-60.0,,,100.0,105.0,110.0,,110.0,,DQ,,,,,Yes,,,AEP,IPF,2016-04-02,Spain,,Órgiva,Campeonato de España de Powerlifting Promocional,Yes
Sándor Borbély,M,SBD,Single-ply,23.0,20-23,19-23,Juniors,142.05,120+,,,,,290.0,,,,,160.0,,,,,270.0,720.0,1,392.98,401.48,381.19,65.69,Yes,Hungary,,Hunpower,IPF,2014-10-04,Hungary,,Gyula,Hungarian Equipped National Championships,Yes
Anikó Kovács,F,SBD,Raw,56.5,55-59,50-59,Masters 2,62.0,63,,,,,45.0,,,,,40.0,,,,,90.0,175.0,2,190.07,190.24,168.02,38.69,Yes,,,Hunpower,IPF,2023-04-29,Hungary,,Cegléd,Hungarian National Classic Powerlifting Championships,Yes
Vladimir Kuvaev,M,SBD,Single-ply,32.5,24-34,24-39,Open,113.5,120,270.0,-290.0,,,270.0,190.0,200.0,205.0,,205.0,-270.0,290.0,300.0,,300.0,775.0,3,453.75,451.93,432.39,76.58,Yes,Russia,,FPR,IPF,2013-04-06,Russia,KLU,Kaluga,Kaluga Oblast Powerlifting Cup,Yes
Abagail Byrne,F,SBD,Raw,20.0,20-23,19-23,F-O,74.2,76,117.5,125.0,-127.5,,125.0,52.5,55.0,57.5,,57.5,130.0,140.0,-150.0,,140.0,322.5,3,315.9,308.66,271.62,64.32,Yes,,,IrishPF,IPF,2023-10-28,Ireland,,,October Open,Yes
Jadon Bartman,M,SBD,Raw,23.0,20-23,24-39,MR-O,136.4,120+,255.0,272.5,282.5,,282.5,197.5,207.5,212.5,,212.5,297.5,315.0,325.0,,325.0,820.0,4,452.71,460.06,438.09,90.32,Yes,USA,OH,AMP,IPF,2025-04-03,USA,GA,College Park,Classic Open Nationals,Yes
Christophe Bello,M,SBD,Single-ply,31.0,24-34,24-39,Open,65.21,66,200.0,210.0,-215.0,,210.0,165.0,170.0,172.5,,172.5,220.0,-232.5,232.5,,232.5,615.0,1,486.22,487.73,474.21,83.09,Yes,France,,FFHMFAC,IPF,2014-03-08,France,,Moissac,Championnats de France Force Athlétique Elite,Yes
David Reed,M,SBD,Single-ply,,,,Open,67.5,67.5,,,,,174.63,,,,,97.52,,,,,158.76,430.91,2,332.12,332.24,322.5,56.81,,USA,,USPF,IPF,1980-08-30,USA,PA,Butler,Butler PL Championships,Yes
Daniel Oteri,M,SBD,Raw,,,,MR-O,104.4,105,182.5,192.5,-197.5,,192.5,130.0,-137.5,137.5,,137.5,190.0,202.5,215.0,,215.0,545.0,6,329.45,326.33,311.6,67.47,Yes,,,USAPL,IPF,2015-12-04,USA,MA,Boston,American Open,Yes
Brenda Torres,F,SBD,Raw,40.5,40-44,40-49,FR-M,55.6,57,82.5,85.0,90.0,,90.0,40.0,45.0,-50.0,,45.0,-115.0,115.0,-120.0,,115.0,250.0,1,291.16,295.81,261.69,59.77,Yes,USA,NY,USAPL,IPF,2017-10-27,USA,NY,,SBWC Fall Classic,Yes
Martin Sach,M,D,Single-ply,41.0,40-44,40-49,Masters 1,69.4,74,,,,,,,,,,,190.0,200.0,-210.0,,200.0,200.0,2,151.13,150.87,146.27,,Yes,Germany,,BVDK,IPF,2018-06-23,Germany,BY,Randersacker,DM Kreuzheben,Yes
Mia Cano,F,SBD,Raw,24.5,24-34,24-39,FR-O,68.4,69,92.5,105.0,117.5,,117.5,52.5,60.0,-62.5,,60.0,92.5,105.0,115.0,,115.0,292.5,4,299.69,295.73,260.81,60.9,Yes,USA,IN,USAPL,IPF,2021-11-06,USA,MI,,Michigan State Championships,Yes
Igor Ivanov #3,M,SBD,Single-ply,26.5,24-34,24-39,Open,98.9,100,,,,,275.0,,,,,190.0,,,,,260.0,725.0,16,448.41,443.21,423.4,76.22,Yes,,,FPR,IPF,2004-05-20,Russia,VOR,Voronezh,Iron World Tournament,Yes
Tom Senior,M,SBD,Single-ply,18.5,18-19,19-23,M-Jr,72.6,74,220.0,240.0,250.0,,250.0,132.5,140.0,-145.0,,140.0,200.0,-220.0,-220.0,,200.0,590.0,1,432.35,430.26,416.32,74.03,Yes,England,,BP,IPF,2024-02-24,England,NM,Newark,British Equipped Powerlifting Championships,Yes
Finn Hudson,M,SBD,Raw,20.5,20-23,19-23,MR-O,92.6,93,210.0,217.5,222.5,,222.5,130.0,135.0,137.5,,137.5,237.5,247.5,-252.5,,247.5,607.5,2,387.33,382.41,366.07,79.64,Yes,England,,EPA,IPF,2023-08-12,England,EM,,Four Counties,Yes
Georg Mairinger,M,B,Raw,36.0,35-39,24-39,Open,103.5,105,,,,,,175.0,185.0,187.5,,187.5,,,,,,187.5,1,113.75,112.62,107.53,84.52,Yes,,,OEVK,IPF,2018-03-03,Austria,,Weiz,Staatsmeisterschaft Bankdrücken Classic,Yes
Martin Pedersen Kinn,M,SBD,Raw,,24-34,24-39,Open,79.8,83,170.0,185.0,192.5,,192.5,102.5,112.5,117.5,,117.5,210.0,235.0,-250.0,,235.0,545.0,G,376.36,372.66,359.11,76.96,Yes,,,NSF,IPF,2023-06-10,Norway,,Askim Treningssenter,Askim SK Sommerstevne Askim,Yes
Dave Eyre,M,SBD,Single-ply,,,,Senior,90.0,90,,,,,149.69,,,,,113.4,,,,,204.12,467.2,1,302.09,298.26,285.85,51.55,,,,USPF,IPF,1983-06-24,USA,UT,Tooele,Utah Police Olympics,Yes
Jermil Andrei Ingan Gelbolingo,M,SBD,Raw,21.5,20-23,19-23,College,112.5,120,,,,,190.0,,,,,110.0,,,,,210.0,510.0,1,299.55,298.14,285.16,61.01,Yes,,,PAP,IPF,2024-06-01,Philippines,,,Luzon Classic Powerlifting Championships,Yes
Omar Tabaqchali,M,SBD,Raw,,,,MR-G,64.7,66,115.0,125.0,132.5,,132.5,67.5,72.5,-75.0,,72.5,165.0,180.0,-190.0,,180.0,385.0,G,306.19,307.34,298.93,60.65,Yes,England,GL,EPA,IPF,2024-07-07,England,,,South East Summer Divisional,Yes
Anthony Pacheco,M,SBD,Raw,32.5,24-34,24-39,MR-O,110.3,120,180.0,190.0,-200.0,,190.0,150.0,160.0,-170.0,,160.0,185.0,192.5,195.0,,195.0,545.0,1,322.46,320.46,306.31,65.78,Yes,USA,KY,USAPL,IPF,2017-01-28,USA,KY,,Kentucky Open Raw Championship,Yes
Rudolf Küster,M,SBD,Single-ply,40.0,40-44,40-49,Masters 1,132.5,125+,300.0,315.0,325.0,,325.0,137.5,145.0,-150.0,,145.0,302.5,312.5,317.5,,317.5,787.5,1,438.45,443.93,423.56,73.45,Yes,Germany,,EPF,IPF,1995-07-06,Spain,,Valencia,European Masters Powerlifting Championships,Yes
Tonya Power,F,SBD,Raw,,,40-49,Masters 1,101.6,84+,,,,,75.0,,,,,47.5,,,,,92.5,215.0,2,182.35,178.2,152.77,38.18,Yes,Canada,NL,CPU,IPF,2018-11-24,Canada,NL,Gander,Gander Championship,Yes
Kenneth Sandvik,M,SBD,Single-ply,34.5,24-34,24-39,Open,132.4,125+,,,,,402.5,,,,,295.0,,,,,320.0,1017.5,1,566.64,573.65,547.37,94.93,Yes,Finland,,SVNL,IPF,2010-02-27,Finland,,Äänekoski,Voimanoston SM-kisat,Yes
Diego Sebben,M,SBD,Single-ply,21.5,20-23,19-23,Junior,81.2,83,-210.0,-210.0,220.0,,220.0,110.0,120.0,-130.0,,120.0,230.0,-250.0,-250.0,,230.0,570.0,10,389.64,385.55,371.24,66.68,Yes,,,FIPL,IPF,2014-10-23,Italy,,Cecina,Coppa Italia a Squadre,Yes
Emily Yulissa Naidely Caal Caal,F,SBD,Raw,18.0,18-19,19-23,Open,60.36,63,102.06,104.33,106.6,,106.6,61.23,63.5,-65.77,,63.5,111.13,120.2,-127.01,,120.2,290.3,1,320.6,322.16,284.62,65.35,Yes,,,Fedepotencia,IPF,2023-02-11,Guatemala,,Coban Alta Verapaz,Campeonato Departamental Open Powerlifting -Alta Verapaz,Yes
Dotan Gorelov,M,SBD,Raw,19.0,18-19,19-23,Juniors,72.12,74,190.0,202.5,215.0,,215.0,125.0,132.5,-137.5,,132.5,235.0,-260.0,272.5,,272.5,620.0,1,456.34,454.34,439.74,92.25,Yes,Canada,ON,CPU,IPF,2024-10-26,Canada,ON,Ottawa,Ottawa Open,Yes
Kris Lord,M,SBD,Single-ply,19.0,18-19,19-23,Juniors,105.0,105,155.0,165.0,-170.0,,165.0,125.0,-130.0,-130.0,,125.0,205.0,215.0,-220.0,,215.0,505.0,1,304.56,301.76,288.16,51.62,Yes,,,NZPF,IPF,2011-06-11,New Zealand,CAN,Christchurch,South Island Powerlifting Championships,Yes
Gary Brewer,M,BD,Raw,29.5,24-34,24-39,MR-O,112.2,125,,,,,,,,,,145.0,,,,,255.0,400.0,1,235.17,234.02,223.8,,Yes,USA,,USAPL,IPF,2014-10-25,USA,GA,,GA & Southern States BP & PL Championships,Yes
Mykola Vlasyuk,M,SBD,Single-ply,22.5,20-23,19-23,Open,79.4,82.5,210.0,-225.0,225.0,,225.0,120.0,132.5,140.0,,140.0,200.0,220.0,-230.0,,220.0,585.0,8,405.19,401.29,386.78,69.36,Yes,Ukraine,,UkrainePF,IPF,2004-06-12,Ukraine,,Kyev,Kyev Powerlifting Championships,Yes
Yong-Soo Lee,M,SBD,Single-ply,38.0,35-39,24-39,Open,74.5,75,,,,,200.0,,,,,,,,,,,,DQ,,,,,Yes,South Korea,,IPF,IPF,2000-11-15,Japan,,Akita,Men's World Powerlifting Championships,Yes
Sabastian Diep,M,SBD,Raw,,,,Sub-Juniors,79.59,83,175.0,182.5,190.0,,190.0,-95.0,-100.0,100.0,,100.0,180.0,190.0,200.0,,200.0,490.0,2,338.91,335.61,323.45,69.29,Yes,Canada,BC,CPU,IPF,2023-12-17,Canada,BC,Pitt Meadows,Banger at the Hangar,Yes
Felix Paruzek,M,SBD,Raw,19.5,20-23,19-23,Open,91.3,93,157.5,167.5,172.5,,172.5,105.0,112.5,-117.5,,112.5,192.5,195.0,-200.0,,195.0,480.0,1,308.16,304.24,291.4,63.36,Yes,Australia,,APU,IPF,2019-02-24,Australia,QLD,Brisbane,UQ Open,Yes
Nicolas Leboucq,M,SBD,Raw,21.0,20-23,19-23,Juniors,102.5,105,155.0,160.0,165.0,,165.0,-115.0,115.0,-120.0,,115.0,-200.0,200.0,220.0,,220.0,500.0,1,304.54,301.4,287.8,62.43,Yes,,,FFForce,IPF,2016-11-20,France,,Péronne,Départemental FA PL Hauts-de-France,Yes
Todd Leuba,M,SBD,Single-ply,,,,Class II,90.0,90,,,,,202.5,,,,,170.0,,,,,235.0,607.5,1,392.81,387.82,371.69,67.04,,,,USPF,IPF,1986-03-01,USA,AR,El Dorado,Greater Mr. Arkansas Meet,Yes
Robin Stanley,F,SBD,Single-ply,,,,Open,82.5,82.5,,,,,120.2,,,,,52.16,,,,,138.35,310.71,1,288.38,279.63,244.77,49.22,,,,USPF,IPF,1981-07-26,USA,AL,Dothan,Region III Championships,Yes
Aleksey Kozlov #1,M,B,Single-ply,30.0,24-34,24-39,Open,96.4,100,,,,,,200.0,210.0,215.0,,215.0,,,,,,215.0,5,134.51,132.87,127.01,69.69,Yes,Russia,,FPR,IPF,2000-06-10,Russia,PER,Perm,Russian Bench Press Championships,Yes
Terje Akerholt,M,B,Single-ply,,,50-59,Masters 50-59,84.5,90,,,,,,,,,,90.0,,,,,,90.0,1,60.16,59.45,57.14,31.64,Yes,,,NSF,IPF,2003-09-13,Norway,,Holmestrand,Benkpress stevne,Yes
C. Bartlett,M,SBD,Single-ply,,,40-49,Open,90.0,90,,,,,222.5,,,,,160.0,,,,,260.0,642.5,4,415.44,410.17,393.11,70.9,,,,USPF,IPF,1981-05-23,USA,OK,Oklahoma City,Walter Thomas Novice/Women's/Open,Yes
Kennedy Ketzer,F,SBD,Single-ply,16.5,16-17,14-18,F-JV,75.4,82.5,132.5,140.0,-147.5,,140.0,72.5,77.5,85.0,,85.0,125.0,130.0,135.0,,135.0,360.0,1,349.65,341.1,299.98,59.28,Yes,USA,WI,USAPL,IPF,2017-03-29,USA,PA,Scranton,High School Raw & Equipped Nationals,Yes
Julie Marshall #1,F,SBD,Single-ply,,,,Open,54.4,56,80.0,90.0,100.0,,100.0,45.0,52.5,-57.5,,52.5,80.0,90.0,-100.0,,90.0,242.5,1,286.59,291.88,258.35,47.9,Yes,Australia,,PA,IPF,2009-03-28,Australia,QLD,Brisbane,Queensland Open,Yes
Elena Nikulina,F,SBD,Single-ply,20.5,20-23,19-23,Open,55.9,56,125.0,135.0,140.0,,140.0,55.0,60.0,62.5,,62.5,137.5,145.0,155.0,,155.0,357.5,6,414.88,421.23,372.61,69.38,Yes,Russia,,FPR,IPF,1998-04-09,Russia,MOW,Moscow,Russian Juniors Powerlifting Championships,Yes
Tyler Feranec,M,SBD,Single-ply,17.0,16-17,14-18,M-HS,69.17,75,,,,,,,,,,,,,,,,,DQ,,,,,Yes,,,USAPL,IPF,2007-03-09,USA,WI,Necedah,State High School Meet,Yes
Dustin Fraser,M,SBD,Raw,,24-34,,Open,92.1,93,,,,,235.0,,,,,127.5,,,,,255.0,617.5,2,394.74,389.72,373.15,81.17,Yes,Canada,SK,CPU,IPF,2017-05-20,Canada,SK,Regina,War of the West Invitational,Yes
Sharn Rowlands,F,SBD,Single-ply,17.0,16-17,14-18,F-E-U18,41.15,43,90.0,100.0,105.0,,105.0,35.0,-40.0,40.0,,40.0,90.0,100.0,107.5,,107.5,252.5,1,366.48,370.96,335.69,61.57,Yes,England,EM,EPA,IPF,2011-10-08,England,,Moulton,All England Powerlifting Championships,Yes
Mikhail Gachechiladze,M,SBD,Single-ply,40.5,40-44,40-49,Open,81.85,83,,,,,265.0,,,,,195.0,,,,,260.0,720.0,4,489.92,484.64,466.49,83.83,Yes,Russia,,FPR,IPF,2015-12-03,Russia,LEN,St. Petersburg,St. Petersburg Powerlifting Championships,Yes
Kaelin Reinsfield-Bree,M,SBD,Raw,19.0,18-19,19-23,Juniors,65.65,66,167.5,180.0,185.0,,185.0,112.5,117.5,120.0,,120.0,192.5,205.0,210.0,,210.0,515.0,2,405.11,406.15,394.76,80.51,Yes,,,NZPF,IPF,2024-09-16,New Zealand,WKO,Cambridge,National Championships,Yes
Tuomas Kari,M,SBD,Single-ply,,,,Open,56.0,56,,,,,150.0,,,,,82.5,,,,,160.0,392.5,2,351.31,357.31,350.32,59.55,Yes,,,SVNL,IPF,1986-10-25,Finland,,Kuopio,Nuorten 20 v. voimanoston SM-kisat,Yes
严岳东,M,SBD,Raw,,,,Open,111.0,120,245.0,270.0,,,270.0,140.0,-160.0,160.0,,160.0,-230.0,230.0,260.0,,260.0,690.0,1,407.28,404.95,387.14,83.04,Yes,,,IPF-China,IPF,2023-09-10,China,,Zhengzhou,郑州公开赛DK战队联赛,Yes
馬倉 実,M,SBD,Raw,50.0,50-54,50-59,Masters 2,82.65,83,210.0,222.5,-231.0,,222.5,125.0,130.0,-132.5,,130.0,195.0,202.5,210.0,,210.0,562.5,1,380.64,376.41,362.15,78.03,Yes,,,JPA,IPF,2016-09-17,Japan,,Okita,Japanese Masters Classic Powerlifting Championships,Yes
Steve Münn,M,B,Raw,28.0,24-34,24-39,Open,71.6,74,,,,,,-130.0,130.0,132.5,,132.5,,,,,,132.5,3,98.0,97.62,94.51,71.92,Yes,,,BVDK,IPF,2017-11-04,Germany,MV,Greifswald,DM RAW Bankdruecken,Yes
Tatu Sokka,M,SBD,Single-ply,15.5,16-17,14-18,Sub-Juniors,65.64,66,160.0,170.0,-180.0,,170.0,115.0,127.5,-130.0,,127.5,150.0,,,,150.0,447.5,1,352.06,352.96,343.07,60.17,Yes,Finland,,NordicPF,IPF,2012-04-14,Norway,,Skedsmokorset,Nordic Sub-Juniors & Juniors Powerlifting Championships,Yes
Kristin Savage,F,SBD,Raw,31.5,24-34,24-39,FR-O,79.1,84,125.0,-140.0,145.0,,145.0,85.0,95.0,100.0,,100.0,125.0,145.0,150.0,,150.0,395.0,4,374.3,363.74,319.19,76.48,Yes,USA,OH,USAPL,IPF,2017-06-03,USA,OH,,Ohio State Championships,Yes
Jasvinder Singh Cheema,M,B,Single-ply,,,,M-O,82.4,83,,,,,,190.0,200.0,-205.0,,200.0,,,,,,200.0,1,135.57,134.08,129.02,71.56,Yes,England,WM,BP,IPF,2022-01-23,England,,Horncastle,British Equipped Bench Press Championships,Yes
Emelie Åslund,F,B,Raw,28.0,24-34,24-39,Open,46.05,47,,,,,,80.0,85.0,92.5,,92.5,,,,,,92.5,1,123.08,126.23,112.71,100.38,Yes,Sweden,,IPF,IPF,2023-05-20,South Africa,,Sun City,World Classic & Equipped Bench Press Championships,Yes
Charlie Tyrrestrup,M,B,Single-ply,15.5,16-17,14-18,Open,78.0,82.5,,,,,,,,,,97.5,,,,,,97.5,7,68.26,67.66,65.26,36.36,Yes,,,DSF,IPF,2005-08-27,Denmark,,Rødby,SM Bænkpres,Yes
Udo Thielking,M,SBD,Raw,59.0,55-59,50-59,Masters 2,128.7,120+,175.0,190.0,205.0,,205.0,145.0,152.5,160.0,,160.0,215.0,230.0,240.0,,240.0,605.0,1,339.8,342.81,327.67,68.25,Yes,Germany,HE,BVDK,IPF,2020-08-15,Germany,HE,Kassel,Hessische Landesmeisterschaft,Yes
Bryce Paszkiewicz,M,SBD,Raw,19.5,20-23,19-23,MR-O,62.9,66,135.0,145.0,152.5,,152.5,87.5,92.5,97.5,,97.5,187.5,197.5,210.0,,210.0,460.0,1,373.86,376.18,366.41,73.56,Yes,USA,IL,USAPL,IPF,2017-11-11,USA,IL,,The Beast of the Metro East,Yes
Katherine Singletary,F,SBD,Single-ply,31.0,24-34,24-39,F-O,59.9,60,,,,,155.0,,,,,85.0,,,,,152.5,392.5,1,435.56,438.16,387.14,72.97,Yes,USA,,USAPL,IPF,2009-11-14,USA,TX,Austin,Longhorn Open,Yes
Corey Boundford,M,SBD,Raw,19.0,18-19,19-23,MR-O,90.8,93,200.0,-207.5,-207.5,,200.0,110.0,117.5,122.5,,122.5,240.0,252.5,260.0,,260.0,582.5,4,374.98,370.21,354.67,77.1,Yes,Wales,,WelshPA,IPF,2024-02-18,Wales,,Saltney Ferry,North Wales Championships,Yes
Sonya Heenan,F,SBD,Raw,47.5,45-49,40-49,FR-O,49.5,52,65.0,70.0,72.5,,72.5,55.0,-60.0,60.0,,60.0,92.5,97.5,102.5,,102.5,235.0,2,296.58,304.19,270.25,62.0,Yes,USA,MD,USAPL,IPF,2016-03-05,USA,MD,,Terrapin Open,Yes
Peter Strong,M,SBD,Raw,33.5,24-34,24-39,MR-O,104.3,105,225.0,230.0,240.0,,240.0,120.0,125.0,-135.0,,125.0,200.0,205.0,-215.0,,205.0,570.0,4,344.7,341.41,326.0,70.59,Yes,USA,IL,USAPL,IPF,2018-10-07,USA,IL,,Chicagoland Men's Raw Novice,Yes
Phil Richards,M,SBD,Single-ply,,,50-59,M-M2,73.0,74,312.5,,,,312.5,,,,,,,,,,,,DQ,,,,,Yes,,,WelshPA,IPF,2024-04-14,Wales,,,Welsh Championships,Yes
Antonín Pavlovec,M,SBD,Single-ply,26.5,24-34,24-39,Open,98.0,100,,,,,225.0,,,,,152.5,,,,,230.0,607.5,3,377.26,372.79,356.2,64.16,Yes,Czechia,,CSST,IPF,2008-02-09,Czechia,,Krnov,Mistrovství Severní Moravy v Silovém Trojboji - Mužů a Žen,Yes
Alexander Koblov,M,B,Single-ply,42.5,40-44,40-49,Masters 1,109.7,110,,,,,,210.0,222.5,232.5,,232.5,,,,,,232.5,2,137.84,136.94,130.87,70.81,Yes,Russia,,EPF,IPF,2001-08-03,Hungary,,Gönyü,European Masters Bench Press Championships,Yes
K. Cliff,M,SBD,Single-ply,18.5,18-19,,Teen 18-19,110.0,110,,,,,238.14,,,,,131.54,,,,,217.72,587.4,2,347.9,345.68,330.38,58.82,,,,USPF,IPF,1984-04-15,USA,IL,Chicago,Illionois Teenage Championships,Yes
Greg Stewart,M,SBD,Raw,,,40-49,M-C-M1,85.2,93,140.0,150.0,-160.0,,150.0,115.0,117.5,120.0,,120.0,167.5,177.5,185.0,,185.0,455.0,2,302.76,299.15,287.41,62.16,Yes,,,ScottishPL,IPF,2015-11-15,Scotland,,,Masters Championship,Yes
Tapio Ruohonen,M,SBD,Single-ply,68.5,65-69,60-69,Over 60,121.23,120+,105.0,120.0,,,120.0,90.0,100.0,,,100.0,150.0,170.0,,,170.0,390.0,3,223.23,223.7,214.36,37.55,Yes,Finland,,SVNL,IPF,2019-02-09,Finland,,Pornainen,Varustevoimanoston SM,Yes
Aron Friðrik Georgsson,M,SBD,Raw,33.5,24-34,24-39,Open,118.7,120,280.0,300.0,307.5,,307.5,180.0,-190.0,190.0,,190.0,270.0,-280.0,-280.0,,270.0,767.5,1,442.39,442.39,423.86,89.64,Yes,Iceland,,KRAFT,IPF,2023-03-04,Iceland,,Garðabær,ÍM í klassískum kraftlyftingum,Yes
C. Fowler,M,SBD,Single-ply,,,,Natural,67.5,67.5,,,,,182.5,,,,,107.5,,,,,210.0,500.0,2,385.37,385.51,374.21,65.92,,,,USPF,IPF,1984-02-12,USA,OH,Ravenna,Ohio State Championships,Yes
Conrad Larsen,M,D,Raw,20.0,20-23,19-23,MR-Jr,72.1,75,,,,,,,,,,,212.5,-227.5,-232.5,,212.5,212.5,1,156.44,155.75,150.75,,Yes,,,USAPL,IPF,2009-03-07,USA,WA,,Washington State Championships,Yes
Michael Wynn,M,SBD,Raw,,,,M-C-U23,82.0,83,195.0,-205.0,205.0,,205.0,115.0,-130.0,130.0,,130.0,220.0,232.5,-245.0,,232.5,567.5,1,385.75,381.57,367.24,79.04,Yes,England,NW,EPA,IPF,2018-03-17,England,,Clatterbridge,North West Junior Championships,Yes
Igor Valikovskiy,M,SBD,Single-ply,23.5,24-34,24-39,Open,101.26,105,,,,,315.0,,,,,190.0,,,,,325.0,830.0,8,508.14,502.65,480.01,86.28,Yes,,,FPR,IPF,2017-04-30,Russia,MOW,Moscow,Moscow Lights Tournament,Yes
Gregor Annuk,M,SBD,Raw,17.5,18-19,14-18,Sub-Juniors,98.65,105,,,,,177.5,,,,,135.0,,,,,240.5,553.0,1,342.41,338.41,323.31,70.31,Yes,Estonia,,EJTL,IPF,2017-10-28,Estonia,,Tartu,EMV klassikalises jõutõstmises,Yes
Katja V Kronborg,F,SBD,Raw,24.5,24-34,24-39,Open,75.44,84,145.0,155.0,160.0,,160.0,75.0,-80.0,80.0,,80.0,155.0,170.0,-175.0,,170.0,410.0,4,398.1,388.34,341.53,81.12,Yes,,,DSF,IPF,2018-04-06,Denmark,,Thisted,DM Klassisk,Yes
Alexander Eriksson #1,M,SBD,Single-ply,17.5,18-19,14-18,Sub-Juniors,73.0,74,,,,,225.0,,,,,130.0,,,,,225.0,580.0,1,423.47,421.29,407.54,72.52,Yes,Sweden,,SSF,IPF,2012-03-10,Sweden,,,U/J-SM Styrkelyft,Yes
Marieke Froissart,F,D,Raw,28.0,24-34,24-39,Open,54.6,,,,,,,,,,,,90.0,95.0,100.0,,100.0,100.0,3,117.89,120.02,106.22,,Yes,,,FFForce,IPF,2019-02-02,France,,Pontoise,Eliminatoires Jean Villenave Ile de France,Yes
Judith Meerding,F,SBD,Single-ply,28.5,24-34,24-39,Open,62.4,67.5,142.5,-150.0,-150.0,,142.5,87.5,-97.5,-97.5,,87.5,,,,,,,DQ,,,,,Yes,Netherlands,,NPB,IPF,2010-02-28,Netherlands,NB,Cuijk,Dutch Powerlifting Championships,Yes
Stig Benserud,M,SBD,Single-ply,,,,Open,85.6,90,,,,,225.0,,,,,130.0,,,,,227.5,582.5,2,386.62,381.96,366.9,66.08,Yes,,,NSF,IPF,2002-03-02,Norway,,Sande,Kretsstevne,Yes
Tom Evill,M,SBD,Single-ply,24.0,24-34,24-39,Open,85.65,93,220.0,232.5,242.5,,242.5,120.0,130.0,135.0,,135.0,265.0,287.5,292.5,,292.5,670.0,1,444.55,439.2,421.87,75.98,Yes,Australia,,PA,IPF,2013-09-14,Australia,NSW,Toronto,Toronto Open Championships,Yes
Bob Seymour #1,M,B,Raw,,,,Novice,82.5,82.5,,,,,,,,,,127.5,,,,,,127.5,1,86.37,85.41,82.18,64.24,,,,USPF,IPF,1982-10-23,USA,CA,N. Highland,North California Open & Novice Bench Press,Yes
Sergey Korzhavin,M,SBD,Single-ply,29.5,24-34,24-39,Open,145.05,125+,,,,,370.0,,,,,252.5,,,,,350.0,972.5,2,527.75,540.64,512.45,88.19,Yes,Russia,,FPR,IPF,2008-01-18,Russia,MOW,Moscow,Moscow City Powerlifting Championships,Yes
Annelie Izindre,F,B,Single-ply,39.0,35-39,24-39,Open,62.4,63,,,,,,,,,,100.0,,,,,,100.0,3,108.18,108.18,95.53,60.71,Yes,Sweden,,SSF,IPF,2011-11-26,Sweden,,,BP SM,Yes
Sylvie Mingot,F,B,Single-ply,42.5,40-44,40-49,Open,55.09,57,,,,,,117.5,-122.5,-125.0,,117.5,,,,,,117.5,3,137.69,140.04,123.91,77.8,Yes,France,,IPF,IPF,2012-05-21,Czechia,,Pilsen,World Bench Press Championships,Yes
Angela Teal,F,SBD,Raw,46.0,45-49,40-49,FR-M1,63.7,72,82.5,90.0,92.5,,92.5,50.0,-55.0,-55.0,,50.0,95.0,100.0,105.0,,105.0,247.5,3,264.41,263.6,232.73,53.77,Yes,USA,WA,USAPL,IPF,2018-02-17,USA,WA,,Washington State Championship,Yes
Jackie Blasbery,F,SBD,Raw,61.0,60-64,60-69,FR-O,83.7,84,70.0,85.0,100.0,,100.0,60.0,70.0,75.0,,75.0,100.0,125.0,150.0,,150.0,325.0,1,299.56,290.34,253.89,61.46,Yes,England,,EPA,IPF,2025-04-27,England,EM,South Woodham Ferrers,EM Masters & Novice Championships,Yes
Marvin Üürike,M,SBD,Single-ply,16.5,16-17,14-18,Sub-Juniors,57.7,60,,,,,80.0,,,,,70.0,,,,,100.0,250.0,1,218.03,221.12,216.41,37.04,Yes,,,EJTL,IPF,2009-10-17,Estonia,,Kõrveküla,Estonian Juniors & Sub-Juniors Powerlifting Championships,Yes
Mayya Panova,F,SBD,Raw,13.5,13-15,14-18,Open,51.8,52,,,,,65.0,,,,,42.5,,,,,95.0,202.5,3,247.49,253.2,224.47,51.3,Yes,,,FPR,IPF,2012-12-06,Russia,KGD,Lamyshin,South & North Caucasus Powerlifting Championships,Yes
Heljer Hammari,M,SBD,Raw,,18-19,14-18,Teen 14-18,68.6,74,135.0,145.0,157.5,,157.5,100.0,107.5,115.0,,115.0,170.0,185.0,200.0,,200.0,472.5,2,359.99,359.67,348.87,72.17,Yes,,,NSF,IPF,2024-05-18,Norway,,Alta,Alta AK Klubbstevne,Yes
Ivan Davydov,M,SBD,Single-ply,17.5,18-19,14-18,Sub-Juniors,78.3,83,,,,,145.0,,,,,100.0,,,,,152.5,397.5,2,277.64,275.14,265.35,47.54,Yes,Russia,,FPR,IPF,2015-03-21,Russia,IRK,Irkutsk,Irkutsk Powerlifting Championships,Yes
Martin Ellis-White,M,SBD,Single-ply,,,,Open,125.0,125,,,,,277.5,,,,,167.5,,,,,270.0,715.0,1,405.23,407.44,389.91,68.06,Yes,Canada,BC,CPU,IPF,1995-11-05,Canada,BC,Vancouver,Fall Classic,Yes
L. Tilly,M,SBD,Single-ply,,,,Class I,82.5,82.5,,,,,225.0,,,,,127.5,,,,,257.5,610.0,1,413.21,408.64,393.19,70.69,,,,USPF,IPF,1981-10-31,USA,MS,Gulfport,Gulfport Novice/Class I/Masters,Yes
Taos Taylor,M,SBD,Single-ply,,,,Open,67.5,67.5,,,,,190.0,,,,,120.0,,,,,220.0,530.0,2,408.5,408.64,396.66,69.87,,,,USPF,IPF,1994-03-26,USA,OK,Tulsa,Collegiate Nationals,Yes
Neringa Taraskevičienė,F,SBD,Single-ply,,,,Open,88.4,72+,95.0,102.5,-107.5,,102.5,55.0,60.0,-62.5,,60.0,110.0,120.0,-127.5,,120.0,282.5,4,253.88,245.97,214.15,43.57,Yes,,,LJTF,IPF,2019-11-16,Lithuania,,Rokiskis,National Cup,Yes
Margetta Salminen,F,B,Raw,29.5,24-34,24-39,Open,60.0,60,,,,,,,,,,77.5,,,,,,77.5,4,85.91,86.4,76.34,66.58,Yes,Finland,,IPF,IPF,1991-12-15,Germany,,Rüsselsheim,World Bench Press Championships,Yes
Daniil Maksimenko,M,B,Raw,12.5,13-15,,Sub-Juniors,48.4,53,,,,,,-35.0,-35.0,35.0,,35.0,,,,,,35.0,3,35.97,37.11,36.69,23.61,Yes,,,FPR,IPF,2019-10-12,Russia,NIZ,Nizhny Novgorod,President of the SFNP Bench Press Tournament,Yes
Dmitriy Zaytsev,M,SBD,Single-ply,18.5,18-19,19-23,Juniors,80.0,82.5,,,,,320.0,,,,,172.5,,,,,295.0,787.5,1,543.02,537.63,518.02,92.95,Yes,,,KPF,IPF,2001-03-16,Kazakhstan,,Almaty,Kazakhstan Powerlifting Championships,Yes
Rudy Agus,M,SBD,Raw,43.0,40-44,40-49,Master I,87.59,93,200.0,212.5,217.5,,217.5,110.0,117.5,122.5,,122.5,265.0,-287.5,-292.5,,265.0,605.0,2,396.68,391.75,375.9,81.52,Yes,Italy,,FIPL,IPF,2017-06-09,Italy,,Taneto di Gattatico,III Campionato Classic di Powerlifting,Yes
Yuriy Savenko,M,SBD,Single-ply,19.5,20-23,19-23,Juniors,107.85,110,270.0,-280.0,-280.0,,270.0,170.0,180.0,190.0,,190.0,250.0,260.0,-280.0,,260.0,720.0,3,429.66,426.36,407.29,72.72,Yes,Russia,,FPR,IPF,2001-03-22,Russia,KEM,Kemerovo,Russian Juniors Powerlifting Championships,Yes
Aleksey Vetrov,M,B,Raw,25.5,24-34,24-39,Open,81.5,83,,,,,,120.0,-127.5,127.5,,127.5,,,,,,127.5,12,86.97,86.05,82.84,64.65,Yes,,,FPR,IPF,2016-09-30,Russia,LEN,St. Petersburg,St. Petersburg Classic Bench Press Championships,Yes
Adam Loughnane,M,SBD,Raw,,,,M-O,80.7,83,,,,,202.5,,,,,122.5,,,,,250.0,575.0,1,394.47,390.42,376.03,80.74,Yes,Ireland,,IrishPF,IPF,2019-02-16,Ireland,,Leinster,Leinster Championships,Yes
Mary Santagiuliana,F,D,Raw,45.5,45-49,40-49,Master I,84.61,84+,,,,,,,,,,,115.0,125.0,130.0,,130.0,130.0,3,119.21,115.51,100.93,,Yes,,,FIPL,IPF,2018-02-23,Italy,,Vaiano,18° Campionato Italiano di Stacco e 4° Campionato Classic Raw di Stacco,Yes
Eric Jioje Hanfakaga,M,SBD,Single-ply,41.5,40-44,40-49,Open,103.4,110,230.0,-245.0,-250.0,,230.0,145.0,155.0,-160.0,,155.0,210.0,220.0,230.0,,230.0,615.0,3,373.23,369.52,352.84,63.31,Yes,Fiji,,OceaniaPF,IPF,2010-12-10,Samoa,,Apia,Oceania Powerlifting and Bench Press Championships,Yes
Julia Martinez Soría,F,SBD,Raw,22.5,20-23,19-23,JUN,67.4,69,120.0,130.0,140.0,,140.0,57.5,62.5,65.0,,65.0,142.5,150.0,155.0,,155.0,360.0,1,371.98,367.81,324.47,75.58,Yes,,,AEP,IPF,2022-02-05,Spain,,,VII Campeonato de la Asociación de Powerlifting de Madrid,Yes
Hans Arild Wass,M,B,Single-ply,,18-19,14-18,Teen 14-18,67.4,67.5,,,,,,130.0,137.5,-142.5,,137.5,,,,,,137.5,1,106.09,106.14,103.04,58.4,Yes,,,NSF,IPF,1989-08-26,Norway,,Sandnes,NM benkpress,Yes
T. Odom,M,D,Single-ply,,,,<Class III,82.5,82.5,,,,,,,,,,,,,,,235.0,235.0,1,159.19,157.43,151.48,,,,,USPF,IPF,1985-07-28,USA,TX,Brownwood,Brownwood Open BP / DL,Yes
Mikhail Dosiy,M,SBD,Single-ply,30.5,24-34,24-39,Open,104.9,105,,,,,255.0,,,,,210.0,,,,,250.0,715.0,3,431.38,427.39,408.12,73.11,Yes,Russia,,FPR,IPF,2015-05-02,Russia,MUR,Murmansk,Murmansk Oblast Powerlifting Championships,Yes
Bjørn Hansen,M,SBD,Single-ply,,,40-49,Masters 40-49,130.0,125+,220.0,240.0,250.0,,250.0,145.0,155.0,160.0,,160.0,220.0,240.0,250.0,,250.0,660.0,1,369.56,373.29,356.6,61.96,Yes,Norway,,NSF,IPF,1991-04-24,Norway,,,Seriestevne,Yes
Kristopher Malatinka,M,SBD,Raw,,,19-23,Juniors,79.65,83,145.0,155.0,167.5,,167.5,95.0,102.5,105.0,,105.0,185.0,200.0,215.0,,215.0,487.5,3,337.03,333.74,321.63,68.91,Yes,Canada,BC,CPU,IPF,2024-06-15,Canada,BC,Kamloops,Twin Rivers Strengthfest,Yes
Amanda Fors,F,SBD,Raw,,,,Open,68.1,69,,,,,155.0,,,,,105.0,,,,,187.5,447.5,5,459.65,453.85,400.3,93.4,Yes,,,SSF,IPF,2025-02-06,Sweden,,,SM Klassisk Styrkelyft,Yes
JohnKyle Buckley,M,SBD,Raw,18.0,18-19,19-23,MR-T,71.2,74,-192.5,-200.0,200.0,,200.0,-97.5,102.5,107.5,,107.5,192.5,202.5,-222.5,,202.5,510.0,2,378.64,377.31,365.38,76.39,Yes,USA,MS,USAPL,IPF,2020-02-08,USA,MS,,Mississippi Championship,Yes
G. Fritts,M,B,Raw,,,,Class 3,67.5,67.5,,,,,,,,,,115.0,,,,,,115.0,2,88.64,88.67,86.07,64.44,,,,USPF,IPF,1985-06-22,USA,KS,Wichita,Wichita Open,Yes
Terry Vine,M,SBD,Raw,,,40-49,M-C-M1,67.8,74,65.0,-75.0,80.0,,80.0,50.0,-60.0,65.0,,65.0,60.0,70.0,85.0,,85.0,230.0,1,176.71,176.71,171.49,35.35,Yes,England,SW,EPA,IPF,2015-06-21,England,,Woking,Kent Surrey & Sussex Championships,Yes
Aiber Campilan,F,SBD,Raw,20.5,20-23,19-23,Juniors,52.0,52,,,,,110.0,,,,,55.0,,,,,110.0,275.0,1,335.2,342.83,303.88,69.44,Yes,New Zealand,,NZPF,IPF,2015-09-27,New Zealand,OTA,Dunedin,NZ Record Breakers,Yes
Urs Untiedt,M,SBD,Raw,24.5,24-34,24-39,Open,108.95,120,272.5,287.5,-292.5,,287.5,165.0,170.0,-172.5,,170.0,275.0,290.0,-307.5,,290.0,747.5,19,444.33,441.21,421.58,90.73,Yes,,,BVDK,IPF,2025-04-25,Germany,HE,Frankfurt am Main,Deutsche Meisterschaft der Aktiven Classic,Yes
Umeyo Kunihiro,F,SBD,Single-ply,35.5,35-39,24-39,Open,60.3,67.5,,,,,152.5,,,,,95.0,,,,,185.0,432.5,4,477.94,480.33,424.37,80.09,Yes,Japan,,IPF,IPF,1989-07-20,Germany,,Karlsruhe,World Games,Yes
Albin Eriksson,M,B,Raw,21.5,20-23,19-23,Juniors,91.3,93,,,,,,,,,,155.0,,,,,,155.0,2,99.51,98.24,94.1,74.21,Yes,,,SSF,IPF,2020-02-14,Sweden,,,Junior SM Klassisk Bänkpress,Yes
Nelson Neto,M,B,Raw,30.5,24-34,24-39,Open,104.0,105,,,,,,2.5,,,,2.5,,,,,,2.5,5,1.51,1.5,1.43,1.12,Yes,Brazil,,CBLB,IPF,2022-10-08,Brazil,PR,São José dos Pinhais,Campeonato Paranaense de Supino e Terra,Yes
Sabina Materek,F,SBD,Raw,22.5,20-23,19-23,Seniorki,62.38,63,142.5,150.0,152.5,,152.5,70.0,75.0,77.5,,77.5,140.0,147.5,152.5,,152.5,382.5,1,413.88,413.88,365.51,84.22,Yes,Poland,,PZKFiTS,IPF,2022-09-09,Poland,,Będzin,Mistrzostwa Polski w Trójboju Siłowym Klasycznym,Yes
Pavel Ivolgin,M,B,Single-ply,42.5,40-44,40-49,Masters 1,85.8,93,,,,,,130.0,140.0,147.5,,147.5,,,,,,147.5,1,97.78,96.59,92.78,51.31,Yes,Russia,,FPR,IPF,2018-02-24,Russia,LEN,St. Petersburg,St. Petersburg Bench Press Championships,Yes
Stefan Victor Tataru,M,SBD,Raw,,,,Junior II,92.9,93,,,,,137.5,,,,,105.0,,,,,210.0,452.5,5,288.05,284.4,272.21,59.23,Yes,,,FRPL,IPF,2024-09-16,Romania,,Alba Iulia,Campionatul National,Yes
Jorma Lempinen,M,SBD,Single-ply,,,,Open,67.5,67.5,,,,,180.0,,,,,130.0,,,,,220.0,530.0,6,408.5,408.64,396.66,69.87,Yes,Finland,,SVNL,IPF,1978-03-04,Finland,,Porvoo,Miesten voimanoston SM -kisat,Yes
Jasmin Parmar,F,SBD,Raw,,,19-23,Juniors,61.24,63,-90.0,-90.0,-90.0,,,,,,,,,,,,,,DQ,,,,,Yes,Canada,ON,CPU,IPF,2022-06-04,Canada,ON,Belleville,Redemption Powerlifting,Yes
Darren Sullivan,M,SBD,Single-ply,,,,Open,82.5,82.5,,,,,182.5,,,,,87.5,,,,,187.5,457.5,3,309.91,306.48,294.9,53.02,,,,USPF,IPF,1984-12-08,USA,MO,St. Louis,Missouri State Meet,Yes
Lisa Rosario,F,SBD,Raw,21.5,20-23,19-23,FR-Jr,61.5,63,115.0,122.5,-127.5,,122.5,-67.5,67.5,70.0,,70.0,135.0,142.5,-145.0,,142.5,335.0,1,365.67,366.44,323.67,74.46,Yes,USA,CA,USAPL,IPF,2017-04-29,USA,CA,,California State Championship,Yes
Dennis Pratt,M,SBD,Single-ply,,45-49,40-49,Masters,67.5,67.5,,,,,147.5,,,,,112.5,,,,,170.0,430.0,1,331.42,331.54,321.82,56.69,,,,USPF,IPF,1991-11-09,USA,WV,Parkersburg,Mountaineer Open,Yes
Norunn Nielsen Holmvik,F,SBD,Raw,30.5,24-34,24-39,Open,54.8,57,92.5,102.5,-107.5,,102.5,42.5,47.5,50.0,,50.0,110.0,117.5,-122.5,,117.5,270.0,1,317.52,323.12,285.95,65.29,Yes,Norway,,NSF,IPF,2014-04-05,Norway,,Odderneshallen,Klubbstevne styrkeløft/benkpress,Yes
Clark,M,SBD,Single-ply,,,,Seniors,75.0,75,,,,,157.5,,,,,185.0,,,,,155.0,497.5,4,356.92,354.5,342.53,61.12,,,,USPF,IPF,1984-01-28,USA,MD,,Maryland State Meet,Yes
Evgeniy Kozlov,M,B,Raw,67.5,65-69,60-69,Open,91.95,93,,,,,,130.0,137.5,-140.0,,137.5,,,,,,137.5,11,87.97,86.85,83.16,65.6,Yes,Russia,,FPR,IPF,2019-07-04,Russia,MOW,Moscow,Moscow City Bench Press Cup,Yes
Emily Ye,F,B,Raw,25.5,24-34,24-39,FR-O,79.7,84,,,,,,67.5,70.0,75.0,,75.0,,,,,,75.0,1,70.8,68.77,60.32,56.75,Yes,USA,WA,USAPL,IPF,2017-05-13,USA,WA,,Team Cup Challenge,Yes
Mariya Kuzina,F,SBD,Single-ply,22.5,20-23,19-23,Open,46.9,47,,,,,90.0,,,,,35.0,,,,,100.0,225.0,2,295.34,303.07,270.21,49.38,Yes,,,FPR,IPF,2015-10-24,Russia,NIZ,Trans-Volga,Nizhny Novgorod Oblast Powerlifting Championships,Yes
Kamil Olszok,M,SBD,Raw,20.5,20-23,19-23,Juniorzy do lat 23,82.1,83,190.0,-200.0,-200.0,,190.0,125.0,-130.0,-130.0,,125.0,210.0,220.0,225.0,,225.0,540.0,5,366.8,362.81,349.17,75.16,Yes,,,PZKFiTS,IPF,2022-03-11,Poland,,Kielce,Puchar Polski w Trójboju Siłowym Klasycznym,Yes
Evelin Nagy,F,B,Raw,14.5,13-15,14-18,Juniors,52.6,57,,,,,,25.0,27.5,-30.0,,27.5,,,,,,27.5,5,33.25,33.98,30.11,26.06,Yes,,,Hunpower,IPF,2023-03-06,Hungary,,Békéscsaba,Hungarian Student Bench Press Championships,Yes
Aleksey Babin,M,B,Single-ply,27.5,24-34,24-39,Open,99.6,100,,,,,,240.0,247.5,-255.0,,247.5,,,,,,247.5,2,152.61,150.87,144.11,78.85,Yes,,,FPR,IPF,2003-06-06,Russia,PER,Perm,Russian Bench Press Championships,Yes
Babneet Dhillon,M,SBD,Raw,23.0,20-23,24-39,MR-Jr,92.1,93,215.0,227.5,237.5,,237.5,132.5,-140.0,-140.0,,132.5,270.0,287.5,300.0,,300.0,670.0,2,428.3,422.85,404.87,88.07,Yes,USA,CA,USAPL,IPF,2019-05-25,USA,CA,Mountain View,Boss of NorCal 10,Yes
Ricky Gates,M,SBD,Single-ply,,20-23,,Juniors,119.1,125,,,,,200.0,,,,,137.5,,,,,220.0,557.5,2,320.98,321.09,307.66,54.04,Yes,England,,BAWLA,IPF,2007-01-11,UK,,,British Junior Championships,Yes
Yousif Kettanah,M,SBD,Raw,,,,Open,82.9,83,,,,,182.5,,,,,97.5,,,,,205.0,485.0,4,327.64,323.97,311.65,67.18,Yes,Canada,AB,CPU,IPF,2014-10-04,Canada,AB,Calgary,Western Canadian Championship,Yes
Rafaela Maia Sa Reis,F,SBD,Raw,26.5,24-34,24-39,Open,78.23,84,155.0,162.5,170.0,,170.0,77.5,-82.5,-82.5,,77.5,160.0,172.5,180.0,,180.0,427.5,1,407.37,396.18,347.85,83.17,Yes,Netherlands,,KNKF-SP,IPF,2024-11-30,Netherlands,,Eindhoven,Lichtstad Cup,Yes
Pau Badia Pérez,M,SBD,Raw,24.5,24-34,24-39,Open,82.63,83,160.0,167.5,-175.0,,167.5,100.0,105.0,110.0,,110.0,190.0,210.0,222.5,,222.5,500.0,23,338.39,334.64,321.96,69.37,Yes,,,AEP,IPF,2023-01-21,Spain,,Malgrat de Mar Barcelona,I Copa Catalana,Yes
Annelie Izindre,F,SBD,Single-ply,50.0,50-54,50-59,Masters 2,60.4,63,140.0,-150.0,150.0,,150.0,97.5,-102.5,-102.5,,97.5,130.0,140.0,152.5,,152.5,400.0,1,441.57,443.67,391.97,74.0,Yes,Sweden,,EPF,IPF,2022-07-06,Sweden,,Eskilstuna,European Masters Equipped Powerlifting Championships,Yes
Tom Holmes,M,SBD,Raw,31.0,24-34,24-39,MR-O,89.75,93,152.5,160.0,165.0,,165.0,100.0,105.0,107.5,,107.5,200.0,205.0,210.0,,210.0,482.5,6,312.42,308.46,295.67,64.23,Yes,England,SW,EPA,IPF,2025-06-28,England,SW,Cheltenham,ST Summer Showdown,Yes
Noémie Allabert,F,SBD,Raw,32.5,24-34,24-39,Open,52.0,52,-162.5,162.5,-170.0,,162.5,82.5,87.5,-90.0,,87.5,187.5,195.0,200.0,,200.0,450.0,2,548.51,560.99,497.26,113.63,Yes,France,,IPF,IPF,2023-06-11,Malta,,St. Julians,World Classic Powerlifting Championships,Yes
Lisa Hicks,F,SBD,Raw,19.5,20-23,19-23,FR-O,83.8,84,100.0,107.5,112.5,,112.5,65.0,70.0,-75.0,,70.0,120.0,127.5,130.0,,130.0,312.5,1,287.87,279.0,243.96,59.07,Yes,England,SW,EPA,IPF,2013-05-10,England,SW,,South West Open Championships,Yes
Valentin Nikolaev,M,SBD,Raw,34.5,24-34,24-39,Open,91.3,93,,,,,225.0,,,,,155.0,,,,,270.0,650.0,3,417.3,411.99,394.61,85.8,Yes,Russia,,FPR,IPF,2021-04-02,Russia,LEN,St. Petersburg,St. Petersburg Classic Powerlifting Cup,Yes
Janne Jääskeläinen,M,B,Raw,41.0,40-44,40-49,Open,138.0,120+,,,,,,180.0,190.0,200.0,,200.0,,,,,,200.0,1,110.05,112.01,106.57,79.69,Yes,Finland,,SVNL,IPF,2023-11-11,Finland,,Tampere,Tammelan 600-vuotta klassinen penkkipunnerruskilpailu,Yes
